Redshift,ZERR
0.00100147,3.687552e-05
0.001004755,5.49275e-06
0.001008891,0.0004215139
0.001012201,0.0008617971
0.001016061,1.269727e-05
0.001022319,1.557106
0.001026285,1.216106e-05
0.001026545,0.6592627
0.001029848,1.19135
0.001032104,2.608121e-05
0.001034165,1.171654e-05
0.001035101,0.04497555
0.001035823,0.1422413
0.001036206,0.0001275157
0.001037845,0.008741098
0.001038725,0.05647505
0.001038808,1.858483e-05
0.001038836,1.170718e-05
0.001043082,0.4058291
0.001047168,1.679987e-05
0.001054784,7.717801e-05
0.001072822,1.329406e-05
0.001084286,7.7038e-05
0.001093942,1.036193e-05
0.00110325,2.352132e-05
0.001106286,1.128798e-05
0.001120024,3.172494e-05
0.00112016,8.960998e-06
0.001125895,2.014618e-05
0.001130472,1.399913e-05
0.001161389,0.0001414981
0.00116146,1.181034e-05
0.001172486,0.0001377804
0.001176372,2.992414e-05
0.001188643,0.0002046103
0.001197032,3.149333e-05
0.001206173,0.0001037117
0.001232125,1.396929e-05
0.001250387,2.591153e-05
0.00125148,2.843176e-05
0.001253873,0.6892623
0.001255676,2.062183e-05
0.00125982,0.4309477
0.001261738,0.3961051
0.001264066,2.25544e-05
0.001267334,0.0004691345
0.001271684,0.09525766
0.001272618,0.4739312
0.001276533,0.0001917586
0.001280837,1.809667e-05
0.001305966,0.0001784588
0.001341067,9.449288e-06
0.001341857,0.0001735684
0.001359165,1.148955e-05
0.001387349,0.0002055933
0.001446462,0.0001552493
0.001480935,0.0001911276
0.001492093,2.19225e-05
0.001493078,2.166166e-05
0.001504674,0.5909206
0.001510554,1.666221e-05
0.00158706,0.0001733079
0.001610761,0.0001176718
0.001616811,2.067999e-05
0.001628966,0.0001700009
0.0016441,7.52242e-05
0.001647058,4.106657e-05
0.001718066,1.26372
0.001719655,0.1543411
0.001722613,0.02972665
0.001730025,0.1405167
0.001731378,0.3426902
0.00173141,0.5220343
0.00173448,0.5659939
0.001735879,0.4279899
0.00175864,2.154132
0.001767937,3.982435
0.001945031,1.742325
0.001954284,2.213419e-05
0.001956311,0.1489393
0.001956754,0.06606809
0.001962423,0.3738114
0.001965067,1.916071
0.001965715,0.3254545
0.001968001,1.274324e-05
0.001968412,0.6698971
0.001968832,1.86922e-05
0.001974545,2.308933e-05
0.001978788,2.251361e-05
0.001984832,9.699371e-05
0.002042391,0.0001247465
0.002089189,0.0003169909
0.002173312,2.464639
0.002181771,0.7573704
0.002185856,0.2047168
0.002187968,1.815839e-05
0.002189152,2.324849e-05
0.002189182,0.03090028
0.002193434,1.28351e-05
0.002193678,0.4216488
0.00219517,0.1684474
0.002198449,1.373549
0.002202871,0.6211019
0.002207112,0.4137993
0.002231527,0.0001968409
0.002260839,6.262198e-05
0.002266125,0.0001116547
0.002269636,0.0002497533
0.002344718,0.0001086903
0.002357148,1.994603e-05
0.002407252,1.936687
0.002411327,2.077215e-05
0.00241226,9.021614e-06
0.002414869,1.066666
0.002420252,0.004761361
0.002424508,0.05794056
0.002428204,0.0002642553
0.002466027,6.749343e-05
0.002510138,0.0001998632
0.002538339,9.222865e-05
0.002547028,3.070266e-05
0.002600801,2.249901e-05
0.002639147,0.5214238
0.002640493,2.732365e-05
0.002641693,2.740549e-05
0.002641966,0.9563293
0.002642703,0.1036888
0.002643008,2.008856e-05
0.002643639,2.090378e-05
0.002647296,1.518606e-05
0.002648072,0.1032465
0.002649973,1.412451e-05
0.002653597,0.1076529
0.002658404,0.7014807
0.002663044,3.111494
0.002665533,0.4552973
0.002666388,1.872621
0.002667262,0.0001963652
0.002675286,0.0001426496
0.002735355,8.460614e-05
0.002765913,0.0001264429
0.002826413,0.000197662
0.002868396,2.545168
0.002870872,2.627607
0.002879669,0.03408447
0.002879767,3.58828
0.002882885,2.416811e-05
0.002885318,2.079278e-05
0.002888008,0.3460939
0.002888815,1.528399e-05
0.00291162,0.0002527869
0.002961944,0.0001054743
0.002992013,0.0002576886
0.003076426,0.0002403405
0.003093706,0.6108196
0.003097237,2.987722e-05
0.003100516,1.110349e-05
0.003103947,0.1708825
0.003104982,1.105517
0.003106225,0.3257082
0.003110783,1.965647e-05
0.003113563,1.948133e-05
0.003113995,2.403685e-05
0.003117629,1.405476e-05
0.003118012,0.6079898
0.003121103,0.08663318
0.003121696,0.0002039988
0.003121957,2.092387e-05
0.003122816,1.360376e-05
0.003125331,0.000360464
0.003137935,0.564629
0.003161295,0.0003371679
0.003202408,0.0002684518
0.003321892,2.31458
0.003335354,1.603711e-05
0.003335372,1.281292
0.003337338,0.2261161
0.0033399,0.0001554017
0.003341581,0.05777407
0.003343098,0.06787382
0.003343237,0.01653189
0.003344549,0.000521368
0.003347597,1.516789e-05
0.003352313,0.4742199
0.003355515,0.1980209
0.003380142,0.0002706259
0.003413185,0.0004152977
0.003427975,0.0001271618
0.003436835,0.0001506373
0.00348875,0.0001039835
0.003500867,0.0004430078
0.003503377,0.0002087753
0.0035319,0.0001881387
0.003560579,2.37154e-05
0.003563037,0.0001537272
0.003563716,2.2094
0.003569488,0.000136646
0.003577753,0.1033938
0.003581025,1.415183e-05
0.003597781,0.0002444916
0.003623311,0.0002990651
0.003628163,0.0001357145
0.003669325,2.828922e-05
0.003684761,0.0001225268
0.003730127,0.0001466806
0.003757945,0.0001188315
0.003769477,1.081996e-05
0.003794915,0.0001777995
0.003798129,1.807819e-05
0.003803842,0.01693978
0.003804048,0.1621386
0.003807761,3.236856e-05
0.003808072,0.008138557
0.003813846,0.3720863
0.003815617,2.819377e-05
0.003816161,0.1015478
0.003818966,0.6104856
0.003819143,3.29116e-05
0.003831977,6.157887e-06
0.003835438,3.00693e-05
0.003836132,1.217359
0.003908298,0.0002292115
0.003921824,0.0001048923
0.00395218,7.012136e-05
0.003967362,5.566519e-06
0.003975112,3.487973e-05
0.004022316,3.138964
0.004030681,2.542941e-05
0.004032246,0.04234108
0.004033831,0.8947299
0.004034495,0.2291095
0.004034564,0.04348
0.004034777,0.06511837
0.004034963,0.05385933
0.004035152,2.094516e-05
0.004035234,0.1262094
0.004035304,1.458611e-05
0.004035926,0.06363118
0.004036205,1.671313e-05
0.004036303,0.06791219
0.004036326,0.05856522
0.004036367,0.2157323
0.004036429,0.1383204
0.004036638,0.1631086
0.004036942,0.02835187
0.004037004,0.02123349
0.004037146,0.0145993
0.004037507,0.003984953
0.004037552,0.01665604
0.004052668,1.264423e-05
0.00411923,0.0003030715
0.004455347,0.0003690608
0.004874909,6.824768e-06
0.004887037,0.0001873989
0.005237309,6.058154e-05
0.005296037,0.000115335
0.005523011,7.184455e-06
0.005532828,1.248462e-05
0.005607496,1.974439e-05
0.005878641,0.000197213
0.00599629,5.884638e-06
0.005996648,1.033784e-05
0.006143054,4.067351
0.006175234,0.0002060938
0.006274696,5.062011e-06
0.00640581,6.939795e-05
0.006504022,0.0002875865
0.006535338,4.687614e-06
0.006631718,5.880657e-06
0.006642339,7.62036e-06
0.006759195,1.73588e-05
0.007370884,6.544838e-06
0.007607409,8.70634e-06
0.007668398,4.308577e-05
0.007792966,1.55688e-05
0.007813029,1.651401e-05
0.007834755,2.361815e-05
0.007921532,6.278312e-06
0.007974997,0.02681105
0.007987162,4.567384e-06
0.008014187,0.0002292636
0.008146062,3.836256e-05
0.008159203,2.04616e-05
0.008364986,6.417351e-06
0.008371536,0.0001254785
0.008397252,1.027216e-05
0.008420044,6.138548e-06
0.008600923,1.086631e-05
0.0087929,0.0001167024
0.008915436,5.37587e-06
0.008958312,8.38014e-05
0.009040033,1.279863e-05
0.009128717,0.04806811
0.009424897,1.758824e-05
0.00955948,1.578715e-05
0.009604307,4.654074e-05
0.009748915,2.72242e-05
0.009979887,2.271206e-05
0.009986921,1.955713e-05
0.01006595,0.08372924
0.01029589,6.893247e-05
0.01035979,1.709364e-05
0.01041013,0.0004616998
0.01044183,0.0002564803
0.01054155,1.125274e-05
0.01062913,9.755973e-06
0.01105352,0.0002853017
0.01113146,4.013963e-05
0.01146361,5.561109e-05
0.01150628,1.02039e-05
0.011662,6.954769e-06
0.01172345,9.597647e-06
0.01174314,0.0002800546
0.01180152,1.766495e-05
0.01192656,0.2244551
0.0124453,1.781367e-05
0.0125711,0.0001396327
0.01264721,1.19464
0.01272408,0.0003757956
0.01282975,1.224674e-05
0.01285981,0.01532343
0.01314445,7.716933e-06
0.01337418,9.311517e-06
0.01370087,7.321485e-06
0.01410204,6.765163e-06
0.01426739,0.1314309
0.01427105,2.163707e-05
0.01453804,1.04818e-05
0.01466843,0.0001129451
0.0148268,0.0001364117
0.01524246,6.140255e-06
0.01529469,0.0001488141
0.01544159,0.4286082
0.01555043,6.269968e-06
0.01566409,2.326667e-05
0.01573924,0.0001430376
0.0157772,7.460541e-05
0.01577835,7.424902e-06
0.01578093,5.286934e-06
0.01581307,0.0001666746
0.01586683,8.013392e-06
0.01588627,5.722723e-06
0.01589097,5.957345e-06
0.01590795,1.435929e-05
0.01594098,1.294365e-05
0.01594923,4.664307e-06
0.01601931,1.077096e-05
0.01602832,1.411911e-05
0.01610058,4.229243e-06
0.0161087,0.000152829
0.01614548,1.224414e-05
0.01621293,9.745587e-06
0.01623237,1.065702e-05
0.01624378,6.515772e-06
0.01624649,0.0001666534
0.01625031,3.145478e-05
0.01635486,1.072269e-05
0.01637219,1.009955e-05
0.01654751,1.116757e-05
0.01659587,8.236363e-05
0.01668344,6.576812e-06
0.01670313,0.0002302943
0.01671154,0.0003792497
0.01680967,7.107819e-06
0.0169603,0.0001377996
0.0170419,6.317803e-06
0.0170735,8.117446e-06
0.01709797,9.417656e-05
0.01713579,7.360969e-06
0.01717285,0.0001232573
0.0171754,6.856969e-06
0.01719771,1.324506e-05
0.01724282,4.674074e-05
0.01727463,3.01283e-05
0.01728755,1.40868e-05
0.01734518,6.841719e-06
0.01734963,7.587686e-06
0.0173821,2.602212e-05
0.01743411,7.47993e-06
0.01757203,4.164495e-05
0.01757598,1.327062e-05
0.01765914,0.0002275161
0.01780585,6.571381e-06
0.0181995,9.86772e-06
0.01824386,2.310616e-05
0.01859397,1.301821e-05
0.01860435,1.13805e-05
0.01890454,9.294398e-06
0.0189536,6.070513e-06
0.01913729,1.10204e-05
0.01932004,0.0001189178
0.0193798,6.420599e-06
0.01949418,0.0001459382
0.01955524,6.274932e-06
0.01955616,1.199794e-05
0.01955931,6.712956e-06
0.01958015,0.0002859297
0.01965869,4.858794e-06
0.01979111,2.040026e-05
0.01980166,9.473292e-06
0.01983889,1.883389e-05
0.01984057,0.0001206697
0.01988326,2.176158e-05
0.01995892,8.557809e-06
0.02005069,1.62639e-05
0.02005098,1.458249e-05
0.02006812,6.372435e-06
0.02007213,5.30447e-05
0.02017038,8.329083e-05
0.02020143,8.757178e-06
0.02020521,2.793521e-05
0.02023203,3.719672e-05
0.02024255,6.767601e-06
0.0202533,8.786184e-06
0.02028017,9.795679e-05
0.02042839,1.389374e-05
0.02048302,4.628926e-05
0.02055154,7.56611e-06
0.02056357,4.372955e-06
0.02058977,4.7622e-06
0.02065068,5.322136e-06
0.02071481,2.183872e-05
0.02073357,6.43751e-06
0.02075011,6.596378e-06
0.02076595,1.633614e-05
0.02081061,4.165966e-05
0.02087294,0.0002316282
0.02087356,6.552433e-06
0.02087815,8.174235e-06
0.02096844,1.086823e-05
0.02100791,1.936713e-05
0.02102806,0.0003316365
0.0210885,1.184408e-05
0.02114941,1.407767e-05
0.0211855,5.642294e-06
0.02118826,7.873275e-06
0.02123489,8.553008e-06
0.0212823,6.901199e-06
0.02129031,1.327593e-05
0.02144862,1.157528e-05
0.02152295,5.284447e-06
0.02153221,2.196658e-05
0.0215488,1.014003e-05
0.02159289,8.043058e-06
0.02160238,9.032286e-05
0.02164709,9.840929e-06
0.0216862,1.068467e-05
0.0217257,1.234315e-05
0.02174366,9.700825e-06
0.02183263,9.617915e-06
0.02184413,1.078674e-05
0.02185223,7.010934e-06
0.02198311,0.0004644057
0.02203308,7.497893e-06
0.02204684,2.334902e-05
0.02207281,7.321563e-06
0.02222429,4.968109e-05
0.02233431,1.848631e-05
0.02242878,1.849735e-05
0.02244173,4.665593e-06
0.02244777,5.621635e-06
0.02253433,8.293943e-06
0.02254634,8.823555e-06
0.02255039,1.305273e-05
0.02266421,9.915161e-05
0.02271674,3.508928e-06
0.02277834,1.884735e-05
0.02288495,9.521121e-05
0.02288716,9.971179e-06
0.02293457,9.968644e-06
0.02294747,0.01208387
0.02297538,0.0001188704
0.02299765,8.712126e-06
0.02301558,1.287649e-05
0.02307472,7.264838e-06
0.02309709,1.102472e-05
0.02312766,1.32644e-05
0.02317358,8.84232e-06
0.02327715,8.473935e-06
0.02328395,6.518331e-06
0.02332381,1.244788e-05
0.02334997,6.501125e-06
0.02338662,6.823007e-06
0.02341157,2.487617e-05
0.02345129,5.265677e-05
0.02349713,6.821143e-06
0.02350619,8.986283e-06
0.02355932,6.265418e-06
0.0236412,1.684808e-05
0.02368909,6.777232e-06
0.02370029,4.653835e-06
0.02370098,1.185846e-05
0.02373173,9.948785e-06
0.02373773,1.387402e-05
0.02374067,7.998315e-06
0.02378123,6.886599e-06
0.02380821,7.03585e-06
0.02383399,1.204221e-05
0.02384099,1.415608e-05
0.0238557,1.300578e-05
0.02391864,1.762784e-05
0.02395415,1.112311e-05
0.02395959,1.264842e-05
0.02396213,8.464272e-06
0.02399928,1.705608e-05
0.02404051,1.189193e-05
0.02406311,7.843571e-06
0.02407184,0.00017275
0.02410114,1.314289e-05
0.02413867,7.31421e-06
0.02425287,6.172272e-06
0.024259,8.608682e-06
0.02428989,4.732576e-06
0.02447367,0.0001005381
0.02451276,0.0001066103
0.02453935,3.369324e-05
0.02454037,1.023944e-05
0.02462758,9.365654e-06
0.02469788,7.739744e-06
0.02470324,1.602574e-05
0.02475548,7.953729e-06
0.02476835,1.013122e-05
0.02482461,1.440281e-05
0.02491419,9.287376e-06
0.02491571,1.153353e-05
0.02500809,5.446943e-06
0.02504198,8.990744e-06
0.02505241,1.599322e-05
0.02505895,8.246342e-06
0.0250862,7.063081e-06
0.02510718,8.420332e-06
0.02516963,1.248088e-05
0.02526679,1.309078e-05
0.02530775,9.249624e-06
0.02533155,7.340642e-06
0.02547544,0.0002258374
0.02551551,4.550011e-06
0.02553359,0.0105512
0.02553599,0.01992805
0.02553787,1.761733e-05
0.02563562,2.409592e-05
0.02574884,1.089896e-05
0.02582725,1.281146e-05
0.02583542,1.22342e-05
0.02585027,1.202975e-05
0.02595516,1.278661e-05
0.02600547,7.509866e-06
0.02600774,1.401949e-05
0.02602703,5.943688e-05
0.02608409,8.060562e-06
0.02615625,1.184921e-05
0.02621074,7.633077e-06
0.02636232,1.488938e-05
0.02641193,6.244515e-06
0.02652129,7.579757e-06
0.02654268,1.284814e-05
0.02656959,7.701939e-06
0.02669116,2.285692e-05
0.02683863,2.228859e-05
0.02696669,8.068775e-06
0.02699067,9.847692e-06
0.02712852,5.986342e-06
0.02717412,8.218075e-06
0.02720036,2.138928e-05
0.02730983,8.26436e-06
0.02732691,6.144172e-06
0.02737383,8.142481e-06
0.0274479,1.20048e-05
0.02746393,7.448154e-05
0.02752304,0.0001081105
0.02757131,7.336307e-06
0.02759727,9.206567e-06
0.02759873,1.037677e-05
0.02766818,1.282464e-05
0.02768295,5.798061e-06
0.0276852,6.934103e-06
0.02786281,4.726517e-05
0.02787785,4.462263e-06
0.02790621,1.263235e-05
0.02794317,2.873238e-05
0.02795149,1.008501e-05
0.02803726,8.018241e-06
0.02808348,4.887825e-06
0.02813472,0.004318053
0.02816399,4.591578e-06
0.02819852,1.173331e-05
0.02823551,8.769037e-06
0.02826675,2.402957e-05
0.0283281,6.181055e-06
0.02834461,1.009567e-05
0.02839841,1.249439e-05
0.02844926,1.999629e-05
0.02844991,1.126843e-05
0.02850292,7.184e-06
0.02851696,0.0002223276
0.02854499,1.068444e-05
0.0285716,1.059059e-05
0.02861085,4.996791e-06
0.02861651,1.387114e-05
0.02875262,5.862647e-06
0.02876081,1.554506e-05
0.02884158,0.7933391
0.02884425,1.620584e-05
0.02884664,1.473649e-05
0.02888039,1.032768e-05
0.02889428,1.589433e-05
0.02892137,7.632301e-06
0.02893872,8.39954e-06
0.02909211,4.957248e-06
0.02910972,5.416638e-06
0.02918153,1.015555e-05
0.0292226,8.013272e-06
0.02937334,9.591075e-06
0.02937645,2.028656e-05
0.0293889,8.498806e-06
0.02943031,1.850845e-05
0.02945606,1.228091e-05
0.02951784,1.253211e-05
0.02952959,7.022986e-05
0.02955202,0.6259223
0.02956031,1.005856e-05
0.02971175,6.097102e-06
0.02978682,5.977126e-06
0.0298316,6.360799e-06
0.02984252,5.924556e-06
0.02988449,7.762506e-06
0.02994572,6.278879e-06
0.0299958,1.225808e-05
0.03000315,7.773432e-06
0.03008248,1.529078e-05
0.03017299,5.99129e-06
0.03026263,1.375025e-05
0.03027387,1.115612e-05
0.03028239,2.136335e-05
0.0302841,1.567897e-05
0.03029658,5.446095e-06
0.03040884,1.716016e-05
0.03041631,6.836216e-06
0.03042181,5.195178e-06
0.03047438,8.708003e-06
0.03049393,0.1740651
0.03059391,7.243303e-06
0.03062132,1.108868e-05
0.03067323,8.34337e-06
0.03070619,9.396673e-06
0.03083046,8.10796e-06
0.03086388,5.618097e-06
0.03087253,6.406757e-06
0.03090683,8.181804e-06
0.03106355,8.191436e-06
0.03106482,6.605896e-06
0.03107194,7.602136e-06
0.03116333,7.611868e-05
0.03122231,9.123809e-06
0.03129826,3.87544e-05
0.03137246,1.040118e-05
0.03140457,9.499131e-06
0.03142323,7.158491e-06
0.03143178,5.270181e-06
0.03145656,1.03707e-05
0.03146308,1.132466e-05
0.03147409,1.891155e-05
0.03156731,9.16407e-06
0.03168005,1.44411e-05
0.03168342,1.106368e-05
0.03174119,8.516303e-06
0.03174618,1.091188e-05
0.03175506,8.440439e-06
0.03177028,1.155535e-05
0.03179192,1.711067e-05
0.03181164,1.211069e-05
0.03182963,5.876157e-06
0.03188696,9.578194e-06
0.03188753,2.547947e-05
0.03194694,5.84322e-06
0.03205639,1.012933e-05
0.03210733,1.358122e-05
0.03215495,9.605182e-06
0.03216591,1.518028e-05
0.03217063,1.904313e-05
0.03217256,1.980757e-05
0.03217877,3.909897e-05
0.03220405,4.630479e-06
0.03224073,4.183392e-05
0.0322482,1.170654e-05
0.03234871,7.184417e-06
0.03236141,1.059184e-05
0.03237787,7.108889e-06
0.03246472,7.580682e-06
0.03251161,1.020354e-05
0.03254386,9.64902e-06
0.03258248,1.513074e-05
0.0326238,9.84571e-05
0.03270883,1.056662e-05
0.03271567,1.05474e-05
0.03275498,1.045789e-05
0.03282955,1.164954e-05
0.03284257,9.205091e-06
0.03285715,9.332921e-06
0.03288203,0.01915809
0.03288923,0.4675777
0.03299722,1.12576e-05
0.03306386,0.0001488528
0.03310474,1.361499e-05
0.03314045,1.383378e-05
0.03314481,9.605023e-06
0.03318721,0.0003042223
0.03319381,6.787162e-06
0.03319778,0.000148673
0.03323009,8.230363e-06
0.03335528,5.551582e-06
0.03336138,0.7545207
0.03337454,6.249275e-06
0.03338467,9.831753e-06
0.03338481,0.0001841126
0.03344687,1.082907e-05
0.03349226,1.318018e-05
0.033531,7.597221e-06
0.03359319,1.87173e-05
0.03360537,1.039354e-05
0.03362327,1.308918e-05
0.03362333,7.404308e-06
0.03369793,6.141931e-06
0.03372349,0.0002614669
0.03374803,7.820926e-06
0.03384244,1.023482e-05
0.03384876,8.132119e-06
0.03385723,4.475065e-06
0.03389755,1.179679e-05
0.03394705,0.0001054986
0.0339586,1.28891e-05
0.0339707,8.986667e-06
0.03401121,5.873808e-06
0.03402268,1.540948e-05
0.03406866,5.76161e-06
0.03408244,6.537249e-06
0.0341134,7.192977e-06
0.03413284,0.0002441231
0.03414462,7.65898e-06
0.03417254,1.41252e-05
0.03420312,6.774171e-06
0.03421198,7.362258e-06
0.03423117,2.082312e-05
0.03435051,1.488928e-05
0.03444899,1.722203e-05
0.03453091,8.887927e-06
0.03455208,8.297626e-06
0.03455604,1.040143e-05
0.03463314,1.829335e-05
0.03463908,5.939349e-06
0.03468224,8.441058e-06
0.03468503,1.205572e-05
0.0347322,5.670822e-06
0.03473898,1.630311e-05
0.03476223,6.840979e-06
0.0347859,5.09767e-06
0.03478925,9.978932e-06
0.03482207,2.846819e-05
0.03491023,1.167733e-05
0.03491157,6.631931e-06
0.03501613,0.6360273
0.03510515,9.826986e-06
0.03514025,9.84675e-06
0.03522486,8.933551e-06
0.0353165,1.063617e-05
0.03542209,9.256894e-06
0.03542798,5.989565e-06
0.0355258,0.0002158083
0.03553215,1.746982e-05
0.03554467,1.058401e-05
0.03554573,7.445349e-06
0.0357025,1.240762e-05
0.03576924,1.270139e-05
0.03583442,2.878425e-05
0.03586766,7.808669e-06
0.03594654,6.592197e-06
0.03596931,7.673128e-06
0.03597966,0.2003834
0.03605624,9.25193e-06
0.03608973,6.666032e-06
0.03618091,1.237562e-05
0.03618161,1.163911e-05
0.0362,1.165144e-05
0.03620413,1.413336e-05
0.03620976,0.0001090177
0.0362815,1.517247e-05
0.03630907,6.551612e-06
0.03631544,9.431797e-06
0.03638135,9.335848e-06
0.03642847,2.193724e-05
0.03643642,9.493831e-06
0.03646619,0.4812765
0.03646642,1.051244e-05
0.03648346,4.610423e-06
0.03651971,6.445727e-06
0.03652449,1.60592e-05
0.03654917,5.318274e-06
0.03657253,1.389535e-05
0.03661265,0.0001549157
0.03665748,6.98237e-06
0.03666366,8.254217e-06
0.03672326,9.06984e-06
0.03673783,6.193377e-06
0.03675687,2.159515e-05
0.03678269,1.477251e-05
0.03681069,1.820717e-05
0.03683557,9.401233e-06
0.03686533,9.281957e-06
0.03686792,8.174176e-06
0.03688569,9.634218e-06
0.03690659,4.186982
0.03692734,3.250777e-05
0.03693192,0.1409635
0.03700012,1.818524e-05
0.03704514,1.737717e-05
0.03706244,1.233661e-05
0.03708746,8.771162e-06
0.03716287,0.0001099891
0.03716355,9.77234e-06
0.03717765,1.118873e-05
0.03724075,0.0001335819
0.03732015,6.75912e-06
0.03732302,8.575734e-06
0.03732655,2.262199e-05
0.03732712,3.438138e-05
0.03732789,1.116759e-05
0.03732952,1.175723e-05
0.03751596,2.454821e-05
0.03755451,2.645243e-05
0.03756675,8.583919e-06
0.03756747,7.035067e-06
0.03756782,2.693628e-05
0.03766844,7.681724e-06
0.03784921,1.468773e-05
0.03791638,7.995221e-06
0.0379393,2.1449e-05
0.0380251,5.234186e-05
0.03804455,8.726957e-06
0.03807037,6.425192e-05
0.03811313,1.084173e-05
0.03817803,7.465108e-06
0.03817819,3.455147e-05
0.03820056,8.829375e-06
0.03823531,0.0001371857
0.03828477,1.086178e-05
0.0383003,1.209311e-05
0.03838844,7.439164e-06
0.0384249,0.0002985836
0.03846802,2.268968e-05
0.0384781,8.267602e-06
0.03848846,1.559286e-05
0.03862443,1.004872e-05
0.03863486,4.746837e-06
0.03869112,1.151403e-05
0.03870399,6.837736e-06
0.0387372,7.509203e-05
0.03874381,1.52663e-05
0.03882656,5.405509e-06
0.03887157,9.381877e-06
0.03887632,1.308484e-05
0.03889605,7.472391e-06
0.03890004,9.012326e-05
0.03897034,1.04316e-05
0.03902926,5.780714e-06
0.03913065,5.856462e-06
0.03914525,7.563042e-06
0.03918729,7.272647e-06
0.03923238,7.290409e-06
0.03923602,1.233147e-05
0.03924933,2.17584e-05
0.03928925,1.798204e-05
0.03940681,5.000107e-05
0.03941562,7.877019e-06
0.03942481,1.099012e-05
0.03944341,1.209643e-05
0.03954719,2.649304e-05
0.03963184,1.169218e-05
0.0397381,1.170831e-05
0.03978452,8.384398e-06
0.03980012,1.992033e-05
0.03994823,1.864772e-05
0.04002403,1.279685e-05
0.04005129,9.847191e-06
0.04006417,1.69066e-05
0.04008022,7.722578e-06
0.04019609,1.540491e-05
0.04020179,1.585564e-05
0.04023575,1.551286e-05
0.04023705,0.0004620172
0.04027629,1.529725e-05
0.04028217,1.295113e-05
0.04037567,1.81772e-05
0.0403974,1.181021e-05
0.04041023,2.783965e-05
0.04041226,1.358067e-05
0.04042765,9.453297e-06
0.04044469,1.16302e-05
0.04045041,9.867895e-05
0.04047224,1.424107e-05
0.04049324,2.050134e-05
0.04052276,0.1493368
0.04057404,1.042359e-05
0.04059859,1.750119e-05
0.04065641,1.735451e-05
0.04067241,1.586489e-05
0.04068506,7.529892e-06
0.04069329,1.089223e-05
0.04070093,1.468171e-05
0.04075697,7.313385e-06
0.04079925,4.614356e-06
0.04084735,1.791726e-05
0.04085166,2.11528e-05
0.04086224,1.276915e-05
0.04088376,7.994073e-06
0.04088988,2.125226e-05
0.04091124,6.98578e-06
0.04091941,2.319625e-05
0.04092901,5.760857e-06
0.04093729,1.350674e-05
0.04094916,1.806021e-05
0.04099653,7.072365e-06
0.04105498,8.79162e-06
0.04106498,7.271762e-06
0.04108727,6.98884e-06
0.04110999,5.429752e-06
0.04112403,1.577396e-05
0.04116223,9.394639e-06
0.0412305,1.221276e-05
0.04124846,1.255205e-05
0.04129982,1.321901e-05
0.04131459,1.140332e-05
0.04131727,7.925973e-05
0.04131748,5.4933e-06
0.04131939,0.000135772
0.04132072,5.842679e-06
0.04133293,1.006262e-05
0.04134025,1.134879e-05
0.04136186,2.154411e-05
0.04137244,9.822397e-06
0.0413831,7.152412e-05
0.04145747,1.204544e-05
0.04154352,0.00020394
0.0415523,0.0001553359
0.04161743,8.476554e-06
0.04162906,9.360118e-06
0.04167544,1.283844e-05
0.04171916,2.613369e-05
0.04178713,7.619115e-06
0.04178955,6.049949e-06
0.04190864,6.39268e-06
0.04194128,1.881436e-05
0.04195619,9.439143e-06
0.04202622,1.715904e-05
0.04205385,7.411895e-06
0.04205657,1.049715e-05
0.04207317,8.594054e-06
0.04210304,6.081938e-06
0.04211724,1.123133e-05
0.04212166,9.401201e-06
0.04212917,1.164713e-05
0.04219641,0.0001243129
0.0421975,7.388555e-06
0.04222712,8.88576e-06
0.04227846,1.464367e-05
0.04229046,1.709726e-05
0.04229347,6.82183e-06
0.04232636,6.446342e-06
0.04232771,1.099384e-05
0.04233324,9.865373e-05
0.04241734,8.773978e-06
0.04244842,1.115191e-05
0.04246612,1.093057e-05
0.04249312,1.957294e-05
0.04250605,1.113574e-05
0.04255463,7.44197e-06
0.04257791,7.395955e-06
0.04258435,1.460986e-05
0.04261035,1.130316e-05
0.0426606,4.590967e-06
0.04266521,0.0001337124
0.0427057,1.097945e-05
0.042715,1.685296e-05
0.04273437,0.0002914601
0.04284165,1.873732e-05
0.04286675,7.144663e-06
0.0428934,4.813585e-06
0.04290966,1.207241e-05
0.04298076,1.623817e-05
0.04298247,1.470361e-05
0.04299181,5.680276e-06
0.04300182,1.241155e-05
0.04314946,7.241338e-06
0.04315197,6.193246e-06
0.04320338,9.683703e-06
0.04326242,8.785708e-06
0.04328635,6.521435e-06
0.04332443,1.640265e-05
0.04339552,8.542154e-06
0.04340764,0.0002642355
0.04345263,5.350691e-05
0.04348576,1.157727e-05
0.04348933,1.143925e-05
0.04352004,6.799833e-06
0.04359929,1.188254e-05
0.04370952,2.415274e-05
0.04372708,6.27163e-06
0.0437297,2.162027e-05
0.04377536,1.013116e-05
0.04378525,1.151033e-05
0.04378637,1.168757e-05
0.04396569,1.046227e-05
0.04407143,1.203249e-05
0.04411175,2.963461e-05
0.04419516,1.320491e-05
0.04422893,2.237451e-05
0.04424935,7.309424e-06
0.04426769,8.183426e-06
0.04431255,1.805569e-05
0.0443937,7.056164e-06
0.04441255,1.718168e-05
0.04441566,0.0001737795
0.04442397,7.567661e-06
0.04462535,1.172262e-05
0.0446392,1.167061e-05
0.04466789,1.493062e-05
0.04471984,8.165643e-06
0.04477738,1.271174e-05
0.04479161,8.103337e-06
0.04480676,4.480203e-05
0.04481505,9.808905e-06
0.04483407,0.02320144
0.04485897,1.809573e-05
0.04490927,1.027524e-05
0.04494013,1.686697e-05
0.04495046,1.622454e-05
0.04495266,1.419544e-05
0.04497524,1.665299e-05
0.0449778,8.263924e-06
0.04501752,9.953123e-06
0.04503627,1.033568e-05
0.04505487,1.122612e-05
0.04506325,1.054502e-05
0.04506962,9.509818e-06
0.04507656,2.200366e-05
0.0450782,1.202199e-05
0.0450849,9.699001e-05
0.04510834,9.634397e-06
0.04515207,7.676424e-06
0.04516362,1.079627e-05
0.04516407,1.24078e-05
0.04520201,9.813107e-06
0.04521654,1.243812e-05
0.04521716,1.160702e-05
0.0452525,8.44341e-06
0.04526796,1.325012e-05
0.04527294,9.612539e-06
0.04530118,1.595444e-05
0.04532563,1.99328e-05
0.04537186,9.737638e-06
0.04537322,6.207141e-06
0.04543306,9.519469e-06
0.04544137,6.735916e-06
0.04548466,1.410323e-05
0.04550353,0.0001846172
0.04556721,0.02504811
0.04557248,9.732896e-06
0.04564135,3.407447e-06
0.04566667,5.298323e-06
0.04568586,7.145914e-06
0.04573977,1.55857e-05
0.04577184,1.418727e-05
0.04580092,6.883309e-05
0.04588542,7.675016e-06
0.04588683,1.809133e-05
0.04592766,1.168245e-05
0.04595954,1.134918e-05
0.04597871,1.103023e-05
0.04598421,2.566214e-05
0.04599794,1.144439e-05
0.04600568,6.927288e-06
0.04602394,6.526929e-06
0.0460276,6.434332e-06
0.04605203,5.930347e-06
0.04609463,1.179871e-05
0.04611742,6.812286e-06
0.04613112,1.336932e-05
0.04614062,1.903781e-05
0.04623548,7.899606e-06
0.04624114,6.052479e-06
0.04624578,2.526998e-05
0.04631507,7.581896e-06
0.04632526,9.070877e-06
0.04633441,1.463567e-05
0.04633591,1.028492e-05
0.04635196,2.051009e-05
0.04636235,7.008138e-06
0.04637191,6.845774e-06
0.04638316,7.466379e-06
0.04639579,1.097607e-05
0.04639898,1.645881e-05
0.04643108,8.215428e-06
0.04645706,1.502647e-05
0.04646268,9.458679e-06
0.04648626,1.057988e-05
0.04650795,6.895639e-06
0.04655042,1.801959e-05
0.04657257,1.412103e-05
0.04658988,1.334585e-05
0.04659277,5.553281e-06
0.04660258,5.446607e-06
0.04671228,1.144738e-05
0.04671691,7.922965e-06
0.04677365,1.059737e-05
0.04679862,9.142889e-06
0.04680784,1.299995e-05
0.04681566,9.703675e-06
0.04681718,7.111789e-06
0.04682573,9.339912e-06
0.04683489,1.151042e-05
0.04688871,8.588762e-06
0.04690081,2.404018e-05
0.04694351,5.044399e-06
0.04699919,1.240295e-05
0.04700184,1.456798e-05
0.0470111,1.306362e-05
0.04704071,2.653344e-05
0.04704357,9.466836e-06
0.04707291,3.904758e-05
0.04708171,5.843768e-06
0.04709919,8.606455e-06
0.04710506,1.519524e-05
0.04712252,1.460304e-05
0.04713166,2.87343e-05
0.04713184,9.357105e-06
0.04715107,2.427054e-05
0.04716151,8.436673e-06
0.04718365,5.100338e-06
0.04718846,9.0987e-06
0.04719432,1.151963e-05
0.04721245,5.343299e-06
0.04731941,2.440169e-05
0.04743186,5.799828e-06
0.04743593,2.829326e-05
0.04744601,1.787012e-05
0.04746869,1.782341e-05
0.04749353,8.154086e-06
0.04749484,8.093877e-06
0.0475021,1.43628e-05
0.04751388,8.792078e-06
0.04753369,1.977615e-05
0.047625,2.877263e-05
0.04766997,1.053529e-05
0.04768481,1.392324e-05
0.04770482,2.522055e-05
0.04770631,1.345446e-05
0.04771914,9.629145e-05
0.04773875,1.514853e-05
0.04779946,7.245286e-06
0.04783074,3.856581e-06
0.04790487,2.528486e-05
0.04800061,7.061305e-06
0.04801912,1.282451e-05
0.04805107,9.742747e-06
0.0481178,1.30535e-05
0.04818542,1.142885e-05
0.04822955,1.006326e-05
0.04825959,8.365565e-06
0.04826544,1.6416e-05
0.04827793,8.746846e-06
0.04829529,2.12441e-05
0.04830334,8.06945e-06
0.04830457,1.003647e-05
0.04834387,1.613238e-05
0.04834571,1.275005e-05
0.04835087,1.301404e-05
0.04841432,1.275951e-05
0.04842007,8.102282e-06
0.04851862,1.93294e-05
0.04856224,1.598626e-05
0.04858177,1.159679e-05
0.04861366,2.444507e-05
0.04862706,9.92243e-06
0.04864674,1.068133e-05
0.04869427,8.693283e-06
0.04873075,8.656076e-06
0.04875401,3.498207e-05
0.04880625,1.217458e-05
0.048818,1.470505e-05
0.04881855,1.430818e-05
0.04894392,1.211986e-05
0.04895997,6.834857e-06
0.04898083,9.586415e-06
0.04906605,1.170973e-05
0.04908802,7.359914e-06
0.04910294,1.090081e-05
0.04919381,6.740287e-05
0.04919806,1.473013e-05
0.04920262,6.621088e-06
0.04922102,1.024262e-05
0.04923003,5.617384e-06
0.04926895,1.043064e-05
0.04926985,1.207166e-05
0.04935103,0.0001775235
0.04938217,1.592736e-05
0.04942733,1.622913e-05
0.0494922,8.800057e-06
0.04953214,2.015336e-05
0.04958751,8.626936e-06
0.04972012,2.649171e-05
0.04977408,1.452783e-05
0.04977553,1.426701e-05
0.04983185,1.323046e-05
0.04990908,1.864061e-05
0.05001339,0.0001403283
0.05006301,2.273948e-05
0.05011495,2.389354e-05
0.05023159,7.72146e-06
0.05026176,2.784748e-05
0.05030819,1.341544e-05
0.05037305,1.995896e-05
0.0503767,1.916187e-05
0.05042507,1.238687e-05
0.05045942,7.011746e-06
0.05061359,1.470595e-05
0.05064587,1.246858e-05
0.0507575,1.155714e-05
0.05079938,0.0002540803
0.05082431,1.275346e-05
0.05087168,1.342756e-05
0.05087912,1.346269e-05
0.05091408,4.792081e-06
0.0509732,0.000114644
0.05098701,1.333439e-05
0.0509968,0.0001214686
0.05104,7.360095e-06
0.05104142,1.072113e-05
0.05107887,1.209898e-05
0.05112231,6.899742e-06
0.05115869,8.432739e-06
0.05119265,8.403644e-06
0.05121407,1.506308e-05
0.05134173,3.686509e-05
0.05134461,1.437395e-05
0.05139646,1.331015e-05
0.0514589,9.169155e-06
0.05157453,1.747777e-05
0.05158326,1.035231e-05
0.0516644,2.263934e-05
0.0516993,1.712603e-05
0.05171166,2.141555e-05
0.0517443,1.162322e-05
0.05175354,1.506565e-05
0.05180632,1.372993e-05
0.05187861,1.31199e-05
0.05192314,9.823408e-06
0.05193052,7.117305e-06
0.05194608,9.421635e-06
0.05195497,6.162925e-06
0.05197435,1.683707e-05
0.05197871,1.871014e-05
0.05198222,1.458981e-05
0.05199155,6.688504e-06
0.05199444,1.209271e-05
0.05201711,1.289595e-05
0.0520298,6.912685e-06
0.05205028,1.16263e-05
0.0520517,2.280111e-05
0.05208535,8.988844e-06
0.05208703,1.19004e-05
0.05208717,1.635783e-05
0.05209924,0.0001964172
0.05211904,7.345353e-06
0.05213085,4.182607e-05
0.05214308,7.42245e-06
0.05217773,3.078514e-05
0.05219959,1.867284e-05
0.05225613,2.112226e-05
0.05228312,7.788974e-06
0.05235032,7.624146e-06
0.05237096,5.559126e-06
0.05238334,6.597504e-06
0.05238771,1.271433e-05
0.05241122,1.096216e-05
0.05241624,8.626156e-06
0.05242484,9.726355e-06
0.05242701,1.586041e-05
0.05243904,8.662356e-05
0.05248208,7.836336e-06
0.05249099,0.0003252305
0.05250147,6.757552e-06
0.05252323,8.229636e-06
0.0525608,1.627695e-05
0.05258193,1.559791e-05
0.0525919,1.406452e-05
0.05260947,0.0006845975
0.05267059,6.240128e-06
0.05269551,2.664838e-05
0.05276247,1.155182e-05
0.05283626,6.136856e-06
0.05287511,1.262049e-05
0.05291099,7.059048e-06
0.05293365,2.96036e-05
0.05298888,0.000295024
0.05307161,1.121168e-05
0.05308799,6.661644e-06
0.05317989,9.281737e-06
0.05318137,1.623044e-05
0.0531977,1.817719e-05
0.0532263,1.991635e-05
0.0532628,9.948085e-06
0.05330041,0.01327589
0.05331475,1.313198e-05
0.05337241,7.146772e-06
0.05339184,8.559667e-06
0.05341415,1.867001e-05
0.05344589,1.576303e-05
0.05346195,1.442912e-05
0.05353997,7.75769e-06
0.05355924,1.598158e-05
0.05358892,1.449839e-05
0.05363102,1.594155e-05
0.05366921,7.99281e-06
0.05368614,7.115434e-06
0.05370527,1.268504e-05
0.05375976,6.231449e-06
0.05397726,2.981798e-05
0.05399073,1.059383e-05
0.05399596,8.945145e-06
0.05404652,7.576636e-06
0.05408613,7.875169e-06
0.05412206,1.007592e-05
0.05417819,1.236542e-05
0.05425047,6.627735e-06
0.05425126,2.647231e-05
0.05425746,5.529695e-06
0.0543064,6.425667e-06
0.05436281,1.669526e-05
0.05445489,0.0003176301
0.05446135,1.018234e-05
0.05446388,1.623069e-05
0.05448383,1.743918e-05
0.05448836,8.812583e-06
0.05451629,2.176668e-05
0.05456854,6.844572e-06
0.05457953,1.40715e-05
0.05459721,1.515626e-05
0.054628,7.950914e-06
0.05474981,2.042922e-05
0.05476987,9.450036e-06
0.05478086,1.269602e-05
0.05483246,6.630724e-06
0.05483976,9.596039e-06
0.05489288,2.056216e-05
0.05491782,9.033147e-06
0.05498325,1.907012
0.05506342,1.253294e-05
0.055089,1.263634e-05
0.05510185,1.737215e-05
0.0551227,1.143985e-05
0.05513925,1.053348e-05
0.05517228,0.000281534
0.05518208,1.781725e-05
0.05525919,1.455104e-05
0.05527663,1.365923e-05
0.05542665,1.479398e-05
0.05543032,1.065105e-05
0.05544075,1.355353e-05
0.055466,1.248361e-05
0.0554696,1.322721e-05
0.05551799,2.181085e-05
0.05555629,1.539276e-05
0.05558348,1.315069e-05
0.05558564,1.801715e-05
0.05559677,1.33044e-05
0.05565146,1.039109e-05
0.05566057,7.146987e-06
0.05567632,1.165164e-05
0.05571329,1.252742e-05
0.05572761,1.340811e-05
0.05573235,8.011239e-06
0.05574955,1.021394e-05
0.05575477,8.623791e-06
0.05577341,1.636509e-05
0.05580242,1.730752e-05
0.05581965,5.880052e-06
0.05584352,7.581451e-06
0.05585198,0.0002202394
0.05590366,2.131486e-05
0.05601458,0.0001003994
0.0560861,1.054807e-05
0.05613131,1.732104e-05
0.05613862,1.21224e-05
0.05615699,8.917447e-06
0.05621921,9.815528e-06
0.0562249,2.235815e-05
0.05632023,1.951546e-05
0.05636156,1.593175e-05
0.05636318,6.719116e-06
0.05636557,8.738425e-06
0.05637913,7.049554e-06
0.0563853,7.737209e-06
0.05638849,6.824601e-06
0.05641559,1.458918e-05
0.05644141,1.412262e-05
0.05650634,5.691582e-06
0.05652199,7.793918e-06
0.056616,1.153891e-05
0.0566537,1.276146e-05
0.05671979,6.484328e-06
0.05672964,1.230893e-05
0.05673649,1.510852e-05
0.05674816,7.017501e-06
0.05685373,7.302852e-06
0.05686538,1.508899e-05
0.05687022,1.631599e-05
0.05697191,2.862195e-05
0.05697559,1.096327e-05
0.05702715,1.225675e-05
0.0570428,1.892857e-05
0.05705902,6.157238e-06
0.05711658,1.634497e-05
0.05713245,7.634753e-06
0.05724575,1.083324e-05
0.05724657,1.772179e-05
0.05728929,1.610675e-05
0.05730654,1.223699e-05
0.05730882,1.79313e-05
0.05742426,1.533159e-05
0.05748366,1.146801e-05
0.05754109,1.386891e-05
0.05758046,2.922877e-05
0.05762018,1.075677e-05
0.05762777,1.273007e-05
0.05787546,1.088012e-05
0.05789919,1.131004e-05
0.0579708,0.000129837
0.0579858,1.763125e-05
0.05799354,1.379333e-05
0.05801409,9.064432e-06
0.05812429,9.253712e-06
0.05819695,6.435233e-06
0.05823528,5.284433e-06
0.05827251,1.741359e-05
0.05827805,1.516648e-05
0.05835833,6.595781e-06
0.05837866,1.094955e-05
0.05838301,1.113921e-05
0.05842373,1.683226e-05
0.05847804,1.456213e-05
0.05849297,1.320238e-05
0.05853678,5.980209e-06
0.05857155,1.335936e-05
0.05857685,0.0001116157
0.05859818,1.413137e-05
0.05872017,1.838182e-05
0.05876554,1.016714e-05
0.05886917,1.280812e-05
0.05890594,7.75877e-06
0.05891553,1.631607e-05
0.05892661,9.416511e-06
0.05894902,8.895684e-06
0.05895986,1.05041e-05
0.05900946,1.355486e-05
0.05907297,1.271579e-05
0.05912321,1.158266e-05
0.05914431,7.218307e-06
0.05914887,1.542455e-05
0.05917903,1.231129e-05
0.05917922,1.065502e-05
0.05919179,1.759349e-05
0.05921466,1.34362e-05
0.05922443,4.48111e-06
0.05924204,1.510189e-05
0.05924356,0.0001433443
0.05924555,1.408487e-05
0.05926591,1.388786e-05
0.05927086,1.485026e-05
0.05934237,2.022947e-05
0.05936687,1.895779e-05
0.05945501,1.779151e-05
0.05946925,9.34754e-06
0.059503,7.674545e-06
0.0595229,3.364623e-05
0.05962281,0.5959017
0.05974402,7.620791e-06
0.05980251,7.338874e-06
0.05983966,1.454156e-05
0.05987917,2.251223e-05
0.05988232,1.473021e-05
0.05996159,9.982174e-06
0.05999526,2.129922e-05
0.05999642,2.341935e-05
0.06010659,1.746965e-05
0.06013681,7.974086e-06
0.06016427,1.232852e-05
0.0601808,9.807451e-06
0.060183,1.738477e-05
0.0602712,1.610366e-05
0.06030437,7.537369e-06
0.06032142,9.921179e-06
0.06034137,1.996857e-05
0.0603874,1.589218e-05
0.06040028,1.926063e-05
0.06040202,1.296661e-05
0.06040397,9.793012e-06
0.06047373,1.51386e-05
0.06050614,9.325217e-06
0.06053571,2.07382e-05
0.06054037,1.265978e-05
0.06054756,6.543589e-06
0.06055311,6.601498e-06
0.06060915,8.703111e-06
0.0606573,7.503892e-06
0.06066844,8.991536e-06
0.06068101,2.184911e-05
0.06072385,1.122018e-05
0.06073856,1.365819e-05
0.06077516,6.08347e-06
0.06079326,1.259434e-05
0.06088471,3.009734e-05
0.06091134,1.304057e-05
0.06096703,8.218512e-06
0.06103214,1.404774e-05
0.06105479,1.381546e-05
0.06106242,1.97216e-05
0.06113146,1.145487e-05
0.06114563,6.634315e-06
0.06115611,1.641235e-05
0.06120846,1.98349e-05
0.06122175,7.22521e-06
0.06124083,2.194332e-05
0.06125851,3.541373e-05
0.06127396,1.669922e-05
0.06129973,5.997107e-05
0.06130905,1.024851e-05
0.06133066,0.1809421
0.06135621,1.343641e-05
0.06135967,2.249984e-05
0.06138497,1.960855e-05
0.06139062,0.000182458
0.06139873,1.595736e-05
0.06142763,2.291224e-05
0.06146521,1.074197e-05
0.0615001,9.620605e-06
0.06150306,9.700297e-06
0.06151915,7.003752e-06
0.06152822,6.809606e-06
0.06154437,9.786355e-06
0.0615868,1.939407e-05
0.06159198,8.631049e-06
0.0616289,9.309772e-06
0.0616441,7.772799e-06
0.06169236,7.437739e-06
0.06171603,1.219874e-05
0.06174025,2.292374e-05
0.06181046,0.0005492163
0.06183203,1.696443e-05
0.06183963,0.0001293588
0.06215717,1.613937e-05
0.06216865,1.640168e-05
0.06217608,1.087886e-05
0.06221326,2.086284e-05
0.06222166,1.345996e-05
0.06224189,1.409028e-05
0.06228668,1.357006e-05
0.06233333,2.166385e-05
0.06235393,7.363878e-06
0.06236396,6.579582e-06
0.06237509,2.240844e-05
0.06243195,6.585736e-06
0.06243371,2.365839e-05
0.06245411,1.242865e-05
0.06246473,9.771601e-06
0.06246479,7.062025e-06
0.06249955,1.756525e-05
0.06266603,6.837433e-06
0.06267589,3.435141e-05
0.06268016,1.929546e-05
0.06271895,1.051057e-05
0.06276888,1.851528e-05
0.06286501,1.909003e-05
0.06286822,8.771623e-06
0.06287515,2.007727e-05
0.06289196,9.881574e-06
0.06289686,1.091297e-05
0.06291459,1.012952e-05
0.0629485,1.268777e-05
0.06295247,1.811313e-05
0.06295878,1.833949e-05
0.06297982,1.131323e-05
0.0629928,1.905113e-05
0.06300832,9.892388e-06
0.06302625,9.748478e-06
0.06305261,1.323535e-05
0.06308086,1.644909e-05
0.06308827,3.712506e-05
0.06316209,2.964145e-05
0.06316459,9.481605e-06
0.06318031,8.417866e-06
0.06318251,1.312334e-05
0.06321666,1.166363e-05
0.06322379,2.364711e-05
0.06326921,5.943925e-06
0.06328477,8.311597e-06
0.06329156,9.672778e-06
0.06329211,8.905116e-06
0.06329707,2.24553e-05
0.06333014,6.691401e-06
0.06334183,1.388315e-05
0.06336407,1.286779e-05
0.06337573,7.046095e-06
0.06338344,1.9975e-05
0.06340973,8.280939e-06
0.06343275,8.34911e-06
0.06345384,1.015413e-05
0.06349774,8.742591e-06
0.06351299,7.524832e-06
0.06352548,1.781182e-05
0.06354513,1.112587e-05
0.06355245,1.019036e-05
0.0635812,1.685179e-05
0.0636631,1.120847e-05
0.06374768,1.206573e-05
0.06376705,9.036899e-06
0.06377555,0.0001668629
0.06380474,1.220125e-05
0.06381711,1.466557e-05
0.06385367,1.320245e-05
0.06387033,1.801689e-05
0.06391274,7.292883e-06
0.06392238,1.115409e-05
0.06393123,1.430257e-05
0.06393189,1.451476e-05
0.06401348,2.203868e-05
0.06409494,6.261496e-06
0.06412134,4.038621e-05
0.06412326,1.210843e-05
0.0641467,6.589884e-06
0.06419333,8.186295e-06
0.06420408,1.085276e-05
0.0642236,1.135033e-05
0.06426267,1.846035e-05
0.06433877,6.989977e-06
0.06433898,7.835143e-06
0.0643426,6.710057e-06
0.06434619,2.914473e-05
0.06437097,9.294995e-06
0.06438465,1.287868e-05
0.06439572,8.846035e-06
0.06440299,8.965265e-06
0.064409,1.014731e-05
0.06443187,1.589609e-05
0.06445519,6.555067e-06
0.0644561,1.542967e-05
0.06445654,8.815405e-06
0.06448665,1.47436e-05
0.06449989,1.518529e-05
0.06453131,1.908074e-05
0.06455893,1.455887e-05
0.06459985,7.731268e-06
0.06462707,7.56077e-06
0.06463336,1.770956e-05
0.06463802,6.49888e-06
0.06469934,2.839428e-05
0.06470659,0.0001813194
0.06473596,1.331925e-05
0.06474157,1.461687e-05
0.06475025,1.256463e-05
0.06480452,6.707739e-06
0.06482466,3.953093e-06
0.06494427,9.868452e-06
0.06494548,7.865602e-06
0.06495069,8.683141e-06
0.06497593,1.439212e-05
0.06500722,9.016909e-06
0.06501982,2.473939e-05
0.06502692,5.832189e-06
0.06507261,1.105763e-05
0.06508908,1.245542e-05
0.06510432,2.187151e-05
0.06515784,1.890588e-05
0.06518982,1.748334e-05
0.0652275,1.743017e-05
0.06527424,8.524866e-06
0.06530051,2.045296e-05
0.06532898,0.0003207135
0.06533426,1.235807e-05
0.06533652,1.224184e-05
0.06534099,1.354632e-05
0.06534602,6.784005e-06
0.06535836,1.096133e-05
0.06537645,2.233847e-05
0.06538869,1.346122e-05
0.06540738,1.839539e-05
0.06541001,8.243837e-06
0.06542591,4.621748e-06
0.06543933,2.044508e-05
0.06544218,1.327508e-05
0.0654984,9.701287e-06
0.06550401,5.780129e-06
0.06550413,1.390791e-05
0.06553176,1.568573e-05
0.06553491,1.616031e-05
0.06556969,8.436187e-06
0.06558046,1.989227e-05
0.0656373,7.675272e-06
0.06566663,1.073598e-05
0.06571145,1.395297e-05
0.06574477,1.646924e-05
0.06577266,5.270903e-06
0.06579743,2.356961e-05
0.06580127,2.234246e-05
0.06583275,1.95555e-05
0.06585138,2.273923e-05
0.06587117,7.909732e-06
0.06591102,1.648496e-05
0.06594082,1.00104e-05
0.06596138,2.292624e-05
0.06606869,1.299925e-05
0.06607275,8.894303e-06
0.06607907,1.317781e-05
0.06612688,8.148001e-06
0.06614743,9.140357e-06
0.06615368,1.187777e-05
0.06616052,6.389613e-06
0.06616893,1.118022e-05
0.06617793,1.431183e-05
0.06620741,2.039132e-05
0.06621969,0.289842
0.06634523,2.03613e-05
0.06637704,1.946088e-05
0.06638581,1.098412e-05
0.06642192,1.61714e-05
0.06642202,7.65298e-06
0.06642956,6.155169e-06
0.06645048,1.710221e-05
0.0664548,2.418067e-05
0.06649324,2.841152e-05
0.0665384,1.867012e-05
0.06655996,2.398497e-05
0.06660177,2.316725e-05
0.06662918,8.990643e-06
0.06667584,1.945748e-05
0.06670766,5.968941e-06
0.06674106,1.402029e-05
0.06674107,1.155315e-05
0.06674172,7.442836e-06
0.06676674,1.527004e-05
0.06678475,1.352855e-05
0.06682059,1.028302e-05
0.06686747,8.552878e-06
0.06687039,2.43381e-05
0.06687353,2.0728e-05
0.06690001,1.624032e-05
0.0669556,0.0001041618
0.06695577,1.222886e-05
0.06696199,6.177854e-06
0.06701796,6.327297e-06
0.06705517,1.572506e-05
0.0671221,1.697464e-05
0.06715722,1.218046e-05
0.06718906,1.430552e-05
0.06726235,5.321316e-06
0.06728346,1.335227e-05
0.06736609,1.098611e-05
0.0673842,1.819307e-05
0.06739175,8.83013e-06
0.06741869,5.689136e-06
0.06743986,1.846083e-05
0.06744299,1.761298e-05
0.06744627,1.716482e-05
0.0675407,6.6384e-06
0.06759612,3.181487e-05
0.06760363,1.52492e-05
0.06761539,1.830135e-05
0.06764613,8.053842e-06
0.06765661,1.180057e-05
0.06766661,1.273447e-05
0.06770772,9.865285e-06
0.06773394,1.89709e-05
0.06776541,8.218254e-06
0.06777107,3.208666e-05
0.0677783,2.433668e-05
0.06778038,1.081018e-05
0.06778242,7.183059e-06
0.06783314,2.799669e-05
0.0678459,1.407791e-05
0.06790762,1.22257e-05
0.06791994,1.609693e-05
0.06795835,2.49714e-05
0.06796554,6.945744e-06
0.06797272,1.247549e-05
0.06802104,2.084058e-05
0.06802849,1.402623e-05
0.06803728,9.059761e-06
0.06808643,1.694356e-05
0.06810331,1.452408e-05
0.06815729,9.042001e-06
0.06818408,1.935491e-05
0.06818463,1.017169e-05
0.06820307,1.356129e-05
0.06821312,1.641118e-05
0.06824052,1.397484e-05
0.06825395,1.298002e-05
0.06827345,1.975475e-05
0.06829174,1.41786e-05
0.06829586,9.883549e-06
0.06834611,1.250854e-05
0.06835015,1.953801e-05
0.06840692,2.102816e-05
0.06842,1.60759e-05
0.06842035,1.727179e-05
0.06842527,1.111924e-05
0.06842531,1.741433e-05
0.06845674,6.651902e-06
0.06850684,2.181099e-05
0.06851498,1.715433e-05
0.06853966,2.618861e-05
0.06857023,2.184702e-05
0.06857783,9.535023e-06
0.06859515,2.566891e-05
0.06862946,2.573193e-05
0.06873079,6.07242e-06
0.06873208,2.842464e-05
0.06875437,1.491768e-05
0.0687686,2.215256e-05
0.06878041,2.16167e-05
0.06881734,3.345616e-05
0.06882904,2.615211e-05
0.06885695,2.963221e-05
0.06885819,1.382116e-05
0.06886956,7.534941e-06
0.06889345,3.495504e-05
0.06889454,1.327032e-05
0.06894042,5.431382e-06
0.06894789,6.708271e-06
0.0689556,1.067231e-05
0.0689609,7.869162e-06
0.06896895,6.273593e-06
0.06898373,7.909381e-06
0.06899814,1.762462e-05
0.06901398,7.143381e-06
0.06906386,1.20051e-05
0.06907747,8.106223e-06
0.06912194,9.984471e-06
0.06913418,9.074341e-06
0.06914543,1.69329e-05
0.0691499,1.298212e-05
0.0692175,1.188357e-05
0.069248,1.268655e-05
0.06925597,8.357807e-06
0.06928628,1.507995e-05
0.06929615,1.824656e-05
0.06932004,8.64803e-06
0.06933695,6.881858e-06
0.0693526,2.961894e-05
0.06937046,9.464187e-06
0.069383,2.240746e-05
0.06939004,1.068383e-05
0.06940145,1.931221e-05
0.06943815,2.021329e-05
0.06948824,1.89141e-05
0.06949852,1.914991e-05
0.06950416,2.184326e-05
0.06954444,2.350134e-05
0.06955317,6.121039e-06
0.06955347,2.557445e-05
0.06955677,1.235355e-05
0.06958372,1.147521e-05
0.06959581,1.559885e-05
0.06964082,1.553666e-05
0.06965905,0.9965498
0.06970641,1.440853e-05
0.06970792,1.42769e-05
0.06972858,6.124589e-06
0.06973777,2.020562e-05
0.06978459,1.728734e-05
0.06983516,1.650516e-05
0.06985497,1.401655e-05
0.06990404,2.473486e-05
0.06991021,3.815497e-05
0.06991255,1.008479e-05
0.06991589,9.082022e-06
0.06992629,5.823708e-06
0.06993762,9.899426e-06
0.06996457,1.506101e-05
0.06996498,1.002107e-05
0.06996976,1.699412e-05
0.07000721,8.091505e-06
0.07001291,8.761427e-06
0.07001398,2.321436e-05
0.07001882,1.159569e-05
0.07002382,1.054574e-05
0.07002541,1.611706e-05
0.07002984,1.613339e-05
0.07007853,2.455182e-05
0.07008105,1.524332e-05
0.07012818,2.163369e-05
0.07013679,7.178651e-06
0.07014016,1.36913e-05
0.07015388,0.1828763
0.07017123,1.607884e-05
0.07018461,7.697048e-06
0.07018486,1.154701e-05
0.07018702,1.8395e-05
0.07022236,1.575042e-05
0.07022804,1.355649e-05
0.07029753,9.264849e-06
0.07033522,1.982869e-05
0.07035749,2.789623e-05
0.07042665,2.070485e-05
0.07043902,4.307673e-05
0.07043932,1.227904e-05
0.0704537,2.191767e-05
0.07045649,1.964262e-05
0.07045922,2.543325e-05
0.07046507,1.634321e-05
0.07046612,8.092989e-06
0.07046882,7.165491e-06
0.07050975,2.794681e-05
0.07051647,0.0001213165
0.07053394,2.5425e-05
0.07054979,1.391761e-05
0.07056474,1.662652e-05
0.07058144,1.566908e-05
0.07060315,6.296751e-06
0.07061225,1.748297e-05
0.07063181,1.662212e-05
0.07063802,7.419282e-06
0.07064488,2.373556e-05
0.07064569,8.333413e-06
0.07065079,1.395415e-05
0.07065443,2.14924e-05
0.07065918,0.2210651
0.07065935,1.40781e-05
0.07066117,1.509797e-05
0.07067255,2.216501e-05
0.07070393,1.295418e-05
0.07070585,1.78316e-05
0.07073829,6.252076e-06
0.07074345,3.083508e-05
0.07074869,6.605984e-06
0.07077486,1.04913e-05
0.07079818,0.0001347433
0.07080024,2.015639e-05
0.07082591,1.486178e-05
0.07085313,1.092914e-05
0.07086112,1.530486e-05
0.07088035,1.817618e-05
0.07089175,7.467587e-06
0.07089876,5.882143e-06
0.07089917,1.728242e-05
0.07090575,9.914846e-06
0.07090918,8.118873e-06
0.07091139,9.885827e-06
0.07092426,1.314516e-05
0.07092539,6.178247e-06
0.07094384,2.686545e-05
0.070958,1.768764e-05
0.07096446,2.780254e-05
0.07097253,1.144181e-05
0.070976,1.974537e-05
0.0709769,1.82858e-05
0.07099496,2.061308e-05
0.07099877,8.079443e-06
0.07100029,1.641133e-05
0.07100691,1.823083e-05
0.07102349,8.714745e-06
0.07105031,2.386762e-05
0.07109201,3.255861e-05
0.07109695,9.71564e-06
0.07112664,2.68892e-05
0.0711292,6.620658e-06
0.07114925,1.617991e-05
0.07114994,5.671461e-06
0.07116041,1.624972e-05
0.07121239,1.624913e-05
0.071235,7.822236e-06
0.07123731,5.944626e-06
0.07123818,3.354405e-05
0.07124013,2.10763e-05
0.07126254,1.118378e-05
0.07134498,4.652075e-05
0.07135315,2.348732e-05
0.07139554,0.003764757
0.07140253,1.501717e-05
0.07140847,2.043668e-05
0.07141869,8.130758e-06
0.07142688,7.275627e-06
0.07144567,9.838019e-06
0.07144848,4.478918e-06
0.07144915,1.664722e-05
0.0714517,1.044487e-05
0.07145494,2.066846e-05
0.07147093,6.941169e-06
0.07152795,2.623017e-05
0.07152798,8.548457e-06
0.07153203,7.689377e-06
0.07156497,1.323718e-05
0.07157277,1.129837e-05
0.07157818,1.745162e-05
0.07158756,6.728677e-06
0.07159599,1.824856e-05
0.07160819,2.274378e-05
0.07162091,1.455443e-05
0.07165907,1.011117e-05
0.07172223,1.882767e-05
0.07172246,6.8338e-06
0.07172922,2.445119e-05
0.0717326,1.304019e-05
0.07173759,1.932529e-05
0.07174758,8.99956e-06
0.07178608,6.766696e-06
0.07178798,2.019513e-05
0.07184149,1.331748e-05
0.07184321,2.189393e-05
0.07185685,1.784098e-05
0.07187143,1.338926e-05
0.07188039,5.195328e-06
0.07190169,7.560193e-06
0.07190995,1.924206e-05
0.0719348,2.257424e-05
0.07194401,9.386405e-06
0.07197506,1.65671e-05
0.07198603,1.905346e-05
0.07200859,5.958479e-06
0.07209159,1.507022e-05
0.07209532,2.200642e-05
0.07209545,1.526095e-05
0.07211732,7.212275e-06
0.07213547,1.801253e-05
0.0721371,1.666297e-05
0.07214497,7.933732e-06
0.07218091,1.556528e-05
0.07218827,7.35724e-06
0.07220796,1.960357e-05
0.07220798,2.252947e-05
0.07221049,7.076057e-06
0.07227008,1.709766e-05
0.0722764,2.862612e-05
0.07227997,2.226087e-05
0.07228113,9.700241e-06
0.07229172,1.901696e-05
0.07229763,2.266615e-05
0.07230872,1.034692e-05
0.07231765,1.178346e-05
0.07234096,1.055957e-05
0.07239683,1.244626e-05
0.07239997,1.485009e-05
0.07240881,1.886539e-05
0.07241425,5.044874e-06
0.07245157,1.860529e-05
0.07249124,8.772876e-06
0.07251495,2.296574e-05
0.07253302,8.980221e-06
0.07253376,8.89187e-06
0.07255853,6.663451e-06
0.07256207,1.082707e-05
0.07262365,7.007537e-06
0.07265782,1.243509e-05
0.07273332,0.0002906566
0.07275446,1.138042e-05
0.07276449,2.232013e-05
0.07278506,1.575949e-05
0.07281254,1.835074e-05
0.07285791,1.468367e-05
0.07288984,1.935663e-05
0.07291093,1.010419e-05
0.07302083,8.55281e-06
0.07302672,2.116082e-05
0.07305124,1.030677e-05
0.0730552,5.395257e-06
0.07310317,3.100521e-05
0.07311567,1.357057e-05
0.07313971,1.564562e-05
0.07314728,1.310124e-05
0.07319497,6.020742e-06
0.07319603,1.458572e-05
0.07321128,1.493814e-05
0.0732114,8.014408e-06
0.07324266,1.271939e-05
0.07325868,7.627261e-06
0.07326236,2.58718e-05
0.07326726,1.615973e-05
0.07327212,6.593448e-06
0.0732768,2.173517e-05
0.07330287,1.456522e-05
0.07334352,1.282559e-05
0.07336622,1.349402e-05
0.07336856,1.852708e-05
0.07337318,2.712168e-05
0.07338195,1.713194e-05
0.07340088,1.390627e-05
0.07340904,1.305563e-05
0.07340978,1.624155e-05
0.0734102,8.178991e-06
0.07341992,1.236369e-05
0.07344842,1.59281e-05
0.07350723,8.219326e-06
0.07352979,9.025222e-06
0.07353757,9.76545e-06
0.07354943,6.420633e-06
0.07356232,1.079532e-05
0.07358789,2.608682e-05
0.07367431,0.0001055371
0.07368074,6.530839e-06
0.07370113,1.079166e-05
0.0737354,7.166399e-06
0.07376824,2.132743e-05
0.07379111,7.109817e-06
0.07380561,2.572129e-05
0.07381555,1.288597e-05
0.07381719,1.351336e-05
0.07384941,2.125523e-05
0.07387826,1.602956e-05
0.07388818,1.259695e-05
0.0739047,2.293338e-05
0.07391185,1.506563e-05
0.07391472,1.046651e-05
0.07392204,1.402329e-05
0.07393298,2.015051e-05
0.07393438,2.095816e-05
0.07394835,6.811914e-06
0.07397167,2.272588e-05
0.07397349,1.376742e-05
0.07397623,1.665082e-05
0.07401053,1.303763e-05
0.07401077,2.444323e-05
0.07404435,3.073083e-05
0.07404853,7.318932e-06
0.07406839,1.984575e-05
0.07408473,1.09303e-05
0.0740984,1.455422e-05
0.07418311,2.701369e-05
0.0742243,6.663578e-06
0.07422874,9.902533e-06
0.07426814,1.4785e-05
0.07428729,1.520107e-05
0.07430159,1.878193e-05
0.07434972,2.166661e-05
0.07436159,1.253936e-05
0.0743669,1.204136e-05
0.07436852,7.937215e-06
0.07440562,6.951902e-06
0.07442675,2.054108e-05
0.07443511,6.44672e-06
0.07446129,1.317048e-05
0.07446228,1.579029e-05
0.07446758,1.026986e-05
0.07447974,2.155924e-05
0.07449828,4.966002e-06
0.07450505,1.309353e-05
0.07451846,1.462054e-05
0.0745213,9.707035e-06
0.07452664,9.967789e-06
0.07453166,6.198755e-06
0.07454763,6.995065e-06
0.07456033,6.590756e-06
0.0745707,1.540183e-05
0.07460385,2.348572e-05
0.0746749,1.813554e-05
0.07469647,1.325755e-05
0.07474891,1.082772e-05
0.07476837,6.336014e-06
0.07477605,7.534607e-06
0.07478051,2.418958e-05
0.0748148,1.818326e-05
0.07482935,2.898328e-05
0.07485285,9.071283e-06
0.07485473,8.219909e-05
0.07485949,9.513844e-06
0.07487281,0.0002023219
0.07489698,6.548301e-06
0.07491174,1.943096e-05
0.07492303,7.061066e-06
0.07494869,2.213384e-05
0.07497275,1.502248e-05
0.07497539,2.405842e-05
0.07497746,1.583712e-05
0.07499647,2.060359e-05
0.07503892,5.125844e-06
0.0750415,2.134384e-05
0.07505205,1.692025e-05
0.07505493,1.792066e-05
0.07505533,1.241718e-05
0.07506069,3.963718e-05
0.07506374,1.259061e-05
0.07507862,2.016869e-05
0.07509906,1.817356e-05
0.07510284,2.225348e-05
0.07515131,1.362373e-05
0.07515556,1.316232e-05
0.07517025,1.951018e-05
0.07519871,1.522352e-05
0.07523876,1.339782e-05
0.07524848,1.846981e-05
0.07525126,1.042078e-05
0.07526232,7.0853e-06
0.07526921,7.557989e-06
0.07531387,1.615984e-05
0.07532043,1.185449e-05
0.07533921,1.42354e-05
0.0753861,2.626786e-05
0.07538706,7.955078e-06
0.07542372,2.047101e-05
0.07544478,1.235248e-05
0.07546343,1.174462e-05
0.075483,6.959691e-06
0.07548339,2.734087e-05
0.07550441,1.639012e-05
0.07551912,1.70774e-05
0.07551944,7.015179e-06
0.07557852,1.121628e-05
0.07558731,2.586132e-05
0.07559218,1.804795e-05
0.07561585,1.510917e-05
0.07561949,8.885587e-06
0.07563971,1.828885e-05
0.07564004,2.6485e-05
0.07566444,7.298249e-06
0.0756713,1.224165e-05
0.07568406,1.987822e-05
0.07569813,9.187075e-06
0.07573065,1.564787e-05
0.0757826,9.307678e-06
0.07578897,1.465716e-05
0.0758328,6.547195e-06
0.07585087,8.677642e-06
0.07586928,2.285216e-05
0.07587238,2.010776e-05
0.07588289,1.000252e-05
0.07588712,4.968037e-06
0.07591577,3.659541e-05
0.07593151,2.080043e-05
0.07596016,2.508124e-05
0.07596552,2.334001e-05
0.07601319,8.788795e-06
0.07604831,7.889351e-06
0.07609389,2.203408e-05
0.07610577,1.55137e-05
0.07615053,2.124287e-05
0.07616302,7.015734e-06
0.07617805,8.663402e-06
0.07622533,8.743692e-06
0.07625668,2.047462e-05
0.07625771,2.364358e-05
0.07627825,1.209676e-05
0.07632125,9.522464e-06
0.07643095,4.408804e-05
0.0764358,8.473754e-06
0.07643984,1.83337e-05
0.07648433,3.484117e-05
0.07651176,7.457046e-06
0.07657608,1.682904e-05
0.07657805,9.755691e-06
0.07664118,1.242358e-05
0.07664614,9.108851e-06
0.07665704,2.876188e-05
0.07672911,1.241053e-05
0.07678256,1.964145e-05
0.07678594,1.906342e-05
0.07679916,7.578618e-06
0.07682367,1.076611e-05
0.07684272,0.8072935
0.07687012,1.500132e-05
0.07693513,0.0001916935
0.07695248,7.686532e-06
0.07696421,7.764218e-06
0.0769779,1.156645e-05
0.07699326,1.516368e-05
0.0770406,8.005999e-06
0.07704616,2.286928e-05
0.07704953,1.450693e-05
0.07706301,1.945238e-05
0.0770705,9.181134e-06
0.07707211,1.56152e-05
0.07707329,1.441033e-05
0.07709752,1.999762e-05
0.07710567,1.802316e-05
0.07710704,1.882018e-05
0.07710898,1.998213e-05
0.07712497,2.573187e-05
0.07712823,1.928318e-05
0.07712834,2.699124e-05
0.07713708,1.728531e-05
0.07715286,7.557524e-06
0.07716695,1.45975e-05
0.07719515,1.481666e-05
0.0771959,1.611472e-05
0.0771975,2.170294e-05
0.07723528,7.497945e-06
0.07723813,5.717064e-06
0.0772706,1.419993e-05
0.07729223,2.199693e-05
0.07729971,1.664349e-05
0.07731415,8.950065e-06
0.07735579,1.065669e-05
0.07737484,6.113255e-06
0.07740375,1.749742e-05
0.07743201,7.880612e-06
0.07744315,6.745704e-06
0.0774539,2.018048e-05
0.07748041,2.525929e-05
0.0775303,2.38754e-05
0.07754618,2.06222e-05
0.07754976,8.144149e-06
0.07755055,1.477244e-05
0.0775866,1.662868e-05
0.07759329,5.692061e-06
0.07762039,6.157875e-06
0.07763185,1.873044e-05
0.07763875,1.68749e-05
0.07764599,8.149209e-06
0.07767301,0.0001614988
0.07767721,7.280284e-06
0.07775977,1.571058e-05
0.07779017,1.295044e-05
0.07779283,2.396752e-05
0.0778026,1.98255e-05
0.07782737,7.819139e-06
0.07783601,2.879443e-05
0.07784954,1.530627e-05
0.07785267,1.821304e-05
0.07785505,2.021715e-05
0.07786366,1.095095e-05
0.07787568,2.157938e-05
0.07790483,6.036427e-06
0.07793399,1.594257e-05
0.07797594,7.539476e-06
0.07800215,1.341319e-05
0.07802346,7.335052e-06
0.07803418,1.860755e-05
0.07803549,1.692531e-05
0.07804363,7.749006e-06
0.07804472,2.046046e-05
0.07809494,1.5877e-05
0.07810073,1.532823e-05
0.07813111,1.143255e-05
0.07813572,2.058505e-05
0.07814569,1.206667e-05
0.07821479,7.201421e-06
0.07823801,2.190471e-05
0.07826353,1.646145e-05
0.07830912,1.632703e-05
0.07832134,2.185033e-05
0.0783485,1.138576e-05
0.07835265,9.971898e-06
0.07837704,8.52516e-06
0.07838064,2.190949e-05
0.07839029,1.358353e-05
0.07839226,1.941019e-05
0.07839622,1.639101e-05
0.07843612,1.023862e-05
0.07846712,1.893135e-05
0.0784674,2.905006e-05
0.07847168,1.3029e-05
0.07847939,3.583783e-05
0.07848295,1.028125e-05
0.07849027,1.844768e-05
0.07854612,6.113916e-06
0.07861191,6.357287e-06
0.07866049,7.186425e-06
0.07868797,7.844533e-06
0.07870854,2.158292e-05
0.07873239,1.541482e-05
0.07874735,1.453608e-05
0.07876,1.475378e-05
0.0788089,7.14412e-06
0.07882023,2.58591e-05
0.0788301,3.747466e-06
0.07883266,3.068805e-05
0.07893743,1.426731e-05
0.07893917,1.68688e-05
0.07899249,1.7029e-05
0.07899638,1.435799e-05
0.07900923,1.617432e-05
0.07900961,7.386327e-06
0.07901306,1.194506e-05
0.07901878,1.249646e-05
0.07904453,2.304468e-05
0.07906473,8.001429e-06
0.07906973,8.813939e-06
0.07907328,2.271739e-05
0.07909898,2.168409e-05
0.07910621,2.006346e-05
0.07914236,1.127734e-05
0.07914597,2.059811e-05
0.0791466,1.995897e-05
0.07917012,1.989008e-05
0.07918116,1.462019e-05
0.07921043,8.714652e-06
0.07921356,1.633487e-05
0.07921598,2.430615e-05
0.07923575,1.737166e-05
0.07923605,1.210037e-05
0.07923985,7.927431e-06
0.0792532,6.251443e-06
0.07928152,1.306426e-05
0.07928641,8.406792e-06
0.07932216,6.262324e-06
0.07934802,3.404937e-05
0.07935372,1.06759e-05
0.07936122,3.689219e-05
0.0794194,7.800717e-06
0.07943162,3.101569e-05
0.07943437,2.671249e-05
0.07943735,1.269273e-05
0.07945092,2.261576e-05
0.07949737,1.935134e-05
0.07950992,2.648236e-05
0.07951182,1.08642e-05
0.07951454,7.874663e-06
0.07954124,2.117961e-05
0.07956465,6.710651e-06
0.07957825,1.757914e-05
0.07959461,1.294618e-05
0.07960093,1.202324e-05
0.07962172,1.280257e-05
0.07963659,1.518236e-05
0.0796543,7.505227e-06
0.07967153,1.221963e-05
0.07968518,8.082336e-06
0.07969704,3.894094e-05
0.07971808,1.597409e-05
0.07974272,2.159721e-05
0.07974303,1.762668e-05
0.07974344,2.604661e-05
0.07975495,1.456447e-05
0.07976183,2.428221e-05
0.07976395,1.136598e-05
0.07976828,2.94667e-05
0.07977922,3.292607e-05
0.07978203,8.780914e-06
0.07978379,1.270135e-05
0.07980792,1.442309e-05
0.07980795,0.0002253278
0.07982273,9.245063e-06
0.07982625,1.258059e-05
0.0798862,1.064986e-05
0.07988682,3.406076e-05
0.07989725,0.0002695932
0.07991192,7.680684e-06
0.07991341,1.885303e-05
0.07991958,1.212526e-05
0.07993906,1.286352e-05
0.07995839,6.573991e-06
0.0799994,1.310698e-05
0.07999993,2.456805e-05
0.08000026,2.140625e-05
0.08006936,1.62665e-05
0.08007298,2.169866e-05
0.08009038,5.91963e-06
0.08011892,7.072955e-06
0.08013717,7.125917e-06
0.08016622,7.10118e-06
0.08017128,8.017781e-06
0.08019761,1.029108e-05
0.08022383,2.618518e-05
0.08028877,7.276181e-06
0.08029837,1.747795e-05
0.08032414,0.0001385902
0.08032659,8.233851e-06
0.08033353,1.36532e-05
0.08034106,3.762808e-05
0.08041579,1.00893e-05
0.08044117,1.163093e-05
0.08044197,2.381359e-05
0.08047084,8.210276e-05
0.08053759,1.117425e-05
0.08054797,8.102486e-05
0.08054834,1.774466e-05
0.08057363,8.960902e-06
0.08062433,5.900994e-06
0.08065905,1.410224e-05
0.08067842,1.06731e-05
0.08068316,1.29094e-05
0.08071961,2.10731e-05
0.08074982,7.612233e-06
0.08075132,1.348624e-05
0.08076499,2.29225e-05
0.08076992,1.822866e-05
0.08078528,2.035462e-05
0.08078528,1.752337e-05
0.08083791,1.118968e-05
0.08089712,2.199917e-05
0.08090048,1.999279e-05
0.0809598,9.011329e-06
0.08097602,3.769457e-05
0.08098958,1.55769e-05
0.08102801,1.293754e-05
0.08102962,1.651471e-05
0.08103418,1.914607e-05
0.08105499,1.176045e-05
0.08107672,8.159663e-06
0.08108518,1.158976e-05
0.0811018,1.577597e-05
0.08112918,6.328885e-06
0.08114392,5.754509e-05
0.08114942,7.721593e-06
0.08116425,3.095824e-05
0.08116637,1.631528e-05
0.08117108,2.240818e-05
0.08118016,3.383074e-05
0.08125168,1.446272e-05
0.08127101,7.135073e-06
0.08127292,9.726597e-06
0.08133215,1.109526e-05
0.08133863,2.049645e-05
0.0813468,2.048493e-05
0.08138929,1.088451e-05
0.08144458,1.540397e-05
0.08146995,1.517548e-05
0.08148184,1.982029e-05
0.08149754,8.082964e-06
0.08151128,7.326625e-05
0.08151997,1.01459e-05
0.08152726,1.219563e-05
0.08155251,2.026043e-05
0.08158508,2.191828e-05
0.08159927,2.289281e-05
0.08163188,2.232644e-05
0.08165181,2.464768e-05
0.08166546,1.057521e-05
0.08167071,1.357384e-05
0.0816736,7.830497e-06
0.08169509,2.431971e-05
0.08169645,2.487143e-05
0.08170307,1.142306e-05
0.08170501,9.370629e-06
0.08172447,1.876935e-05
0.08172964,1.631531e-05
0.08179724,0.0001009756
0.08181418,2.544648e-05
0.08181835,8.015036e-06
0.08187075,7.021355e-06
0.08187298,8.12149e-06
0.08191169,1.159054e-05
0.081941,2.338716e-05
0.0819502,7.67594e-06
0.08195925,1.43113e-05
0.08196389,1.983026e-05
0.08202545,1.599149e-05
0.08205866,1.071146e-05
0.08209904,2.180972e-05
0.08212308,1.881409e-05
0.0821328,2.394579e-05
0.08213869,1.925839e-05
0.08215571,1.125394e-05
0.08216774,1.376927e-05
0.08218509,1.819123e-05
0.08220102,9.568077e-06
0.08222733,6.085551e-05
0.08224391,6.720141e-06
0.08225112,1.615347e-05
0.082261,7.727521e-06
0.08227617,1.499126e-05
0.08228508,1.473053e-05
0.08229023,2.440139e-05
0.08231722,2.043371e-05
0.08231905,1.627514e-05
0.08241429,1.238916e-05
0.08241969,1.388514e-05
0.08242488,9.92722e-06
0.08242574,2.323732e-05
0.08244259,6.396996e-06
0.08245338,1.788472e-05
0.08249088,1.991058e-05
0.08249748,1.734172e-05
0.08250119,1.484823e-05
0.08251245,6.990539e-06
0.08251416,8.621224e-06
0.08251476,1.651488e-05
0.08252662,3.647837e-05
0.08254451,1.682906e-05
0.08257012,2.128331e-05
0.08257455,1.358183e-05
0.08259515,9.801225e-06
0.08263235,1.788687e-05
0.08263624,1.997301e-05
0.08267117,1.922544e-05
0.08267225,9.473081e-06
0.08269449,1.83858e-05
0.08269566,1.004147e-05
0.08269907,2.253844e-05
0.08270431,8.508925e-06
0.0827179,7.902885e-06
0.082739,1.870781e-05
0.08279282,5.905134e-06
0.08279295,1.104445e-05
0.08280034,7.811955e-06
0.08280284,2.67477e-05
0.08284049,6.698907e-06
0.08284538,2.22093e-05
0.08284856,5.587588e-06
0.08288273,1.996044e-05
0.08288612,0.0001117674
0.08289189,2.492455e-05
0.08292364,1.556576e-05
0.08296442,1.585869e-05
0.08299146,1.676887e-05
0.082996,7.496456e-06
0.08300141,6.364387e-06
0.08302353,6.863061e-06
0.08302599,0.0002526074
0.08304812,1.359497e-05
0.08306309,1.675528e-05
0.08311234,2.479813e-05
0.08312756,3.80912e-05
0.08317864,1.164439e-05
0.08321417,2.799668e-05
0.08321616,8.816728e-06
0.08321824,9.081901e-06
0.08323397,8.935565e-06
0.08329134,1.868383e-05
0.08331791,1.998991e-05
0.08333968,1.72308e-05
0.08334816,1.934949e-05
0.08336286,3.363147e-05
0.08340588,7.32842e-06
0.08341349,1.687428e-05
0.08341541,2.051215e-05
0.08342483,1.160554e-05
0.08344489,1.793119e-05
0.08346245,8.176266e-06
0.08347463,7.62376e-06
0.08348652,1.894313e-05
0.08349849,4.701064e-05
0.08353094,2.409793e-05
0.08353635,6.139724e-06
0.08354769,1.026296e-05
0.08355933,2.646608e-05
0.08357149,1.848883e-05
0.08358181,1.194392e-05
0.08358505,6.999611e-06
0.08359923,8.599649e-06
0.08359975,1.267909e-05
0.08360605,0.0003451282
0.08360622,1.809687e-05
0.08361022,1.67102e-05
0.08361603,9.456433e-06
0.08362483,1.437794e-05
0.08363826,1.374394e-05
0.08364187,8.322854e-05
0.08364263,1.53661e-05
0.08366989,7.279192e-06
0.08372795,2.359136e-05
0.08376557,1.207585e-05
0.08377543,2.576956e-05
0.08377875,1.821577e-05
0.08378094,2.483359e-05
0.0837865,1.262426e-05
0.08379103,1.900741e-05
0.08384933,3.166887e-05
0.08388138,7.644279e-06
0.08392981,1.506704e-05
0.08394108,2.261477e-05
0.08396078,9.944922e-05
0.08397025,5.082014e-05
0.08397032,1.535359e-05
0.08398704,8.997918e-06
0.0839875,1.054022e-05
0.08403987,2.480752e-05
0.08406359,6.011791e-06
0.08406647,6.344631e-06
0.08406724,1.307049e-05
0.0840861,5.807821e-06
0.08410404,7.183327e-06
0.08412666,2.398712e-05
0.08413753,2.449526e-05
0.08414234,2.030509e-05
0.08414397,1.82631e-05
0.08416741,2.073059e-05
0.08417952,1.315855e-05
0.084197,6.264527e-06
0.08428774,1.070689e-05
0.08429643,0.112184
0.08430421,1.145496e-05
0.0843832,1.206926e-05
0.08438927,2.826053e-05
0.08439554,8.319695e-06
0.08440153,1.488647e-05
0.08440206,8.407933e-06
0.08440341,2.074209e-05
0.08441467,2.232683e-05
0.08441817,2.007177e-05
0.08446995,1.121398e-05
0.08450533,2.630913e-05
0.08452926,1.886964e-05
0.08454863,0.007158171
0.08455567,1.741214e-05
0.08459292,1.084704e-05
0.0846101,2.02205e-05
0.08468104,1.873841e-05
0.08470441,1.14921e-05
0.08471017,1.352421e-05
0.08474104,1.337069e-05
0.08476882,2.736237e-05
0.08479407,7.136137e-06
0.08480495,0.1820747
0.08481235,2.940913e-05
0.08485131,0.0001975981
0.08485231,2.159197e-05
0.08495478,1.190854e-05
0.08503227,0.0001388849
0.08503335,1.973342e-05
0.08506531,8.297056e-06
0.0850706,2.242361e-05
0.08507176,1.839868e-05
0.08507353,5.358049e-05
0.08507628,1.67421e-05
0.08509021,5.926089e-06
0.0851368,2.742412e-05
0.08513752,1.178994e-05
0.08514842,2.776223e-05
0.08515085,0.0002441744
0.08515533,3.31757e-05
0.08517846,1.065744e-05
0.08519002,2.355196e-05
0.08520811,1.100515e-05
0.08522794,1.293753e-05
0.08530765,3.085686e-05
0.08532126,2.176952e-05
0.08532138,1.282378e-05
0.08532142,1.892959e-05
0.08536592,9.799002e-06
0.08538504,8.729286e-06
0.08539081,2.062637e-05
0.08543111,8.718416e-06
0.08546798,6.517286e-06
0.08547468,3.464691e-05
0.08547764,7.164467e-06
0.08550853,9.849622e-06
0.08554212,5.523471e-06
0.08559856,9.939471e-06
0.08562122,1.013524e-05
0.08562414,2.158734e-05
0.08563387,1.355042e-05
0.08566623,2.266415e-05
0.08571603,3.200936e-05
0.08572356,2.589051e-05
0.08581204,1.530556e-05
0.08581761,1.054044e-05
0.08581783,7.104716e-06
0.08581997,2.35559e-05
0.08582,1.878678e-05
0.08584017,1.277553e-05
0.08584167,1.693862e-05
0.08587487,2.128097e-05
0.08588341,1.68166e-05
0.08589058,1.877202e-05
0.08594699,6.348176e-06
0.08595107,1.374654e-05
0.08595903,2.126909e-05
0.08595958,1.096044e-05
0.08596423,1.002415e-05
0.08600973,1.107038e-05
0.08604337,1.739842e-05
0.08605354,8.818987e-06
0.0860901,3.003158e-05
0.0860969,1.003161e-05
0.08610958,2.145067e-05
0.0861256,1.935977e-05
0.08613537,7.027949e-06
0.08625021,8.714495e-06
0.08629655,1.259557e-05
0.08635161,1.83953e-05
0.08642282,2.548783e-05
0.08642816,1.633545e-05
0.08643415,2.011469e-05
0.0864386,1.374256e-05
0.086463,1.954827e-05
0.08646487,8.137527e-06
0.08649459,1.461933e-05
0.0865203,1.437511e-05
0.08655967,2.686956e-05
0.08657485,0.0004938125
0.08658407,2.703829e-05
0.08663835,3.067486e-05
0.08665887,8.71509e-05
0.08668862,1.369426e-05
0.0867143,2.875067e-05
0.08672263,1.71082e-05
0.08677317,1.298022e-05
0.08679169,2.17922e-05
0.08680432,0.06536043
0.08681163,1.957083e-05
0.08684201,1.92772e-05
0.08688962,3.558203e-05
0.08694045,9.6751e-06
0.08701736,1.948105e-05
0.08702815,2.820362e-05
0.08706575,3.56702e-05
0.08706704,2.180263e-05
0.08707162,1.955191e-05
0.08709466,1.868653e-05
0.08709913,2.818376e-05
0.0871194,1.463912e-05
0.08713085,3.478543e-05
0.08713657,1.605219e-05
0.0871392,1.511725e-05
0.08714713,2.033605e-05
0.08717952,3.78128e-05
0.08718506,8.857945e-06
0.08719309,1.111249e-05
0.08719552,2.363868e-05
0.0872022,1.040473e-05
0.08720853,1.540735e-05
0.087244,2.168896e-05
0.08724587,1.331067e-05
0.08726324,6.110261e-06
0.08726814,1.076863e-05
0.0872949,1.721181e-05
0.08730062,2.269583e-05
0.0873121,2.820431e-05
0.08732787,1.826436e-05
0.08735289,0.0001985923
0.08745023,3.220248e-05
0.08746055,2.12378e-05
0.0874912,8.517388e-06
0.08750778,9.314605e-06
0.08751584,7.322389e-06
0.08753689,1.385079e-05
0.087589,1.010043e-05
0.08766343,1.42072e-05
0.08767351,1.157322e-05
0.08768377,1.046756e-05
0.08772281,1.710054e-05
0.08775394,1.925668e-05
0.08780813,1.069505e-05
0.08780833,2.560612e-05
0.08785,1.234977e-05
0.08788304,2.527105e-05
0.08788849,1.53424e-05
0.08789174,2.017087e-05
0.08790775,6.067768e-06
0.08792767,1.316639e-05
0.08797788,2.027115e-05
0.08799172,1.737081e-05
0.08799802,2.617889e-05
0.08801407,8.738542e-06
0.08803237,8.015849e-06
0.08803827,2.228293e-05
0.08805347,5.709331e-06
0.08806136,1.629153e-05
0.08806209,1.938291e-05
0.08806234,2.224105e-05
0.0880812,1.897952e-05
0.08809736,1.920827e-05
0.0881042,2.162825e-05
0.08811131,1.050439e-05
0.08813903,7.875524e-06
0.08816765,1.823106e-05
0.08817326,3.847363e-05
0.08817936,1.772843e-05
0.08820554,7.064967e-06
0.08822271,2.356367e-05
0.08826606,6.868481e-06
0.08829647,1.858734e-05
0.08830331,2.610556e-05
0.08832673,1.968579e-05
0.08832739,2.776577e-05
0.08836322,1.177765e-05
0.08836513,8.018931e-06
0.0883674,2.049725e-05
0.08841369,2.1714e-05
0.08842316,2.204965e-05
0.08849179,2.362553e-05
0.0884997,0.0001119295
0.08851702,7.378852e-06
0.08851767,1.2623e-05
0.08853624,1.969167e-05
0.08854922,1.225684e-05
0.08855106,1.980292e-05
0.08856837,6.494649e-06
0.08857616,1.678314e-05
0.08861096,2.007737e-05
0.08867758,9.558589e-06
0.08870343,8.422363e-06
0.08875686,1.816294e-05
0.08880845,1.967469e-05
0.0888199,9.532246e-06
0.08882401,9.085771e-06
0.08883283,2.410156e-05
0.0889155,2.210663e-05
0.08892731,6.616449e-06
0.08894833,1.262333e-05
0.08897372,1.408363e-05
0.08900111,8.252337e-06
0.08900956,3.412696e-05
0.08901873,8.258759e-06
0.08904497,1.309507
0.08905075,1.954355e-05
0.08906004,1.699597e-05
0.08910612,2.16942e-05
0.08912928,2.633006e-05
0.08913554,1.409277e-05
0.08914389,1.162453e-05
0.08919028,1.932114e-05
0.08920421,9.386739e-06
0.08924901,1.957041e-05
0.08926749,1.154495e-05
0.08928205,1.296179e-05
0.08928415,8.815449e-06
0.08931419,2.288927e-05
0.08931647,3.717141
0.08931804,6.282668e-06
0.08932725,6.640796e-06
0.08932869,8.073381e-06
0.08933597,1.902944e-05
0.08933997,1.779938e-05
0.08934709,7.337419e-06
0.0893524,2.027733e-05
0.08936036,3.589372e-05
0.08942749,3.469794e-05
0.08943339,1.442656e-05
0.08943719,6.483084e-06
0.08946155,3.140565e-05
0.08947771,2.670097e-05
0.08947786,1.78452e-05
0.0894909,6.896772e-06
0.0895297,1.122751e-05
0.08954388,1.521203
0.08957617,1.385099e-05
0.08958282,6.507138e-06
0.08965252,1.245954e-05
0.0896551,3.12044e-05
0.08967363,1.206079e-05
0.08967509,5.923587e-06
0.08969545,1.626217e-05
0.089729,2.107169e-05
0.08973169,2.819863e-05
0.08974987,1.208147e-05
0.08976761,7.587339e-05
0.08979081,5.495674e-05
0.0897988,6.929721e-06
0.08981024,0.0001311017
0.08987823,8.3282e-06
0.08991402,1.526974e-05
0.08992231,1.545646e-05
0.08995542,7.527869e-06
0.08996912,4.232922e-05
0.08997302,1.120198e-05
0.09001781,1.020861e-05
0.09003912,2.994154e-05
0.09004766,6.635435e-06
0.09007002,1.085453e-05
0.09008306,2.209851e-05
0.09009839,3.037539e-05
0.09010983,1.280943e-05
0.09017453,3.289834e-05
0.0901843,1.55816e-05
0.0902274,3.001753e-05
0.09023472,1.63938e-05
0.09026358,1.837914e-05
0.0902705,2.016757e-05
0.09029516,1.757882e-05
0.0903229,1.293109e-05
0.09032547,0.1333441
0.09034299,2.492675e-05
0.09037336,1.602827e-05
0.09040744,8.712081e-06
0.09046111,2.544923e-05
0.09048242,1.112245e-05
0.09049644,2.193146e-05
0.09055068,1.633783e-05
0.09060862,8.352147e-06
0.09061556,6.294674e-06
0.0906348,2.68141e-05
0.09066764,2.115585e-05
0.09070244,7.303582e-06
0.09076249,2.024042e-05
0.09077421,1.537793e-05
0.09077659,2.083405e-05
0.09080694,8.800061e-06
0.09081274,9.604267e-06
0.09086096,0.0001687488
0.09086182,1.814716e-05
0.09086242,1.296796e-05
0.09086557,1.981866e-05
0.09087544,1.145628e-05
0.09091951,2.47452e-05
0.0909228,3.179882e-05
0.09094624,3.000992e-05
0.09097251,2.079805e-05
0.0910351,1.582566e-05
0.09105632,2.346873e-05
0.09109368,1.813271e-05
0.09110319,1.108278e-05
0.09111936,1.856824e-05
0.09112335,1.965102e-05
0.09112509,1.975477e-05
0.09114753,1.58881e-05
0.09121443,1.934091e-05
0.09125002,3.523693e-05
0.09126534,3.724793e-05
0.09127532,2.221166e-05
0.09130362,1.976268e-05
0.09137471,2.107537e-05
0.09138044,1.582137e-05
0.09138782,1.089956e-05
0.09140764,2.250716e-05
0.09144785,1.103172e-05
0.09147502,9.018286e-06
0.09150022,3.938791e-05
0.09150314,1.023805e-05
0.09151857,1.358098e-05
0.09153781,6.536436e-06
0.09159508,3.293782e-05
0.09161446,1.273015e-05
0.09162088,2.288049e-05
0.09165557,1.086204e-05
0.09168747,1.430841e-05
0.09169536,1.946315e-05
0.09173755,9.468336e-06
0.09177816,1.882628e-05
0.09178903,1.132739e-05
0.09181772,2.030403e-05
0.09183337,6.128087e-06
0.09184957,6.277734e-06
0.09189666,8.250277e-06
0.09190937,8.487442e-06
0.09197387,1.003494e-05
0.09198644,2.469264e-05
0.09202679,7.319384e-06
0.0920351,1.164855e-05
0.09206068,2.324594e-05
0.09208117,2.410793e-05
0.09208629,8.144332e-06
0.09209725,1.291342e-05
0.09211784,1.643516e-05
0.0921497,1.988108e-05
0.09215303,7.996738e-06
0.09219652,2.511318e-05
0.09220299,7.325112e-06
0.09223522,2.447447e-05
0.09224129,1.702102e-05
0.09229049,0.000267392
0.09229444,6.883099e-06
0.09233123,9.93258e-06
0.09233735,8.912856e-06
0.09237761,6.592889e-06
0.0924026,2.565636e-05
0.092408,1.622898e-05
0.09247905,2.256584e-05
0.09248418,8.596109e-06
0.09253321,8.218459e-06
0.09255088,2.449546e-05
0.09255328,2.962017e-05
0.09259325,5.648752e-06
0.09259602,1.690469e-05
0.09259703,2.192948e-05
0.09264027,1.658522e-05
0.09275765,9.082351e-06
0.092782,2.186688e-05
0.09279562,2.573087e-05
0.09280074,2.906865e-05
0.09281712,1.797355e-05
0.09283367,3.968953e-05
0.09284117,1.006514e-05
0.09285183,2.650335e-05
0.09290982,2.574512e-05
0.09294097,2.260832e-05
0.09294955,2.449707e-05
0.09298249,1.826938e-05
0.09301964,1.444651e-05
0.09302753,1.83883e-05
0.09308228,1.116794e-05
0.09309208,2.070719e-05
0.09309637,1.653115e-05
0.09312044,1.840219e-05
0.09317176,1.034534e-05
0.09317571,2.155362e-05
0.09318025,1.029836e-05
0.09318846,1.378734e-05
0.09320842,0.0002175269
0.09324639,1.337977e-05
0.09325004,1.438364e-05
0.09326387,8.444203e-06
0.09329898,2.170883e-05
0.09331059,1.513286e-05
0.09331199,0.0003157839
0.09333493,2.287896e-05
0.09334527,2.111461e-05
0.09337189,2.488401e-05
0.09338917,1.694679e-05
0.09339594,8.715108e-06
0.0934092,3.659597e-05
0.09342165,2.65428e-05
0.09346107,2.013236e-05
0.09348191,1.69009e-05
0.09352381,6.777852e-06
0.09354336,8.918163e-06
0.09354716,1.4359e-05
0.09356154,1.854815e-05
0.09357622,1.108456e-05
0.09361897,1.310703e-05
0.09367488,0.0002231037
0.09368906,1.411811e-05
0.09373812,2.642087e-05
0.09374101,2.239894e-05
0.09374104,2.041047e-05
0.09375238,1.960206e-05
0.09375802,1.450038e-05
0.09379867,1.407435e-05
0.09387562,6.382862e-06
0.09388003,1.308229e-05
0.09390096,2.324154e-05
0.0939101,2.676806e-05
0.0939189,1.508933e-05
0.09393252,9.120427e-06
0.09395204,2.213185e-05
0.09395554,1.005397e-05
0.09397489,3.432428e-05
0.09397768,9.454239e-06
0.09399216,2.045556e-05
0.09399515,7.33576e-06
0.09399705,1.501478e-05
0.09401474,2.887523e-05
0.0940648,5.6434e-06
0.09409051,1.710594e-05
0.09411893,2.128814e-05
0.09414568,6.447405e-06
0.09415127,2.255948e-05
0.09421102,8.131236e-06
0.09428956,2.203247e-05
0.09430192,0.0003578276
0.09432648,1.061913e-05
0.09434348,2.585087e-05
0.09434977,2.639677e-05
0.09436586,3.068159e-05
0.09440238,2.260017e-05
0.09443147,2.412776e-05
0.09446075,1.148145e-05
0.09447036,2.522964e-05
0.09447093,1.505426e-05
0.09455323,2.416003e-05
0.09458064,1.993051e-05
0.09461632,3.09944e-05
0.0946361,2.31258e-05
0.09468266,2.964955e-05
0.09468725,1.04398e-05
0.09471971,2.337486e-05
0.09475046,8.79298e-06
0.09477726,7.939298e-06
0.09478899,1.457388e-05
0.09480917,1.899657e-05
0.09484319,8.321044e-06
0.09484434,1.893436e-05
0.09486328,2.723567e-05
0.09486591,2.200138e-05
0.09488558,2.485602e-05
0.09492198,1.622796e-05
0.09492394,1.114149e-05
0.09493603,7.41437e-06
0.09494714,1.896055e-05
0.09495065,2.38025e-05
0.09500147,2.745545e-05
0.0950549,9.818998e-06
0.09507518,2.632236e-05
0.09520053,1.175536e-05
0.09520679,8.324132e-06
0.09521049,2.11299e-05
0.09524777,8.673837e-06
0.09525592,2.089036e-05
0.09526208,2.292495e-05
0.09529034,1.463465e-05
0.09529462,2.368013e-05
0.09530301,1.823719e-05
0.09533491,1.869696e-05
0.09538879,1.040865e-05
0.09541529,3.18388e-05
0.09542376,3.715505e-05
0.0955307,2.12922e-05
0.09554365,1.052588e-05
0.0955449,1.638316e-05
0.09556238,1.807152e-05
0.09557059,2.574415e-05
0.09557963,1.200238e-05
0.09560663,2.895215e-05
0.09564807,2.925678e-05
0.09568726,1.975601e-05
0.09569585,8.513092e-05
0.09571757,2.472674e-05
0.09573356,8.779484e-06
0.09574396,1.984628e-05
0.0957753,1.575794e-05
0.09578345,2.299954e-05
0.09583684,6.611271e-06
0.09584089,6.103534e-06
0.09586032,8.275356e-06
0.09591578,1.768189e-05
0.09593455,1.361534e-05
0.0959352,2.311722e-05
0.09595265,1.436154e-05
0.09598054,7.406479e-06
0.09598526,1.918054e-05
0.0959991,2.230892e-05
0.09602441,1.097704e-05
0.09603419,9.923328e-06
0.09603805,5.805606e-06
0.09605083,5.874535e-06
0.09607428,3.401704e-05
0.09608435,2.513305e-05
0.09610397,0.1788103
0.09610721,1.133862e-05
0.09611215,1.701388e-05
0.09612594,2.212284e-05
0.09613795,1.056638e-05
0.09627981,1.981857e-05
0.09628896,1.006396e-05
0.0963274,2.834073e-05
0.09633878,9.458477e-06
0.09635937,2.848073e-05
0.09637444,1.930844e-05
0.09637526,1.866081e-05
0.09641484,6.576374e-06
0.09642009,8.537344e-06
0.09642911,2.352664e-05
0.09649768,1.030719e-05
0.09649881,1.672191e-05
0.09650805,1.757598e-05
0.0965623,1.405793e-05
0.09657475,2.796681e-05
0.09658602,1.984193e-05
0.0966171,1.799375e-05
0.09673056,1.318203e-05
0.09681774,5.402812e-06
0.09683438,1.38038e-05
0.09687082,1.295541e-05
0.09689356,1.067142e-05
0.09690603,9.2053e-06
0.09690709,8.475443e-06
0.09691437,2.644213e-05
0.09691899,2.069498e-05
0.09697313,1.895262e-05
0.0969908,1.575037e-05
0.0970272,1.642284e-05
0.09705262,3.067136e-05
0.09707337,2.222272e-05
0.09716226,9.371113e-06
0.09718992,8.967497e-06
0.09719931,0.000143148
0.09721466,9.326145e-06
0.09737726,8.946647e-06
0.09743308,2.277873e-05
0.09744561,2.094378e-05
0.09748238,2.279433e-05
0.0975235,1.601989e-05
0.09752688,1.270669e-05
0.09754582,1.39843e-05
0.09755386,8.527589e-06
0.0975555,2.454663e-05
0.0975835,7.867736e-06
0.09760148,1.390184e-05
0.09760815,1.498545e-05
0.09760994,1.962977e-05
0.09765128,1.647298e-05
0.09772012,1.643009e-05
0.09773595,2.278111e-05
0.09774806,2.796485e-05
0.09776382,2.30578e-05
0.09777467,3.05764e-05
0.09779185,2.957406e-05
0.09780211,2.536253e-05
0.09781083,1.97307e-05
0.09782445,4.934369e-05
0.0978848,8.163067e-06
0.09794402,2.455278e-05
0.09795686,2.881866e-05
0.09796102,8.34911e-06
0.09798498,7.136912e-06
0.0980361,2.199811e-05
0.09804378,1.159664e-05
0.09805684,0.0002570434
0.09809671,1.380368e-05
0.09810136,2.113458e-05
0.09815297,3.587211e-05
0.09815643,2.638299e-05
0.09816296,9.426168e-06
0.0981809,2.27989e-05
0.098199,6.195038e-06
0.09825762,1.532944e-05
0.09827925,2.192759e-05
0.0982921,2.954633e-05
0.0983114,1.677136e-05
0.09832364,7.681399e-06
0.09833464,5.665456e-06
0.09835537,3.430431e-05
0.09840917,1.193013e-05
0.09841289,2.627907e-05
0.098434,1.011934e-05
0.09844076,2.308893e-05
0.09844354,2.184531e-05
0.09844588,4.058574e-05
0.09844895,1.984326e-05
0.09845263,4.037656e-05
0.09849403,2.76068e-05
0.09849899,3.202433e-05
0.09855942,1.772983e-05
0.09856351,1.204876e-05
0.09864559,2.832411e-05
0.09864599,4.571071e-05
0.09865509,2.830616e-05
0.09868398,1.862487e-05
0.09868557,1.381801e-05
0.09871916,2.76321e-05
0.09872863,1.880129e-05
0.09874031,1.640993e-05
0.09876648,2.61686e-05
0.09878977,2.612128e-05
0.098805,7.699314e-06
0.09881704,5.739301e-06
0.09883244,7.390845e-06
0.09883341,1.105466e-05
0.09884036,2.484697e-05
0.09889466,1.944906e-05
0.09896087,2.314176e-05
0.09903438,7.262268e-06
0.0990433,7.840717e-06
0.09904384,2.781934e-05
0.09910848,6.206344e-06
0.0991127,2.372868e-05
0.09911829,1.810589e-05
0.09913463,1.805332e-05
0.09915704,1.023858e-05
0.09916068,0.0001874168
0.09927042,3.096413e-05
0.09927215,2.192956e-05
0.09928264,3.004151e-05
0.09933684,1.579322e-05
0.09934952,2.475362e-05
0.09941053,1.844709e-05
0.09945207,2.976378e-05
0.09945213,2.3066e-05
0.09946881,2.197653e-05
0.09949354,2.273936e-05
0.09953234,2.012984e-05
0.09956252,0.0002522815
0.0996023,2.205973e-05
0.09960235,9.320407e-06
0.0996642,2.492173e-05
0.09976203,2.271062e-05
0.09977116,0.0002587036
0.0997754,2.610195e-05
0.09981591,1.943032e-05
0.0998413,7.544918e-05
0.09986422,0.0001840246
0.09987268,2.395494e-05
0.09993735,2.471235e-05
0.1000307,1.728384e-05
0.1000319,8.51713e-06
0.1000362,2.442265e-05
0.1000544,1.294237e-05
0.1001085,1.782466e-05
0.1001377,2.518787e-05
0.1001421,2.022083e-05
0.1001582,2.248874e-05
0.1001679,1.867238e-05
0.1001814,2.196946e-05
0.100239,1.091554e-05
0.1002661,0.0001506721
0.1002932,2.182877e-05
0.1003398,1.083371e-05
0.1003668,2.815437e-05
0.1003963,1.983642e-05
0.1004099,2.821936e-05
0.1004219,1.378992e-05
0.1004727,1.603383e-05
0.1004764,1.475745e-05
0.1005922,2.267768e-05
0.1006746,2.148536e-05
0.1006979,1.572135e-05
0.1007276,2.68007e-05
0.1007784,2.267469e-05
0.1008091,5.320128e-06
0.1008377,2.836999e-05
0.1008471,2.777319e-05
0.1008701,8.847181e-06
0.1008852,2.481578e-05
0.1009309,2.548056e-05
0.1010163,2.440462e-05
0.1010384,1.145788e-05
0.1010499,1.783734e-05
0.1010552,1.800627e-05
0.1010564,1.251398e-05
0.10111,2.398619e-05
0.1011349,2.689928e-05
0.1011424,3.170737e-05
0.1011547,1.851543e-05
0.1011752,3.49767e-05
0.1011912,1.361794e-05
0.10122,1.042082e-05
0.1012571,1.19804e-05
0.1012993,8.273834e-05
0.1013062,7.012304e-05
0.1013153,9.097241e-06
0.1013156,3.146335e-05
0.1013351,7.185202e-06
0.1013528,7.241807e-06
0.1013593,3.024114e-05
0.1013725,2.468726e-05
0.101376,0.0003395589
0.1014152,1.704317e-05
0.1014198,7.043346e-06
0.1015152,2.490014e-05
0.1016155,2.510622e-05
0.1016411,2.026198e-05
0.101666,2.349714e-05
0.1016671,3.050331e-05
0.1017394,5.601752e-06
0.1018052,2.31159e-05
0.1019304,0.251429
0.1019439,1.314407e-05
0.101944,1.416353e-05
0.1019494,2.298187e-05
0.1019601,2.249434e-05
0.1019699,2.275185e-05
0.1020838,1.824058e-05
0.1021192,1.546726e-05
0.1023406,1.206838e-05
0.1024069,0.9242694
0.1026156,8.135002e-06
0.1026175,1.630385e-05
0.1026403,1.080498e-05
0.1026408,6.753578e-06
0.1026635,1.915883e-05
0.1027358,2.987273e-05
0.1027629,3.065529e-05
0.1027648,1.84483e-05
0.1027876,2.572809e-05
0.1027905,2.246869e-05
0.1027947,4.474332e-05
0.1028304,2.684801e-05
0.1028304,2.254801e-05
0.1028681,1.047818e-05
0.1028874,7.199815e-06
0.1029061,1.595631e-05
0.1029474,2.205619e-05
0.1029977,6.171887e-06
0.1031219,2.095698e-05
0.1031264,1.660379e-05
0.1031756,2.550936e-05
0.1032193,1.31443e-05
0.1032194,9.093596e-06
0.1032205,1.716731e-05
0.1032235,2.798217e-05
0.1032477,2.179225e-05
0.1032569,2.461053e-05
0.1032574,2.178992e-05
0.1032644,2.538688e-05
0.1032679,1.398841e-05
0.1032808,7.097582e-06
0.1033074,2.559008e-05
0.1033533,2.248897e-05
0.1033584,1.914939e-05
0.1033954,1.609717e-05
0.1034146,6.595251e-06
0.1034172,2.4181e-05
0.103451,0.0001154808
0.1034578,1.124866e-05
0.1034781,2.02622e-05
0.1034991,1.531348e-05
0.1035061,5.076982e-06
0.1035662,3.406317e-05
0.103568,0.0003579626
0.1036058,3.449706e-05
0.1036439,3.109105e-05
0.1036549,9.552541e-06
0.1036578,2.035135e-05
0.1037337,1.716674e-05
0.1038153,1.197636e-05
0.1038489,2.001598e-05
0.1038735,2.644282e-05
0.1038896,8.785145e-06
0.1039149,1.60989e-05
0.1039334,2.337403e-05
0.1039622,1.676661e-05
0.1039632,7.693464e-06
0.1040376,4.105228e-05
0.1040416,2.223505e-05
0.1040748,3.364059e-05
0.104079,2.140827e-05
0.104094,2.033028e-05
0.1041009,1.329692e-05
0.1041105,3.254621e-05
0.1041959,2.468301e-05
0.1041989,1.425143
0.1042157,1.809747e-05
0.104217,2.219502e-05
0.1042245,1.915849e-05
0.1042246,1.73829e-05
0.1042274,1.890382e-05
0.1042318,2.104947e-05
0.1042903,2.752208e-05
0.104304,1.323691e-05
0.1043539,0.0001704462
0.1043726,2.469069e-05
0.1043741,7.950212e-06
0.1044246,3.587493e-05
0.1044474,2.359914e-05
0.10446,3.547236e-05
0.1045743,1.80431e-05
0.1045779,2.098017e-05
0.1045938,6.550224e-06
0.1045974,1.784661e-05
0.1046424,2.615339e-05
0.1046426,1.079405e-05
0.104665,9.119822e-06
0.1046771,2.089251e-05
0.1047064,0.1199254
0.1047226,2.814902e-05
0.1047962,2.408749e-05
0.1048027,2.936829e-05
0.1048031,1.80633e-05
0.104817,2.5476e-05
0.1048315,2.502441e-05
0.1048477,2.196312e-05
0.10485,1.219872e-05
0.1048578,1.477857e-05
0.1048794,3.098166e-05
0.1048914,2.574986e-05
0.104894,3.494749e-05
0.1049252,0.0001040305
0.1049325,9.443831e-06
0.1049719,1.274281e-05
0.1049777,1.488832e-05
0.1050321,9.566864e-06
0.1050879,9.223253e-06
0.105108,1.863295e-05
0.1051088,2.546056e-05
0.1051089,1.488762e-05
0.1051292,1.037256e-05
0.1051356,1.650696e-05
0.1051659,1.453717e-05
0.1051708,1.467595e-05
0.1051922,3.430929e-05
0.1052864,2.283877e-05
0.1053062,1.619455e-05
0.105327,2.445079e-05
0.1053813,2.974327e-05
0.1053884,7.586148e-05
0.1054316,6.628996e-06
0.1054341,2.693797e-05
0.1054553,3.1688e-05
0.1054661,9.40345e-06
0.1055153,1.626371e-05
0.105538,2.203017e-05
0.1055751,1.976283e-05
0.105688,1.787694e-05
0.1057126,3.181755e-05
0.1057576,3.775759e-05
0.105758,1.188845e-05
0.1057798,7.271957e-06
0.10578,1.417968e-05
0.1058696,2.479639e-05
0.1058714,1.323412e-05
0.1059065,4.970083e-05
0.1059536,0.0002170448
0.1059636,1.366852e-05
0.1059683,3.319878e-05
0.1059913,0.1082459
0.1060286,3.210419e-05
0.1060517,1.204247e-05
0.1062151,1.901243e-05
0.1062318,2.42415e-05
0.1062691,1.185054e-05
0.1062727,1.524708e-05
0.106302,2.861064e-05
0.1063061,7.807918e-06
0.1063431,2.465599e-05
0.1063446,8.556933e-06
0.1063617,2.599451e-05
0.1063747,1.718121e-05
0.1063868,3.11587e-05
0.1063979,2.775099e-05
0.1064274,8.483787e-06
0.1064323,1.430382e-05
0.1064607,1.279079e-05
0.1064955,2.975558e-05
0.1064989,1.264053e-05
0.1065092,2.629799e-05
0.1065119,2.782374e-05
0.1065485,1.322061e-05
0.1065909,3.273734e-05
0.1066531,3.919511e-05
0.1066554,1.82648e-05
0.1067264,2.690444e-05
0.1067285,1.850545e-05
0.1067286,2.013918e-05
0.1067849,2.22026e-05
0.1067906,2.694018e-05
0.1068101,2.985622e-05
0.1068191,3.074416e-05
0.1068324,1.213784e-05
0.1068456,2.856228e-05
0.1068565,1.134982e-05
0.1068769,1.186081e-05
0.1068907,9.035783e-06
0.1068973,1.699198e-05
0.1069065,2.317117e-05
0.1069232,1.806367e-05
0.1069518,2.162253e-05
0.1069655,2.961221e-05
0.1069658,2.43032e-05
0.1069939,2.519488e-05
0.1069987,1.492788e-05
0.1070076,8.395524e-06
0.1070078,0.1580605
0.1070359,2.187711e-05
0.1070546,2.29269e-05
0.1070911,8.951039e-06
0.1071265,2.973881e-05
0.1071469,1.977047e-05
0.1071682,2.09777e-05
0.1072025,0.0002548766
0.107216,2.722684e-05
0.1072176,5.438746e-05
0.1072196,2.480096e-05
0.1072495,3.761004e-05
0.1072847,1.688132e-05
0.1073331,1.170524e-05
0.1073578,3.730178e-05
0.107365,2.027158e-05
0.1073677,1.182692e-05
0.1074435,1.998667e-05
0.1074766,8.421211e-05
0.107555,3.479368e-05
0.1075726,7.237903e-06
0.1075794,1.168669e-05
0.1075866,7.547716e-06
0.1076273,1.06389e-05
0.1076333,1.785279e-05
0.107637,1.905851e-05
0.1076413,2.826511e-05
0.1076475,2.02842e-05
0.1076786,1.283189e-05
0.1077295,9.848034e-06
0.1077327,2.484428e-05
0.107741,9.399098e-06
0.1077575,1.644356e-05
0.107758,1.988346e-05
0.1077596,3.268184e-05
0.1077675,0.3776186
0.1077749,2.272456e-05
0.1077878,2.532473e-05
0.107891,3.354372e-05
0.1078947,7.673755e-06
0.1078967,2.121743e-05
0.1079289,8.053899e-06
0.1079394,5.781218e-06
0.1079495,1.442106e-05
0.1079555,2.174496e-05
0.1079641,2.98458e-05
0.1079681,2.372017e-05
0.1079975,2.899394e-05
0.1080017,2.554662e-05
0.1080763,2.120807e-05
0.1080783,2.727155e-05
0.1080996,2.51969e-05
0.1081064,2.772398e-05
0.1081194,1.860275e-05
0.1081255,6.279759e-06
0.10813,5.878126e-06
0.1081312,1.000738e-05
0.1081429,2.173582e-05
0.1081538,2.436336e-05
0.1081944,7.000498e-06
0.1081998,2.980333e-05
0.1082094,2.153123e-05
0.1082474,7.593599e-06
0.1082512,2.074557e-05
0.1082841,2.570141e-05
0.1083118,7.505583e-06
0.1083236,1.289117e-05
0.1084599,2.382316e-05
0.1084938,2.832456e-05
0.108499,1.549942e-05
0.1085128,1.221017e-05
0.1085446,2.680046e-05
0.1085652,7.408607e-06
0.1085926,1.5855e-05
0.1086669,2.053084e-05
0.1087088,8.067946e-06
0.1087422,2.585237e-05
0.1088379,1.447301e-05
0.1088395,1.993329e-05
0.1088611,1.093921e-05
0.1088757,3.10281e-05
0.1089402,0.0001288066
0.1089622,2.89603e-05
0.1089652,1.291064e-05
0.1089654,7.343442e-06
0.1090142,4.029021e-05
0.1090287,2.316048e-05
0.1090324,2.197652e-05
0.1090406,2.342533e-05
0.1090764,1.1722e-05
0.1090863,2.649438e-05
0.1091061,2.282972e-05
0.1091597,2.401911e-05
0.1091715,2.263608e-05
0.1091773,2.346104e-05
0.1091779,2.360809e-05
0.1092201,2.926638e-05
0.1092577,1.921712e-05
0.1092586,2.977593e-05
0.1092856,3.531096e-05
0.1092876,0.0001235923
0.1093061,1.815282e-05
0.1093595,8.490316e-06
0.1093832,2.424396e-05
0.1095149,3.287247e-05
0.1095413,2.346872e-05
0.1095668,2.745957e-05
0.1096118,2.186336e-05
0.1096125,2.955646e-05
0.109717,1.157002e-05
0.1097799,1.69482e-05
0.1097914,1.831199e-05
0.1097963,0.0003011316
0.1098046,9.937394e-06
0.1098145,2.49184e-05
0.1098436,8.033445e-06
0.1099131,2.073618e-05
0.1099376,2.707761e-05
0.1099735,3.968182e-05
0.10998,2.226577e-05
0.1099858,9.49163e-06
0.1100007,1.550682e-05
0.1100187,2.479419e-05
0.1100192,3.101846e-05
0.1100836,2.857928e-05
0.110108,0.000128111
0.1101396,1.708685e-05
0.1101502,2.821259e-05
0.1101594,2.440835e-05
0.1101713,2.690508e-05
0.1102745,1.616435e-05
0.1103302,2.163195e-05
0.1103754,1.396609e-05
0.1103868,2.967074e-05
0.1104222,1.091941e-05
0.1104571,3.163043e-05
0.1104601,9.311924e-06
0.1104694,1.791751e-05
0.1104774,3.627598e-05
0.1104809,9.397473e-06
0.1105058,1.653398e-05
0.1106562,4.680065e-05
0.1106734,1.887529e-05
0.1106741,2.85704e-05
0.1106771,1.201163e-05
0.1106893,1.075457e-05
0.1107291,4.723048e-05
0.1107386,1.112178e-05
0.1107449,1.786671e-05
0.1107461,2.620121e-05
0.1107537,2.250192e-05
0.1108127,6.857684e-06
0.110833,1.934821e-05
0.1108332,2.213137e-05
0.1108679,3.440751e-05
0.1109458,1.199016e-05
0.110961,1.553027e-05
0.1110179,1.160458e-05
0.1110222,0.0001094847
0.1110331,9.067596e-06
0.1110593,1.96664e-05
0.1111061,1.780796e-05
0.1111067,2.133044e-05
0.1111314,0.0007156946
0.1111431,3.636462e-05
0.1111472,0.0002060028
0.1111633,3.900411e-05
0.111213,3.440511e-05
0.1112781,8.433262e-06
0.1112833,2.634244e-05
0.1113116,7.142694e-06
0.1113324,2.552762e-05
0.1113549,2.056649e-05
0.1113591,1.544715e-05
0.1113714,1.214232e-05
0.1113939,3.261204e-05
0.1114142,3.321573e-05
0.1114347,2.744183e-05
0.1114375,8.62042e-06
0.1114546,1.285413e-05
0.1114557,1.454195e-05
0.1114915,2.682411e-05
0.1115317,1.226035e-05
0.1115463,2.088721e-05
0.1115463,3.005492e-05
0.1115531,8.993983e-06
0.1115581,6.185024e-06
0.1115779,8.565606e-06
0.1115848,2.860495e-05
0.1116305,7.02752e-06
0.1116331,2.724931e-05
0.111644,1.398132e-05
0.1116644,7.338183e-05
0.1117105,1.973176e-05
0.1117573,1.914716e-05
0.1117619,2.531603e-05
0.1117676,1.004142e-05
0.1118515,0.3611588
0.111853,4.273582e-05
0.1118568,1.168823e-05
0.1118629,1.240479e-05
0.1118923,1.103215e-05
0.1119414,7.516745e-06
0.1119716,2.711042e-05
0.1119784,2.525625e-05
0.1119812,1.301928e-05
0.1120339,4.431245e-05
0.1120631,2.099741e-05
0.1120938,2.875688e-05
0.1121225,1.733864e-05
0.112189,3.438185e-05
0.1122224,0.0001055028
0.1122325,1.336879e-05
0.1122376,2.9795e-05
0.1122771,1.79557e-05
0.1122787,8.358133e-06
0.1123034,1.788894e-05
0.1123233,2.187165e-05
0.1123263,0.0001151399
0.1123274,2.299354e-05
0.1123678,1.110631e-05
0.1123684,2.998321e-05
0.112429,3.106279e-05
0.1124572,9.350301e-06
0.1124759,1.896453e-05
0.112542,2.431917e-05
0.1125586,2.699185e-05
0.1125975,7.961206e-06
0.1126035,3.471414e-05
0.1126476,1.683298e-05
0.1126519,2.072127e-05
0.1126764,2.06726e-05
0.1126851,8.57744e-06
0.1127629,1.87895e-05
0.1127793,1.081679e-05
0.1128066,2.024032e-05
0.1128317,1.034746e-05
0.1128524,2.510455e-05
0.1128632,2.384838e-05
0.1128692,6.957747e-06
0.1129553,1.246001e-05
0.1129734,2.444741e-05
0.1129772,3.278071e-05
0.1129958,8.106199e-06
0.113066,2.806219e-05
0.1130809,2.36167e-05
0.1130874,8.418619e-06
0.1130993,2.437105e-05
0.1131034,1.799358e-05
0.1131373,1.913365e-05
0.1131412,2.401612e-05
0.1131526,2.850168e-05
0.113154,1.061619e-05
0.1131916,1.456443e-05
0.1132422,2.574649e-05
0.1133023,3.020184e-05
0.1133028,3.012627e-05
0.1133085,1.236883e-05
0.1133344,2.870618e-05
0.1133619,1.607537e-05
0.113367,1.467951e-05
0.1133947,1.564634e-05
0.1133954,1.454504e-05
0.1134012,1.883033e-05
0.1134399,2.162046e-05
0.1134592,2.012353e-05
0.1135297,3.209298e-05
0.1135311,2.666504e-05
0.1135403,3.140002e-05
0.1135657,1.308415e-05
0.1136123,2.710171e-05
0.113613,1.988778e-05
0.1136327,8.751779e-05
0.1136544,1.902135e-05
0.1136595,3.409716e-05
0.113664,2.797666e-05
0.1137062,2.250018e-05
0.1137269,2.28714e-05
0.1137355,1.858493e-05
0.1137968,1.096793e-05
0.1138081,3.171458e-05
0.1138977,1.823333e-05
0.1139146,2.363433e-05
0.1139462,3.185515e-05
0.1140014,2.733459e-05
0.1140206,2.403288e-05
0.1140946,1.908902e-05
0.1140953,3.211919e-05
0.1141242,2.326274e-05
0.1141505,2.096409e-05
0.1142135,1.839784e-05
0.1142188,5.32122e-06
0.1142227,2.353104e-05
0.114235,2.388988e-05
0.114296,1.278751e-05
0.1143319,2.203205e-05
0.1143447,1.906442e-05
0.1143461,8.628109e-06
0.1143729,2.720377e-05
0.1143879,2.214749e-05
0.1144237,1.687588e-05
0.1144794,8.370734e-06
0.114511,2.677823e-05
0.1145617,6.580146e-06
0.1145733,1.534378e-05
0.1145859,3.585673e-05
0.1145861,2.491502e-05
0.1146195,2.111747e-05
0.114671,1.397964e-05
0.1146751,1.640951e-05
0.1146799,2.889712e-05
0.1147038,3.480258e-05
0.114715,9.995737e-05
0.114723,2.847271e-05
0.114728,1.756909e-05
0.1147365,0.0001807269
0.1147564,9.341291e-06
0.1147602,2.086548e-05
0.114767,3.031833e-05
0.1147912,2.091615e-05
0.1148007,3.913733e-05
0.1148056,8.824396e-06
0.1148821,6.716354e-06
0.114883,3.039987e-05
0.1148918,2.609594e-05
0.1148941,1.649443e-05
0.1149254,6.160988e-06
0.1149322,2.603301e-05
0.1149432,9.702126e-06
0.1149446,8.175111e-06
0.114993,1.911194e-05
0.1150048,3.011039e-05
0.1150312,1.742773e-05
0.1150754,3.086745e-05
0.115104,2.044385e-05
0.115121,2.141479e-05
0.1151338,1.293786e-05
0.1151392,2.968699e-05
0.1151899,1.297957e-05
0.1152043,2.332508e-05
0.1152099,2.995116e-05
0.1152107,1.819762e-05
0.1152148,2.821364e-05
0.1152151,1.954429e-05
0.1152168,1.946827e-05
0.1152323,3.467577e-05
0.1152326,2.070567e-05
0.1152564,2.260851e-05
0.1152958,2.3534e-05
0.1152978,3.657609e-05
0.115369,1.915412e-05
0.1153723,1.707874e-05
0.1153795,1.560593e-05
0.1153858,4.300326e-05
0.1154094,3.892843e-05
0.1154318,2.01781e-05
0.115461,6.159884e-06
0.1154876,6.403582e-06
0.1155383,2.292386e-05
0.1155583,6.886916e-06
0.115569,2.392809e-05
0.1155936,2.623877e-05
0.1156106,2.170046e-05
0.1156624,2.771685e-05
0.1156636,2.265784e-05
0.115697,3.946994e-05
0.1157486,3.072873e-05
0.115756,1.04868e-05
0.1158041,1.884052e-05
0.1158055,1.92227e-05
0.115848,2.050369e-05
0.1158551,5.947104e-06
0.1158759,4.652907e-05
0.1158795,2.618574e-05
0.115924,1.612615e-05
0.115938,7.590944e-06
0.1160283,2.112248e-05
0.1160834,2.69391e-05
0.1160849,1.522356e-05
0.1161197,2.600465e-05
0.116142,2.020882e-05
0.1161422,3.622377e-05
0.1161499,2.424707e-05
0.1161849,3.226519e-05
0.11622,1.135112e-05
0.116226,2.065451e-05
0.1162471,2.06217e-05
0.1163234,2.178864e-05
0.1163352,9.906258e-06
0.1163495,1.404902e-05
0.1163706,1.263995e-05
0.1163747,0.0001835004
0.1164053,7.434618e-06
0.1164514,1.516645e-05
0.1164647,2.75145e-05
0.1164934,2.319216e-05
0.1164994,2.244318e-05
0.1165323,8.311433e-05
0.1165588,8.193524e-06
0.1165641,3.398805e-05
0.1165731,2.364293e-05
0.1165759,3.015361e-05
0.1165923,4.445913e-05
0.1166995,2.825783e-05
0.1168396,1.485059e-05
0.1168569,6.200895e-06
0.1168645,3.954364e-05
0.1168748,3.662571e-05
0.1168756,1.749436e-05
0.1168764,2.358418e-05
0.1168771,1.844381e-05
0.1168898,4.286766e-05
0.1169507,2.091159e-05
0.1169796,2.631614e-05
0.1170045,9.62938e-06
0.1170052,1.65405e-05
0.1170057,1.621936e-05
0.1170111,3.458234e-05
0.1170313,8.426438e-06
0.1170477,3.154779e-05
0.1170537,2.05151e-05
0.117057,9.812086e-06
0.1170616,2.553761e-05
0.1171301,3.199534e-05
0.1171442,1.403956e-05
0.1171473,2.228744e-05
0.1171523,2.042478e-05
0.1171571,6.596381e-06
0.1171708,3.26935e-05
0.1171778,9.208669e-06
0.1172234,7.904683e-06
0.1172244,3.167234e-05
0.1172274,1.010649e-05
0.1172352,2.209462e-05
0.1172993,1.853876e-05
0.1173849,1.655904e-05
0.1174011,2.072353e-05
0.1174505,3.392833e-05
0.117469,2.920682e-05
0.1174941,1.623248e-05
0.1175232,1.731215e-05
0.1175325,1.884016e-05
0.1175524,3.739722e-05
0.1175628,2.525146e-05
0.1176075,2.232758e-05
0.1176088,2.527316e-05
0.1176422,2.178998e-05
0.1176454,1.441248e-05
0.1176458,3.112874e-05
0.1176962,2.640521e-05
0.1177082,2.375994e-05
0.117729,3.568254e-05
0.1177414,9.325891e-06
0.1177943,1.067806e-05
0.1178057,1.812188e-05
0.1178487,2.751523e-05
0.1178755,2.664526e-05
0.1178762,2.186535e-05
0.1178813,2.273944e-05
0.1179106,1.14593e-05
0.1179271,1.250396e-05
0.1179887,2.707859e-05
0.1179944,3.036503e-05
0.1180225,3.235635e-05
0.118062,1.782922e-05
0.1180817,1.144978e-05
0.118091,2.149734e-05
0.1180916,1.541857e-05
0.1181049,1.746038e-05
0.1181411,1.341253e-05
0.1181651,3.505402e-05
0.1181735,2.179535e-05
0.1181812,2.903131e-05
0.1181937,2.834231e-05
0.1182193,3.189284e-05
0.1182203,6.111055e-06
0.1182298,4.256242e-05
0.1182712,2.171285e-05
0.1182957,3.319828e-05
0.1182972,2.561267e-05
0.118299,2.572429e-05
0.1183053,3.576876e-05
0.1183103,1.454223e-05
0.1183244,2.675883e-05
0.118394,3.146563e-05
0.1184525,0.0002956651
0.1184739,2.374694e-05
0.1185202,1.782775e-05
0.1185211,2.649687e-05
0.1185261,6.465414e-05
0.118534,2.336866e-05
0.1185518,3.42124e-05
0.118578,2.881069e-05
0.1185989,0.0001646361
0.1186201,1.831418e-05
0.1186294,2.802629e-05
0.11864,2.331085e-05
0.1186482,3.248321e-05
0.1186554,2.904493e-05
0.1186775,2.789193e-05
0.1186776,6.966005e-06
0.1186853,3.00956e-05
0.1186986,1.507481e-05
0.1187816,1.934385e-05
0.1188351,7.450656e-06
0.1188525,0.0001069685
0.1188816,2.611391e-05
0.1189018,4.536052e-06
0.1189062,2.734632e-05
0.1189303,1.010654e-05
0.118975,1.962451e-05
0.118986,1.997467e-05
0.1189977,3.448629e-05
0.1190686,1.90965e-05
0.1190832,3.295851e-05
0.1190941,2.200813e-05
0.1191856,3.17255e-05
0.1191862,3.906842e-05
0.1192166,1.905852e-05
0.1192708,2.822546e-05
0.1192722,1.97932e-05
0.1193563,3.348967e-05
0.1193631,9.909715e-06
0.1193645,2.939731e-05
0.1193719,1.470155e-05
0.1193748,1.257974e-05
0.1194212,1.03863e-05
0.1194274,1.637119e-05
0.1194602,2.180337e-05
0.1194917,2.222705e-05
0.1194943,2.622017e-05
0.1195067,1.599198e-05
0.1195341,2.930018e-05
0.1195671,1.105975e-05
0.1195696,2.572021e-05
0.1195736,5.948784e-05
0.1195747,2.473941e-05
0.1195757,2.955954e-05
0.1196295,4.741428e-06
0.1196874,2.147902e-05
0.1197619,3.635005e-05
0.1198011,1.47981e-05
0.1198649,3.061333e-05
0.1198669,1.999269e-05
0.1198752,2.504623e-05
0.1198815,1.944514e-05
0.1199168,2.07156e-05
0.1200057,2.362444e-05
0.1201115,2.19478e-05
0.1201271,4.769593e-05
0.1202071,1.428864e-05
0.1202669,6.093985e-06
0.1203192,2.377411e-05
0.1203458,2.415817e-05
0.1203476,8.111353e-06
0.1203622,3.681368e-05
0.1203782,1.867739e-05
0.120387,1.426353e-05
0.120425,2.417962e-05
0.1204281,2.761428e-05
0.1204796,8.742365e-06
0.120496,3.027427e-05
0.1204998,6.083252e-05
0.1205625,2.743713e-05
0.1205759,9.847394e-06
0.1205901,1.314331e-05
0.1205999,1.449019e-05
0.1206375,1.066323e-05
0.1206431,8.122163e-06
0.1206436,9.938482e-06
0.1206858,1.791866e-05
0.1207169,1.638418e-05
0.1207373,1.972049e-05
0.1207713,3.230291e-05
0.1208898,2.985906e-05
0.1209289,2.183416e-05
0.1210151,2.891914e-05
0.1210505,2.687171e-05
0.12107,2.632411e-05
0.1210939,2.984145e-05
0.121171,2.937648e-05
0.1212349,2.111546e-05
0.1212391,2.168505e-05
0.1212593,1.111712e-05
0.121262,3.828008e-05
0.1212624,2.600846e-05
0.1212628,1.592548e-05
0.1212664,4.065266e-05
0.1212793,7.479635e-06
0.1212873,3.469433e-05
0.121303,9.518981e-05
0.1213089,7.935576e-05
0.1213235,1.526793e-05
0.121326,3.137667e-05
0.1213292,2.432763e-05
0.1213373,2.667229e-05
0.1213437,2.270069e-05
0.121375,1.994993e-05
0.1214014,2.948724e-05
0.1214499,1.377769e-05
0.1214575,2.159079e-05
0.1214853,1.666128e-05
0.1215429,1.327405e-05
0.1215625,3.665309e-05
0.1215798,9.111095e-06
0.1215959,2.525702e-05
0.1216558,2.958907e-05
0.1217035,6.252913e-06
0.1217129,2.270628e-05
0.1217341,2.148181e-05
0.1217699,2.389182e-05
0.1217748,4.111508e-05
0.1217756,2.877641e-05
0.1218466,2.042696e-05
0.1218617,1.696183e-05
0.1218848,2.501346e-05
0.1218955,2.761248e-05
0.1218985,1.824616e-05
0.1219384,1.359908e-05
0.1219402,1.884305e-05
0.1219547,2.546752e-05
0.1219801,0.0001084113
0.1219897,1.563271e-05
0.1220843,1.038685e-05
0.1221023,1.594787e-05
0.1222904,2.809451e-05
0.1223383,2.876406e-05
0.1223482,1.299967e-05
0.12242,6.661932e-06
0.1224438,3.692336e-05
0.122535,1.022448e-05
0.1225397,2.793316e-05
0.1225531,1.452296e-05
0.1225979,1.564713e-05
0.1226172,2.043142e-05
0.1226827,1.129724e-05
0.1227203,1.725548e-05
0.1227261,3.231316e-05
0.1227424,2.4137e-05
0.1227702,1.690125e-05
0.1228317,1.156249e-05
0.1228369,3.1576e-05
0.122867,6.627154e-05
0.1228911,2.096344e-05
0.1230313,2.612856e-05
0.1231184,2.987525e-05
0.1231589,3.037404e-05
0.1231926,7.823121e-06
0.1231964,3.237209e-05
0.1232203,1.443293e-05
0.1232413,1.89885e-05
0.1232454,2.479257e-05
0.1233718,1.356065e-05
0.1233847,9.018236e-06
0.1234004,3.592511e-05
0.1234059,2.174077e-05
0.1234103,1.113767e-05
0.1234525,1.314293e-05
0.123482,3.163137e-05
0.1234849,1.880334e-05
0.1235294,7.34769e-06
0.1235676,2.873978e-05
0.1235693,2.021219e-05
0.1236018,2.399879e-05
0.123626,1.863858e-05
0.1236617,2.049059e-05
0.1236674,2.536259e-05
0.1237633,2.317825e-05
0.1237693,1.885675e-05
0.1238127,7.886096e-06
0.1238383,1.001607e-05
0.1238462,2.81149e-05
0.1238998,3.424844e-05
0.1239666,2.779e-05
0.1239738,3.728711e-05
0.1240128,3.10233e-05
0.1240851,1.333866e-05
0.1241117,1.197977e-05
0.1241258,2.444687e-05
0.1241412,0.0001141985
0.1241416,1.379276e-05
0.124197,1.154824e-05
0.1242137,3.633887e-05
0.1242529,1.352046e-05
0.1243084,3.155311e-05
0.124316,1.200105e-05
0.1243548,0.0003846052
0.1244071,1.718447e-05
0.1244554,2.407289e-05
0.1244871,2.360858e-05
0.1245006,8.535965e-06
0.1245228,2.534901e-05
0.124562,9.89018e-06
0.1245924,4.980644e-05
0.1246219,2.585404e-05
0.1246275,2.915863e-05
0.1246315,3.387159e-05
0.1246528,3.050272e-05
0.1246864,8.375887e-06
0.124735,2.872881e-05
0.1247529,2.87923e-05
0.1247568,1.657418e-05
0.1247859,1.444855e-05
0.1248091,1.981966e-05
0.1248124,1.69773e-05
0.1248305,1.944306e-05
0.1248549,3.752792e-05
0.1249039,3.323612e-05
0.1249139,1.450123e-05
0.1249203,1.535666e-05
0.1249205,8.310064e-06
0.1249213,1.105151e-05
0.1249636,2.268253e-05
0.1249705,2.393232e-05
0.1249936,3.424628e-05
0.1250057,6.650127e-05
0.1250158,1.240783e-05
0.1250414,1.788225e-05
0.1250712,1.391195e-05
0.1250934,2.841339e-05
0.1251212,2.309569e-05
0.1251598,1.009283e-05
0.1251829,2.262219e-05
0.125211,1.86873e-05
0.1253952,7.169514e-06
0.1254148,3.016469e-05
0.1254541,2.082987e-05
0.1254706,4.204557e-05
0.1255077,0.0002003583
0.1255179,3.40361e-05
0.1256485,2.256261e-05
0.1256903,1.496092e-05
0.1257649,8.024713e-06
0.125798,2.892967e-05
0.1258696,2.117078e-05
0.1259038,2.326659e-05
0.1259229,1.980269e-05
0.1259617,2.381341e-05
0.1259621,3.991595e-05
0.1260128,2.136213e-05
0.1260577,2.897866e-05
0.1260728,2.671624e-05
0.126131,2.945949e-05
0.1261412,5.278815e-06
0.126268,2.752857e-05
0.1262798,2.092163e-05
0.1262814,1.961039e-05
0.126289,2.067037e-05
0.1262903,1.649451e-05
0.1262927,5.260476e-06
0.1263081,2.147941e-05
0.1263271,4.131209e-05
0.1263355,2.468193e-05
0.1263619,1.227984e-05
0.1263992,1.774542e-05
0.1264197,1.962799e-05
0.1264417,2.314837e-05
0.126465,1.899306e-05
0.126492,2.117456e-05
0.1265084,2.518121e-05
0.1265214,1.186652e-05
0.1265448,2.680467e-05
0.1265583,1.497589e-05
0.1265731,8.037903e-06
0.1265827,7.863074e-06
0.1266069,3.539442e-05
0.1266101,1.921753e-05
0.1266686,7.616223e-06
0.1266712,1.277453e-05
0.126724,2.206489e-05
0.126791,2.004915e-05
0.1267939,0.8198789
0.1267982,2.692609e-05
0.1268474,2.086762e-05
0.1269075,2.991436e-05
0.1269167,7.873199e-06
0.1269298,7.610437e-06
0.1269305,3.080958e-05
0.1269586,1.804588e-05
0.1269685,1.670378e-05
0.1269883,2.464493e-05
0.1270363,1.554579e-05
0.1270556,3.147166e-05
0.1270864,2.346595e-05
0.1270907,2.632332e-05
0.1271828,2.137872e-05
0.1271893,3.434118e-05
0.127214,2.131646e-05
0.1272156,1.995449e-05
0.1273487,3.025133e-05
0.1273628,5.790981e-06
0.1273671,2.61922e-05
0.1273701,7.637849e-06
0.1273735,1.033799e-05
0.1274528,1.299938e-05
0.1275205,2.531906e-05
0.1275435,1.650443e-05
0.127556,2.316704e-05
0.127619,2.477598e-05
0.1276238,1.469398e-05
0.1276701,3.531998e-05
0.1277338,2.523849e-05
0.1277518,4.921398e-05
0.1277699,2.322943e-05
0.1278233,3.21495e-05
0.1278459,1.958492e-05
0.1278552,2.414206e-05
0.1278594,1.93732e-05
0.1278603,2.617638e-05
0.1278634,7.500125e-06
0.1278635,2.336172e-05
0.1278845,2.017799e-05
0.1279134,2.441413e-05
0.1279182,2.712654e-05
0.1280345,2.971723e-05
0.1280514,3.904679e-05
0.1280579,3.185261e-05
0.128118,2.367837e-05
0.1281244,0.8804873
0.1281307,2.984435e-05
0.1281526,1.821736e-05
0.1282468,3.587595e-05
0.1282828,1.680173e-05
0.128294,2.340832e-05
0.1283068,0.0001655554
0.1283148,3.318458e-05
0.1283361,7.825769e-06
0.1283425,4.133633e-05
0.1283978,2.222325e-05
0.1284736,2.024438e-05
0.1284748,4.464421e-05
0.1285283,1.888527e-05
0.1285862,1.621703e-05
0.1286063,3.051658e-05
0.1286257,2.73158e-05
0.1286491,3.362059e-05
0.1286589,3.921389e-05
0.128665,1.506026e-05
0.1287017,3.49495e-05
0.1287027,1.119911e-05
0.1287393,2.000173e-05
0.1288145,7.465675e-06
0.1288296,1.402942e-05
0.1288525,2.338534e-05
0.1288658,1.815287e-05
0.1288822,2.248697e-05
0.1289153,2.219807e-05
0.1289634,2.11848e-05
0.1289719,2.85914e-05
0.1289981,9.605307e-06
0.1290367,8.372668e-06
0.129081,2.67515e-05
0.1291135,3.627513e-05
0.1291337,3.010783e-05
0.1291599,1.613069e-05
0.1291991,4.079447e-05
0.1292129,4.000972e-05
0.1292219,2.120859e-05
0.1292676,1.896645e-05
0.129297,8.894979e-06
0.1293068,1.829023e-05
0.1293289,2.25185e-05
0.129419,1.686025e-05
0.1294339,2.460839e-05
0.1294518,1.859197e-05
0.1294936,0.000135541
0.1295038,3.766205e-05
0.1295269,1.023171e-05
0.1295582,1.605662e-05
0.1296003,2.543466e-05
0.1296583,2.751271e-05
0.129696,2.256887e-05
0.1297158,2.035449e-05
0.1297259,2.981278e-05
0.1297733,0.0001511492
0.1297741,8.803514e-05
0.1298072,2.156168e-05
0.1298084,1.536906e-05
0.1298162,1.239444e-05
0.1298381,3.219446e-05
0.1299085,6.517824e-06
0.129918,4.117995e-05
0.1299487,2.593813e-05
0.1299654,2.688079e-05
0.1299766,5.843833e-06
0.1300272,2.304428e-05
0.1300703,2.009394e-05
0.1300789,1.720863e-05
0.1301273,1.19755e-05
0.1302145,1.307637e-05
0.1302432,2.736334e-05
0.130268,2.244298e-05
0.1302825,3.10231e-05
0.1303613,1.007232e-05
0.130395,2.215178e-05
0.1304122,2.530753e-05
0.1304329,6.210486e-06
0.1304486,2.415474e-05
0.1304617,2.440205e-05
0.130476,0.0001007049
0.1304761,2.871968e-05
0.1305069,2.314965e-05
0.1305103,3.083217e-05
0.1305124,1.722759e-05
0.130518,6.803598e-06
0.1305204,3.196707e-05
0.1305663,3.292395e-05
0.1305719,3.483108e-05
0.1306055,1.644202e-05
0.1306099,1.788928e-05
0.1306201,2.279548e-05
0.1306205,3.046058e-05
0.1306727,2.383458e-05
0.1306735,5.021626e-05
0.1306863,2.717452e-05
0.1306971,4.197298e-05
0.1307825,2.255785e-05
0.1308085,8.892964e-06
0.1308245,1.463595e-05
0.13084,8.403423e-06
0.1308756,8.568661e-06
0.1308869,2.122723e-05
0.1308918,3.111887e-05
0.1308975,2.175229e-05
0.1308984,2.675067e-05
0.130911,2.243131e-05
0.1309129,1.1968e-05
0.1309264,2.252788e-05
0.1309306,2.217314e-05
0.1309554,2.92051e-05
0.1309702,2.922882e-05
0.1309977,2.631712e-05
0.131084,2.742141e-05
0.131169,1.996642e-05
0.1311883,2.255857e-05
0.1311898,2.873641e-05
0.1311918,2.614241e-05
0.1311988,1.127956e-05
0.131255,8.470324e-06
0.1312683,3.197141e-05
0.1312751,2.399758e-05
0.1313079,2.565905e-05
0.1313244,2.016221e-05
0.1313579,4.151042e-05
0.1313653,3.192852e-05
0.1313901,1.947018e-05
0.1314178,1.160377e-05
0.1314221,3.651492e-05
0.131424,2.520067e-05
0.131449,2.28573e-05
0.131458,8.602638e-05
0.1314673,2.504003e-05
0.1315239,8.854419e-06
0.1315533,2.071439e-05
0.1315647,8.22119e-05
0.1315754,2.868739e-05
0.1315801,4.408352e-05
0.1316468,2.439085e-05
0.1316831,0.0001316079
0.1317765,5.247774e-05
0.1318014,1.967202e-05
0.1318594,4.719551e-05
0.1318619,3.362297e-05
0.1318925,1.949539e-05
0.1318943,2.120596e-05
0.1319399,4.16984e-05
0.131969,1.220445e-05
0.1319764,2.536461e-05
0.1320004,1.238086e-05
0.1320037,8.001886e-06
0.1320462,1.861746e-05
0.1320544,9.651237e-06
0.1320587,2.989527e-05
0.1320626,2.769475e-05
0.1320701,4.055101e-05
0.1320984,1.005104e-05
0.1321105,8.477818e-06
0.1321288,1.42442e-05
0.1321354,2.986496e-05
0.1321705,5.831565e-05
0.1321915,3.674473e-05
0.132196,1.438976e-05
0.1322336,1.915873e-05
0.1322375,1.723432e-05
0.1323001,2.696613e-05
0.132341,8.271682e-06
0.1323525,1.704761e-05
0.1323713,4.028549e-05
0.1323955,1.829319e-05
0.1324015,3.34548e-05
0.1324259,4.157386e-05
0.1324638,1.217197e-05
0.1324743,2.789583e-05
0.1324999,3.532355e-05
0.1325207,1.34443e-05
0.1325348,2.375177e-05
0.1325496,1.933027e-05
0.1325525,2.091408e-05
0.1325998,2.513317e-05
0.1326054,1.841662e-05
0.1326324,7.037402e-06
0.1327124,1.727683e-05
0.1327258,2.296709e-05
0.1327488,2.53985e-05
0.1327952,3.039758e-05
0.1328036,0.730907
0.1328516,8.803539e-06
0.1328749,2.79345e-05
0.1328964,2.942052e-05
0.1329417,2.397257e-05
0.1329585,8.027405e-05
0.1329785,2.387906e-05
0.1330192,2.908076e-05
0.1330593,3.489276e-05
0.1330905,1.546859e-05
0.1330925,2.275878e-05
0.1330933,1.371037e-05
0.1331213,2.146319e-05
0.1331251,3.355569e-05
0.1331658,2.964923e-05
0.1331888,3.907959e-05
0.133225,2.098384e-05
0.1332298,3.080608e-05
0.1332299,7.901776e-05
0.1332534,1.375106e-05
0.1332796,1.470291e-05
0.1333486,8.988716e-06
0.1333748,1.161821e-05
0.1334034,2.587501e-05
0.1334356,2.276603e-05
0.1335279,3.033606e-05
0.1335561,3.449492e-05
0.1335584,9.10952e-06
0.1335867,6.109982e-05
0.1336012,1.164415e-05
0.1336145,3.363867e-05
0.1336225,6.813088e-06
0.1336623,1.730771e-05
0.133692,2.046734e-05
0.1337139,2.637485e-05
0.1337389,4.357395e-05
0.1337498,2.140638e-05
0.1337547,2.584438e-05
0.1337597,5.357366e-05
0.1337621,1.619139e-05
0.1338065,2.540235e-05
0.1338438,2.132142e-05
0.1338608,3.757106e-05
0.133893,2.894926e-05
0.1339067,8.941411e-06
0.1339104,3.730423e-05
0.1339115,2.846815e-05
0.1339175,8.249642e-06
0.1339207,1.58432e-05
0.1339622,2.545587e-05
0.1339848,2.488916e-05
0.1341116,2.149329e-05
0.1341131,2.372422e-05
0.1341282,2.277469e-05
0.134147,3.626793e-05
0.1341502,4.208178e-05
0.13419,3.625546e-05
0.134196,7.25719e-06
0.1342553,1.909912e-05
0.1342574,3.915623e-05
0.1342865,1.619226e-05
0.1343256,8.515833e-06
0.1343755,2.099153e-05
0.1344482,9.525131e-05
0.1344811,3.136872e-05
0.1345014,2.092747e-05
0.134506,1.695837e-05
0.1345231,1.92353e-05
0.134534,2.515918e-05
0.1345495,3.821409e-05
0.1345653,1.916198e-05
0.1345654,6.268416e-06
0.1345774,3.166383e-05
0.1345989,8.660271e-06
0.1346182,1.017024e-05
0.1346704,1.683637e-05
0.1346738,3.169808e-05
0.1347114,9.391552e-05
0.1347418,3.888451e-05
0.1347795,8.75593e-06
0.1347957,2.448654e-05
0.1348319,2.587417e-05
0.1348342,2.632828e-05
0.134884,1.70942e-05
0.134891,1.896377e-05
0.1348979,4.113017e-05
0.1348992,2.676376e-05
0.1349178,0.0003841683
0.1349185,1.434156e-05
0.1349481,2.066111e-05
0.1349732,3.623604e-05
0.134981,2.573515e-05
0.1351004,3.580506e-05
0.135134,6.730607e-06
0.1351399,2.34269e-05
0.1351414,2.302457e-05
0.1351433,9.136943e-06
0.1351464,8.606517e-06
0.1351551,0.5497481
0.1351609,3.827266e-05
0.1351718,1.32778e-05
0.1352492,2.79133e-05
0.1352771,1.101063e-05
0.1353678,4.011265e-05
0.1353993,1.444931e-05
0.1354011,1.179303e-05
0.135413,1.005252e-05
0.135437,2.84641e-05
0.1354414,8.884955e-05
0.1354795,2.022977e-05
0.1354881,2.286096e-05
0.135553,2.377217e-05
0.1355901,2.354957e-05
0.1356003,3.271004e-05
0.1357055,3.104294e-05
0.1357439,1.209533e-05
0.1358053,4.159302e-05
0.1359353,1.508611e-05
0.135939,2.158318e-05
0.1359551,4.596265e-05
0.1359564,3.320811e-05
0.1359579,3.14781e-05
0.1359921,9.307221e-06
0.1360331,1.678543e-05
0.1360558,4.494e-05
0.1360617,3.011316e-05
0.1360658,7.404174e-06
0.1360873,2.800514e-05
0.1360899,3.55451e-05
0.1361348,9.843621e-06
0.1361465,2.520772e-05
0.1362131,2.243414e-05
0.1362603,1.958888e-05
0.1363226,2.001271e-05
0.1363323,1.638079e-05
0.136364,2.287724e-05
0.1363675,2.863906e-05
0.1364019,2.856901e-05
0.136464,0.2377458
0.1364662,2.039054e-05
0.1364992,1.428146e-05
0.136536,2.417411e-05
0.136544,2.643663e-05
0.1365515,2.645498e-05
0.1365852,2.07616e-05
0.1366407,3.221309e-05
0.1366695,3.194729e-05
0.1366718,3.864142e-05
0.1366965,3.430356e-05
0.1367021,1.968333
0.1367304,6.401639e-06
0.1367541,3.280543e-05
0.1369443,2.921566e-05
0.1369569,7.457227e-06
0.13696,2.998157e-05
0.1369721,2.921736e-05
0.1370054,2.19831e-05
0.1371755,3.371515e-05
0.1372115,3.154709e-05
0.1372181,2.424317e-05
0.1372627,3.026565e-05
0.1373035,2.445489e-05
0.1373853,2.43755e-05
0.137422,3.445361e-05
0.1374852,2.758215e-05
0.1375806,7.041525e-06
0.1376034,2.263382e-05
0.1376069,2.722028e-05
0.1376115,1.060451e-05
0.1376553,8.729777e-06
0.1376748,2.134643e-05
0.1377012,1.318849e-05
0.1377072,2.665138e-05
0.1377154,2.788549e-05
0.1377629,3.090055e-05
0.1377788,3.015282e-05
0.1378104,3.177774e-05
0.1378347,2.99097e-05
0.1378741,2.932174e-05
0.1378799,2.421353e-05
0.1379513,1.868231e-05
0.1379985,2.473306e-05
0.1380137,3.907536e-05
0.1380182,1.256113e-05
0.1380537,1.366503e-05
0.1380712,3.004199e-05
0.1381642,2.848508e-05
0.1381739,2.252625e-05
0.1382108,3.814475e-05
0.1382247,4.088001e-05
0.1382292,2.665202e-05
0.1382373,4.045551e-05
0.1382453,1.539681e-05
0.1382788,3.153797e-05
0.1383215,7.04675e-06
0.1383379,2.970315e-05
0.1383553,2.558679e-05
0.1383873,2.552965e-05
0.138405,8.762547e-06
0.1384902,6.646043e-06
0.1385294,3.60383e-05
0.138533,1.136149e-05
0.1386491,3.205429e-05
0.1386999,7.603199e-05
0.1387263,7.607256e-05
0.1387877,9.541722e-06
0.1387974,3.076526e-05
0.1388361,9.413379e-06
0.1388436,3.507506e-05
0.1388461,0.0002876587
0.1388461,2.986724e-05
0.1388929,2.323341e-05
0.1389139,2.16215e-05
0.1389364,3.546373e-05
0.1389814,2.626639e-05
0.1390513,9.555361e-06
0.1390759,2.781024e-05
0.1390761,3.860925e-05
0.1390909,1.196959e-05
0.1391144,2.53067e-05
0.1391595,8.775321e-06
0.1391692,2.000863e-05
0.1392249,8.177059e-06
0.1392861,7.039488e-06
0.1393459,4.178322e-05
0.1393537,3.669315e-05
0.1393639,3.542906e-05
0.1393821,2.615856e-05
0.1394259,2.495828e-05
0.1394265,2.158469e-05
0.1394829,9.028236e-06
0.1395458,1.697216e-05
0.1395469,2.380096e-05
0.1395497,3.430681e-05
0.1395517,1.322477e-05
0.1395658,2.326845e-05
0.1395811,3.322219e-05
0.1395859,1.164335e-05
0.1396264,0.0001914526
0.1396433,2.776623e-05
0.1396614,1.469526e-05
0.1396808,2.721267e-05
0.1396837,1.750385e-05
0.1396898,3.360814e-05
0.1397266,3.037991e-05
0.1397304,3.430616e-05
0.1397672,6.515895e-06
0.1398195,1.645637e-05
0.139827,1.597721e-05
0.1398643,2.877188e-05
0.1398652,2.102788e-05
0.1399086,2.569831e-05
0.1399831,2.196584e-05
0.1400283,2.188255e-05
0.1400505,3.755886e-05
0.1400666,3.304453e-05
0.1400786,3.519193e-05
0.1400873,2.436336e-05
0.1401248,2.661795e-05
0.1401327,3.065648e-05
0.1401688,2.451828e-05
0.1401729,8.310236e-06
0.1401782,1.176284e-05
0.140201,2.410723e-05
0.140243,2.602514e-05
0.1402594,1.073088e-05
0.1402709,1.641118e-05
0.1402738,1.873605e-05
0.1402933,2.265033e-05
0.1403228,2.562659e-05
0.1403345,2.769432e-05
0.1403386,1.981566e-05
0.14034,3.904508e-05
0.1403518,2.708118e-05
0.1403785,2.350915e-05
0.1403911,3.372324e-05
0.1403944,8.625397e-06
0.1404252,2.039921e-05
0.1404548,1.948024e-05
0.1404587,1.363933e-05
0.1406932,8.935981e-06
0.1407311,2.169036e-05
0.1407672,2.671581e-05
0.1408057,1.305014e-05
0.140847,2.622449e-05
0.1408763,2.116068e-05
0.1408875,2.542348e-05
0.140916,2.327674e-05
0.1409254,1.440676e-05
0.1409438,1.502268e-05
0.1409857,9.187142e-06
0.1409952,2.850533e-05
0.1410016,5.495574e-06
0.1410596,3.539207e-05
0.1411182,1.689256e-05
0.1411276,3.310406e-05
0.1412311,2.901169e-05
0.1412976,4.129246e-05
0.1413199,1.557869e-05
0.1413215,3.332607e-05
0.1413229,1.309106e-05
0.141334,1.269004e-05
0.1413396,1.415219e-05
0.1413424,2.43547e-05
0.1413581,2.394559e-05
0.14136,2.189146e-05
0.1413642,3.161018e-05
0.1415106,2.45008e-05
0.1415299,2.430851e-05
0.1415388,9.945829e-06
0.1415843,9.591853e-06
0.1416001,3.175248e-05
0.1416139,2.522334e-05
0.1416167,4.09474e-05
0.141636,1.213532e-05
0.1416529,2.591576e-05
0.1416717,2.615438e-05
0.1416971,2.420942e-05
0.14175,2.905796e-05
0.1417554,4.345051e-05
0.1417587,3.801522e-05
0.1418021,2.158898e-05
0.1418729,3.175094e-05
0.1418754,2.857679e-05
0.1419621,2.936187e-05
0.1419665,2.157743e-05
0.1420504,3.248223e-05
0.1420908,2.588606e-05
0.1420908,4.405281e-05
0.1421187,2.970521e-05
0.1421762,1.314951e-05
0.1421775,5.391489e-06
0.1422749,3.104774e-05
0.1423388,2.340073e-05
0.1423532,3.030775e-05
0.1423881,2.559617e-05
0.1424094,1.65472e-05
0.1424448,3.411978e-05
0.1424908,1.429836
0.1425045,2.73343e-05
0.1425154,2.464331e-05
0.1425162,3.601699e-05
0.1425273,1.137943e-05
0.1426118,7.640136e-06
0.1427271,3.168e-05
0.1427603,1.279304e-05
0.1427715,2.779536e-05
0.1428332,9.765868e-06
0.1428975,3.726656e-05
0.1429095,2.333009e-05
0.1429512,1.71569e-05
0.1429973,3.688612e-05
0.1430017,5.817551e-06
0.1430506,2.460597e-05
0.1431274,3.158478e-05
0.1431557,2.143697e-05
0.1431956,8.124626e-06
0.1431956,6.756428e-06
0.1432233,0.0002391285
0.1433026,2.345631e-05
0.143306,3.717005e-05
0.1433143,0.0005101577
0.1433709,3.000941e-05
0.143388,9.02706e-05
0.1433931,2.549936e-05
0.1434099,3.322469e-05
0.1434129,1.92285e-05
0.1434588,0.000157022
0.1435329,2.400971e-05
0.143561,2.182476e-05
0.1435844,1.653531e-05
0.1436664,3.202061e-05
0.1436877,2.569569e-05
0.1437404,2.037453e-05
0.1437667,3.363611e-05
0.1437694,3.64677e-05
0.1437781,4.414761e-05
0.1438637,1.114675e-05
0.1438703,2.892566e-05
0.1439009,1.946823e-05
0.1439017,1.835163e-05
0.1439891,1.687715e-05
0.1440355,1.896171e-05
0.1440531,0.0001347168
0.1440741,3.641607e-05
0.1441136,2.680245e-05
0.1441138,3.426204e-05
0.1441419,1.043271e-05
0.1442291,1.856295e-05
0.1443056,3.062734e-05
0.1443412,1.103966e-05
0.1443747,2.251236e-05
0.1444445,3.776201e-05
0.1444491,3.382851e-05
0.1444805,2.800464e-05
0.1444811,1.230973e-05
0.1444825,1.344964e-05
0.1445214,1.368942e-05
0.1445588,0.0002393694
0.1446025,0.0001082829
0.1446313,2.696741e-05
0.1446771,2.356484e-05
0.1446853,2.096773e-05
0.1446901,3.097673e-05
0.1447143,3.630048e-05
0.1447424,3.472537e-05
0.1447594,1.66524e-05
0.1447608,2.61964e-05
0.1447779,2.37319e-05
0.144788,2.035234e-05
0.1447978,3.801633e-05
0.1448322,1.542437e-05
0.1448432,2.526287e-05
0.1448439,3.186972e-05
0.1449451,3.003299e-05
0.1450243,4.69414e-05
0.1450355,3.04645e-05
0.1450596,3.259783e-05
0.1451418,1.953225e-05
0.1452443,3.217696e-05
0.1452739,4.505643e-05
0.1454077,3.684435e-05
0.145408,1.442439e-05
0.1454842,1.150776e-05
0.1455284,3.904328e-05
0.1455284,1.213481e-05
0.1455508,1.799447e-05
0.1455871,2.770406e-05
0.1456424,1.464258e-05
0.1456554,4.921935e-05
0.1457327,5.869729e-06
0.1457418,2.312963e-05
0.1457436,1.560527e-05
0.1458005,2.781858e-05
0.1458056,5.032799e-05
0.1458139,9.110662e-06
0.1458331,2.143913e-05
0.1458554,2.106029e-05
0.1460397,3.615918e-05
0.1461008,6.221365e-06
0.1461453,1.965392e-05
0.1461616,1.298017e-05
0.1461769,8.023505e-06
0.1461772,2.020611e-05
0.1461831,3.87916e-05
0.146193,4.764851e-06
0.1462012,1.396476e-05
0.1462123,1.916643e-05
0.1462602,3.007501e-05
0.1462707,9.986834e-06
0.146283,2.493482e-05
0.1462904,1.056163e-05
0.1462973,2.592757e-05
0.1463451,8.041393e-06
0.146366,3.695017e-05
0.1463789,1.414401e-05
0.1464648,2.866719e-05
0.146529,7.480473e-06
0.1465389,2.553316e-05
0.146576,6.711044e-06
0.1466085,4.150447e-05
0.1466121,2.643364e-05
0.1466497,9.70857e-06
0.146702,0.0002550461
0.1467087,0.5144089
0.1467564,1.753087e-05
0.1467641,9.882178e-06
0.1467685,2.533287e-05
0.1468637,3.668258e-05
0.1468695,5.17426e-05
0.1469662,2.203798e-05
0.1470144,2.362265e-05
0.1470345,3.185101e-05
0.1470364,3.052306e-05
0.1470381,1.923557e-05
0.1470879,2.074899e-05
0.14709,3.070627e-05
0.1470962,3.01872e-05
0.1471222,1.346221e-05
0.147127,2.35425e-05
0.1471276,2.241646e-05
0.147149,1.341055e-05
0.1472451,2.634202e-05
0.1473009,2.593234e-05
0.1473455,2.400873e-05
0.1473538,2.021145e-05
0.1473896,2.981283e-05
0.1474702,2.216639e-05
0.147533,0.0001634814
0.1475784,2.624372e-05
0.1476961,2.216044e-05
0.1477324,3.488526e-05
0.1477582,0.0001957112
0.1477801,2.90769e-05
0.1478001,2.488157e-05
0.147802,1.043142e-05
0.1478246,1.535096e-05
0.147848,3.166773e-05
0.1478657,2.464107e-05
0.1479307,9.892521e-05
0.147942,2.145262e-05
0.1479724,3.578674e-05
0.1481081,3.314892e-05
0.1481429,2.701715e-05
0.1481601,3.575558e-05
0.1481603,4.786598e-05
0.1481787,3.567586e-05
0.1482723,1.863806e-05
0.1482942,2.441089e-05
0.1483358,9.408919e-06
0.1483905,3.268182e-05
0.1483969,4.625241e-05
0.1483999,2.157355e-05
0.1484426,3.779028e-05
0.1485642,1.859584e-05
0.1485702,1.013216e-05
0.1486289,1.523706e-05
0.1486632,6.752146e-06
0.1486673,2.243888e-05
0.1486689,9.975393e-05
0.1487349,2.777402e-05
0.1487508,2.54651e-05
0.1487799,3.490476e-05
0.1488032,1.797613e-05
0.1488153,0.02012665
0.148838,2.269238e-05
0.1488589,4.667494e-05
0.1489028,4.156412e-05
0.1489509,2.83701e-05
0.1490939,9.700032e-06
0.1491421,2.780267e-05
0.1492124,3.380847e-05
0.1492189,8.636675e-06
0.149225,3.322545e-05
0.1492561,1.334883e-05
0.1492635,1.878863e-05
0.1492712,1.335221e-05
0.1493488,0.2260557
0.1493872,3.037778e-05
0.1494029,1.615658e-05
0.1494032,3.05957e-05
0.1494603,2.81598e-05
0.1494638,2.977205e-05
0.1495157,1.065014e-05
0.1495458,1.04644e-05
0.1495505,4.821981e-05
0.1495919,4.019042e-05
0.1496085,1.456243e-05
0.1496493,3.068915e-05
0.1496791,3.003824e-05
0.1496792,9.416292e-06
0.1497041,7.509917e-05
0.1497051,2.457873e-05
0.1497616,2.867602e-05
0.1498108,2.570094e-05
0.1498475,2.732287e-05
0.1498558,3.005888e-05
0.1498841,3.313112e-05
0.1499473,2.780649e-05
0.1499733,2.13334e-05
0.1500318,1.119907e-05
0.1501153,3.893097e-05
0.1501518,2.621889e-05
0.1501627,3.418249e-05
0.1501902,3.839667e-05
0.1502102,1.702324e-05
0.150213,3.082155e-05
0.1502325,4.432271e-05
0.1502751,4.478583e-05
0.1503186,7.292853e-06
0.1503403,3.146604e-05
0.1504389,1.76509e-05
0.150471,1.665454e-05
0.1505099,9.932719e-06
0.1505565,2.654007e-05
0.1505593,2.817085e-05
0.1506108,2.765075e-05
0.1506263,2.941124e-05
0.1506618,2.501472e-05
0.1506682,0.00927203
0.1507364,2.48364e-05
0.1507595,0.0001230046
0.1507684,1.292011e-05
0.1507903,2.840624e-05
0.1508372,1.845147e-05
0.1508649,1.064062e-05
0.1509098,2.909251e-05
0.1509308,0.0002245948
0.1511583,3.06052e-05
0.1512628,2.598369e-05
0.1513139,2.274578e-05
0.1513356,2.47997e-05
0.1513949,4.511581e-05
0.1514036,3.988503e-05
0.1514077,1.047807e-05
0.1514218,3.697318e-05
0.1514263,2.80936e-05
0.1514463,2.74313e-05
0.1514483,8.14694e-06
0.1514638,2.12339e-05
0.1514728,9.877303e-06
0.1515086,4.327973e-05
0.1515202,2.722157e-05
0.1515344,3.34406e-05
0.1515467,1.550067e-05
0.1515469,2.350827e-05
0.1516654,7.248037e-06
0.1516962,1.137104e-05
0.1517032,1.247569e-05
0.1517085,2.039209e-05
0.1517306,3.523744e-05
0.1517607,1.806287e-05
0.1517721,1.204359e-05
0.1517985,2.396494e-05
0.1518154,9.350772e-06
0.1518342,1.099472e-05
0.1518439,1.845152e-05
0.1519435,1.616845e-05
0.1519738,3.753492e-05
0.152007,2.155014e-05
0.1521087,0.0003820896
0.1521157,3.18676e-05
0.1521208,3.057728e-05
0.152122,3.867633e-05
0.152326,2.683016e-05
0.1523742,3.205653e-05
0.1523778,2.733073e-05
0.15243,6.847741e-06
0.1525166,1.765796e-05
0.1525274,8.757936e-05
0.1525936,5.015332e-05
0.1526129,0.0002202879
0.1527293,4.111176e-05
0.1527423,3.245893e-05
0.1527807,2.670254e-05
0.1528616,7.757662e-06
0.1529519,1.377778e-05
0.1529588,1.430082e-05
0.1529663,3.144401e-05
0.1530961,3.200445e-05
0.153099,2.368321e-05
0.1531288,2.096463e-05
0.1532106,1.862643e-05
0.1532108,2.831378e-05
0.1532122,2.518483e-05
0.1532252,2.266946e-05
0.1532291,1.915774e-05
0.1533576,2.422728e-05
0.1533854,4.427477e-05
0.1534242,2.046231e-05
0.1534862,9.554092e-06
0.1535154,2.27898e-05
0.1535358,3.189276e-05
0.1535529,1.80459e-05
0.1535639,1.896066e-05
0.1535759,2.774174e-05
0.1536024,3.828852e-05
0.1536154,1.774871e-05
0.1536467,2.24459e-05
0.1536824,3.738107e-05
0.1536952,5.726234e-05
0.1537051,2.730437e-05
0.153718,2.793248e-05
0.1537455,2.028638e-05
0.1537712,9.538625e-06
0.1538202,3.870839e-05
0.1538345,2.962059e-05
0.1538403,3.29761e-05
0.1538437,8.812283e-06
0.1538478,3.047789e-05
0.153863,1.404186e-05
0.1538717,4.536486e-05
0.1538985,4.151533e-05
0.1539352,1.775143e-05
0.1539726,0.0004059019
0.1539781,3.545782e-05
0.1540163,1.547864e-05
0.1540417,1.65179e-05
0.1540817,3.152225e-05
0.154085,9.539329e-06
0.1540914,3.765594e-05
0.1541176,4.479679e-05
0.1541201,2.943393e-05
0.1541379,2.120632e-05
0.1541582,3.106648e-05
0.1541825,3.560399e-05
0.1542646,8.774449e-06
0.1542949,2.392e-05
0.1543064,3.75062e-05
0.1543727,2.789928e-05
0.1543817,1.839342e-05
0.1543988,1.849441e-05
0.1544432,3.542809e-05
0.1544498,2.522353e-05
0.154495,8.751229e-06
0.1545036,2.189634e-05
0.1545103,2.939819e-05
0.1545162,1.133551e-05
0.1545872,1.702617e-05
0.154611,9.656629e-06
0.154714,2.043815e-05
0.1547823,2.407359e-05
0.1547927,3.881656e-05
0.1547939,2.292045e-05
0.1548183,2.980658e-05
0.1548285,3.954721e-05
0.1548574,4.033991e-05
0.1549286,1.426958e-05
0.1549899,1.862197e-05
0.1550769,4.875998e-05
0.1551007,2.310962e-05
0.1551181,0.0001104781
0.1551401,3.592431e-05
0.1551601,1.573277e-05
0.1551649,2.524378e-05
0.1551653,0.3095438
0.1552036,2.490665e-05
0.1552088,0.0003470949
0.1552191,3.346992e-05
0.1552275,2.401442e-05
0.1552494,2.807034e-05
0.1552946,0.0001342223
0.1553224,2.315993e-05
0.1553434,1.781706e-05
0.1553506,9.317262e-05
0.1553849,3.117076e-05
0.1554369,1.008728e-05
0.155583,8.930238e-06
0.15562,6.851812e-06
0.1556226,3.44445e-05
0.1557872,3.352139e-05
0.1558332,2.841994e-05
0.1558397,2.641742e-05
0.155897,2.653539e-05
0.1559989,2.734232e-05
0.1560334,4.069748e-05
0.1560493,2.033848e-05
0.1560622,3.840716e-05
0.1563043,2.282933e-05
0.1563352,1.974373e-05
0.1563464,3.141536e-05
0.1563579,3.626998e-05
0.1563988,2.10922e-05
0.1564009,3.135321e-05
0.1564394,1.294649e-05
0.156455,3.407952e-05
0.1565966,2.440797e-05
0.1566664,9.346928e-06
0.1566833,2.72285e-05
0.1567034,2.791978e-05
0.1567303,3.644115e-05
0.1567717,4.628932e-05
0.1567829,3.289015e-05
0.1567955,2.389727e-05
0.1567964,8.474696e-06
0.1568105,2.918935e-05
0.1568145,1.496761e-05
0.156826,3.257432e-05
0.1568405,1.198882e-05
0.1568418,5.4515e-05
0.1568585,2.801622e-05
0.1568812,3.098085e-05
0.1569391,3.059769e-05
0.1570253,9.205603e-05
0.157078,3.688069e-05
0.1570887,2.357121e-05
0.157114,2.561892e-05
0.1571511,3.771513e-05
0.1571542,9.231244e-06
0.1571572,2.785354e-05
0.1571695,2.423073e-05
0.1571721,2.509835e-05
0.1572052,2.499319e-05
0.1572055,4.10617e-05
0.157229,4.038066e-05
0.1572487,4.757878e-05
0.1572489,4.56314e-05
0.1572585,2.120752e-05
0.1572722,2.714387e-05
0.1572941,4.289948e-05
0.1573222,3.051237e-05
0.1573416,0.0003400841
0.1573827,3.927857e-05
0.1574097,2.962214e-05
0.1574437,3.62029e-05
0.1574527,2.636267e-05
0.1574704,9.006121e-05
0.1575146,2.573843e-05
0.1575591,4.565427e-05
0.1576582,0.0002023036
0.1576862,4.547158e-05
0.1577186,3.023268e-05
0.1577846,1.931222e-05
0.1578432,2.179804e-05
0.1578832,2.592554e-05
0.1579053,3.624542e-05
0.157932,1.520103e-05
0.157941,1.672247e-05
0.1580519,3.635093e-05
0.1580808,3.367319e-05
0.1581059,3.146227e-05
0.1581397,2.942087e-05
0.158232,1.168176e-05
0.1582934,1.846304e-05
0.158372,2.670475e-05
0.1584051,1.11726e-05
0.158435,0.0001528828
0.1584482,2.483191e-05
0.1584549,3.490218e-05
0.1584795,7.581327e-06
0.1585226,3.384909e-05
0.1585452,3.081367e-05
0.1585693,1.72568e-05
0.1586747,4.526855e-05
0.1586925,2.688692e-05
0.1587963,2.630478e-05
0.1588475,1.098351e-05
0.1588634,0.0001608974
0.1588806,0.000201743
0.1589146,0.0001656021
0.158943,2.093919e-05
0.1589792,2.946687e-05
0.1589988,1.234253e-05
0.1590055,4.200085e-05
0.1590553,4.138342e-05
0.1590905,2.395399e-05
0.1591091,3.407032e-05
0.159136,4.211011e-05
0.1591788,3.683176e-05
0.1591844,0.1683491
0.1592411,2.65749e-05
0.159327,4.230717e-05
0.1593298,1.154297e-05
0.1594005,2.564324e-05
0.1594009,2.916985e-05
0.1594997,2.657335e-05
0.1595251,1.796577e-05
0.1595344,3.673774e-05
0.1595864,2.692418e-05
0.1595946,1.830627e-05
0.159644,3.721622e-05
0.1597374,2.614317e-05
0.1597858,2.980062e-05
0.1598123,3.890954e-05
0.1598299,4.173512e-05
0.160065,4.95836e-05
0.1600776,3.482905e-05
0.1601184,2.554996e-05
0.1601273,3.613392e-05
0.1602454,2.173856e-05
0.1602671,3.319016e-05
0.1603425,3.028771e-05
0.1603446,2.112301e-05
0.1603789,2.481201e-05
0.1603948,3.330732e-05
0.1604697,1.838325e-05
0.1604791,2.131191e-05
0.1605437,2.80652e-05
0.1605517,5.150069e-05
0.1605893,2.692815e-05
0.1606253,2.544411e-05
0.1606735,2.000136e-05
0.1606755,2.310219e-05
0.1606829,3.695084e-05
0.1606967,2.889748e-05
0.1607057,2.161748e-05
0.1607167,6.30905e-05
0.1607296,5.448902e-05
0.1607512,2.062566e-05
0.1607897,2.919319e-05
0.1608947,1.637898e-05
0.1609644,7.961106e-06
0.1611603,3.845832e-05
0.161181,1.269752e-05
0.1611908,1.705821e-05
0.1612369,2.924453e-05
0.1612567,2.987325e-05
0.161268,1.113829e-05
0.1612846,4.082072e-05
0.1613089,3.67439e-05
0.1613907,3.818447e-05
0.1614012,3.016906e-05
0.1614831,4.734556e-05
0.1614992,2.406295e-05
0.1615033,1.879247e-05
0.1615255,3.510241e-05
0.161539,2.367647e-05
0.1616144,2.751407e-05
0.1616461,2.628672e-05
0.1616468,2.833885e-05
0.1616754,4.094118e-05
0.1617247,3.764257e-05
0.1617299,1.948548e-05
0.1617827,2.250684e-05
0.161824,3.606653e-05
0.1618429,2.571252e-05
0.1618925,3.164336e-05
0.1619006,2.468465e-05
0.1619403,4.119124e-05
0.1619864,1.93471e-05
0.1619996,6.058559e-05
0.1620062,3.038968e-05
0.1620171,2.16821e-05
0.16215,0.0001335992
0.1621819,2.328773e-05
0.1622025,4.848735e-05
0.1622674,2.846206e-05
0.1622704,1.651e-05
0.1622843,9.037902e-06
0.1623045,4.18474e-05
0.1623131,4.68945e-05
0.162318,3.937029e-05
0.1623216,4.38231e-05
0.1623244,2.441476e-05
0.1623567,1.216756e-05
0.1623715,0.000125428
0.1623733,2.63741e-05
0.1624379,1.518505e-05
0.162449,5.030176e-05
0.1624519,2.548104e-05
0.1624761,1.09446e-05
0.1624805,1.272268e-05
0.162522,2.760968e-05
0.1625534,3.728662e-05
0.162576,2.577981e-05
0.1627171,2.753906e-05
0.1627999,1.156263e-05
0.1629036,4.34849e-05
0.1629074,0.1869062
0.1630142,3.469292e-05
0.1630151,3.780628e-05
0.1630447,3.718428e-05
0.1630799,3.20783e-05
0.1631472,1.66917e-05
0.1631534,4.786151e-05
0.1632736,9.033618e-06
0.1634316,1.684363e-05
0.1634853,2.789259e-05
0.1635007,2.842349e-05
0.1635928,2.806321e-05
0.163623,1.137504e-05
0.1636773,7.74598e-06
0.1637321,2.912707e-05
0.1637986,2.842222e-05
0.1638141,3.677502e-05
0.1638241,2.989061e-05
0.1638726,4.903143e-05
0.1639099,3.232573e-05
0.163946,2.021656e-05
0.1639686,1.020605e-05
0.1640185,6.420978e-05
0.1640202,1.149698e-05
0.1640651,4.301862e-05
0.1640725,1.694347e-05
0.1640962,3.283864e-05
0.1641387,2.739115e-05
0.1642155,1.260625e-05
0.1642327,2.787673e-05
0.1642438,2.978877e-05
0.1644407,2.492287e-05
0.1645337,6.396012e-05
0.1646137,2.733523e-05
0.1646341,1.264386e-05
0.1646638,7.704114e-06
0.1646816,3.233919e-05
0.1646987,3.128481e-05
0.1648247,3.162749e-05
0.1649464,4.020656e-05
0.1649767,4.24662e-05
0.1650572,3.47043e-05
0.1651231,4.525114e-05
0.1651418,3.941501e-05
0.1651536,3.249604e-05
0.1651685,5.591744e-06
0.1652638,2.534931e-05
0.1653258,1.913125e-05
0.1653294,1.035471e-05
0.1654159,1.136575e-05
0.1655178,1.387288e-05
0.165571,2.852006e-05
0.1656094,1.545286e-05
0.1656202,1.287845e-05
0.1656233,2.33312e-05
0.1656635,7.343232e-06
0.1656641,2.00865e-05
0.1656755,0.0003076956
0.1657276,5.025177e-05
0.16586,2.981355e-05
0.165978,3.236243e-05
0.1660467,1.793223e-05
0.1660474,3.394611e-05
0.1660995,2.802759e-05
0.1661248,4.695224e-05
0.1661705,1.949576e-05
0.1661827,3.038173e-05
0.1663073,3.147294e-05
0.1663547,1.656093e-05
0.1663797,3.438002e-05
0.1663888,4.839758e-05
0.166401,1.15752e-05
0.166421,2.528005e-05
0.166474,1.834867e-05
0.1664777,8.482106e-06
0.1665088,7.819047e-06
0.1666942,6.564933e-06
0.1667231,3.646006e-05
0.1667602,3.731951e-05
0.1668042,2.381665e-05
0.1668294,2.535789e-05
0.1668682,2.306485e-05
0.166884,2.829565e-05
0.1668899,3.306173e-05
0.1669369,3.940167e-05
0.1669438,3.453466e-05
0.1669798,2.952487e-05
0.1670095,3.028238e-05
0.167022,2.465379e-05
0.1670508,1.697967e-05
0.1670982,9.592248e-05
0.1671702,1.933351e-05
0.1672183,4.067926e-05
0.1672207,2.959523e-05
0.1672282,4.008397e-05
0.1672478,2.138649e-05
0.1672875,2.661235e-05
0.1673645,4.378675e-05
0.1673722,3.242467e-05
0.1673842,1.375118e-05
0.1674391,2.544496e-05
0.1674647,7.353422e-05
0.1676096,3.088206e-05
0.16764,1.922475e-05
0.1676835,2.657756e-05
0.1677432,3.729539e-05
0.1677607,9.097665e-06
0.1678415,2.379936e-05
0.1678496,2.444723e-05
0.167869,4.300992e-05
0.1679156,2.447735e-05
0.167976,1.925746e-05
0.1680198,2.649617e-05
0.1680843,6.351434e-05
0.1681644,7.134612e-06
0.1682576,3.746063e-05
0.168391,3.392581e-05
0.1684013,1.845844e-05
0.1684558,2.145756e-05
0.1684672,3.168578e-05
0.1685571,2.922066e-05
0.1686404,3.296399e-05
0.1686691,4.027715e-05
0.168689,2.759565e-05
0.1686994,1.713368e-05
0.1687104,8.078841e-06
0.1687581,4.269427e-05
0.1688351,3.724595e-05
0.1688452,3.832816e-05
0.1688671,2.858149e-05
0.1689529,4.389671e-05
0.1690051,2.993036e-05
0.1690175,1.381989e-05
0.1690507,9.923348e-05
0.1691635,2.954629e-05
0.1692789,1.551197e-05
0.1692825,2.729487e-05
0.169328,3.124799e-05
0.1693289,1.755684e-05
0.1693336,2.888186e-05
0.1693629,1.282367e-05
0.1693887,7.685617e-06
0.1696087,2.074619e-05
0.1696102,2.339741e-05
0.1696419,3.178637e-05
0.1697565,0.0003516936
0.1697889,3.630793e-05
0.1698104,3.864785e-05
0.1698307,1.400762e-05
0.1698768,4.277971e-05
0.16997,2.072488e-05
0.1700524,0.0002033505
0.1701513,2.887283e-05
0.1702078,3.395895e-05
0.1702241,2.456371e-05
0.1702517,4.60462e-05
0.1702585,3.01556e-05
0.1703401,4.222936e-05
0.1704022,3.491482e-05
0.1704057,2.381988e-05
0.1704702,1.114859e-05
0.1704761,2.856817e-05
0.1705024,3.068948e-05
0.1705063,1.741783e-05
0.1705408,0.0001218919
0.1705446,3.290952e-05
0.1705594,2.866298e-05
0.1705703,1.110479e-05
0.1705995,4.871728e-05
0.1706771,4.732458e-05
0.1706869,1.989282e-05
0.1706935,0.0003709346
0.1707176,9.397049e-06
0.1707617,4.346341e-05
0.1707833,5.337933e-05
0.1707889,4.375288e-05
0.1708277,3.908521e-05
0.1708363,3.686411e-05
0.1708656,1.937818e-05
0.1709124,3.031275e-05
0.1710911,4.500191e-05
0.1710934,3.049763e-05
0.1712176,2.119335e-05
0.171223,8.019126e-06
0.1712236,3.759763e-05
0.1712473,3.056182e-05
0.1712513,4.171624e-05
0.171309,3.864565e-05
0.1713893,3.026513e-05
0.171504,2.306968e-05
0.1715228,0.1558889
0.1715271,3.743287e-05
0.1716546,1.965064e-05
0.1716892,2.565351e-05
0.1717707,3.611016e-05
0.1717707,2.756247e-05
0.1717848,3.2822e-05
0.1718144,0.0001518242
0.1719944,4.622477e-05
0.1722067,3.14778e-05
0.1723241,2.421414e-05
0.1724898,1.849527e-05
0.1726457,1.189534e-05
0.1726506,3.272509e-05
0.1727886,4.30918e-05
0.1727922,3.909268e-05
0.1728063,8.325977e-06
0.1728612,4.051829e-05
0.172896,2.059009e-05
0.1728981,2.974683e-05
0.1729677,1.342722e-05
0.1729756,3.880683e-05
0.1730543,2.650612e-05
0.1730572,4.680876e-05
0.1731002,3.032686e-05
0.1731189,3.193391e-05
0.1731224,2.120974e-05
0.1731751,1.932936e-05
0.1732454,3.802126e-05
0.1732497,1.904617e-05
0.1732621,1.150721e-05
0.1733064,2.164369e-05
0.1733167,3.554491e-05
0.1733207,9.385605e-06
0.1734124,0.0002743894
0.1734445,3.724576e-05
0.1734632,4.816832e-05
0.1734925,0.000445751
0.1734934,2.573076e-05
0.1735284,2.990964e-05
0.1735603,3.487534e-05
0.1736526,4.492258e-05
0.1736667,2.832066e-05
0.1737002,3.214536e-05
0.1737012,3.330328e-05
0.1737119,2.978361e-05
0.1738919,3.127977e-05
0.173967,3.4057e-05
0.1740297,1.86003e-05
0.1740626,2.881151e-05
0.1741489,2.077318e-05
0.1741639,3.145783e-05
0.1743158,3.948364e-05
0.1743305,3.991487e-05
0.1743431,2.747151e-05
0.1743432,2.074725e-05
0.1743811,2.003781e-05
0.1744023,3.865103e-05
0.1744133,2.849055e-05
0.1744318,2.288416e-05
0.1744376,4.025636e-05
0.1744541,2.364406e-05
0.1745992,3.181027e-05
0.1746032,4.256446e-05
0.1747342,3.556727e-05
0.1748306,4.716016e-05
0.1748923,3.743381e-05
0.174978,4.208138e-05
0.1750553,0.0001083056
0.1750955,3.25747e-05
0.1751564,3.160052e-05
0.1752405,4.611683e-05
0.1752464,3.470289e-05
0.1752557,4.060743e-05
0.1753109,1.186665e-05
0.1753606,3.527189e-05
0.1753695,0.0001844544
0.1754066,3.368375e-05
0.1755944,4.461523e-05
0.175631,1.84652e-05
0.1756397,4.100573e-05
0.1756543,0.0007163571
0.1757984,2.507013e-05
0.1758033,3.777968e-05
0.1758046,6.616498e-05
0.1758127,3.557487e-05
0.1758504,0.0002245086
0.1758582,1.948908e-05
0.1760037,1.637364e-05
0.176006,3.544921e-05
0.1761192,5.010074e-05
0.1761843,2.484232e-05
0.1762326,3.588232e-05
0.1763094,2.100753e-05
0.1763363,3.364514e-05
0.1764295,2.546605e-05
0.1764776,2.90373e-05
0.1765073,1.80071e-05
0.1765633,0.0002532506
0.1766502,2.07962e-05
0.1767416,1.929687e-05
0.1768636,7.159606e-06
0.1769558,2.686374e-05
0.1770862,3.223425e-05
0.1771026,5.73427e-05
0.1771046,2.224573e-05
0.1771355,4.441834e-05
0.1772454,3.396787e-05
0.1773014,3.24994e-05
0.1773197,5.216036e-05
0.1773383,4.224763e-05
0.1773495,7.937997e-06
0.1774629,2.940564e-05
0.1774692,2.761836e-05
0.1774786,2.413428e-05
0.1775262,2.485321e-05
0.1775918,2.324591e-05
0.1776127,1.429537e-05
0.177654,3.69596e-05
0.1777348,3.847459e-05
0.1778018,2.777386e-05
0.1778077,3.628913e-05
0.1778569,1.464905e-05
0.1778804,3.720764e-05
0.177883,4.417569e-05
0.1778845,7.443699e-06
0.1779165,3.378647e-05
0.1780639,0.0001795333
0.1781052,4.082395e-05
0.1781134,3.299376e-05
0.178133,2.923106e-05
0.1781454,4.159613e-05
0.1782083,3.184748e-05
0.1782299,9.698995e-06
0.1784249,4.59754e-05
0.1785058,1.038014e-05
0.1785077,2.748334e-05
0.1785173,3.333997e-05
0.178563,3.536493e-05
0.1785933,2.104522e-05
0.1786278,2.598359e-05
0.178635,2.786471e-05
0.1787015,2.852045e-05
0.178744,2.543564e-05
0.1787753,4.716366e-05
0.1788533,3.415482e-05
0.1788569,2.474829e-05
0.1788796,8.373101e-06
0.1789596,4.098828e-05
0.1789658,1.176352e-05
0.1789826,2.818423e-05
0.1790524,1.774026e-05
0.1790689,3.49073e-05
0.1791052,0.4829611
0.1791154,2.490322e-05
0.1791889,3.38936e-05
0.1793207,3.398582e-05
0.1793555,3.041456e-05
0.1793784,0.000183405
0.1794339,3.766387e-05
0.1796962,4.378057e-05
0.179716,3.559075e-05
0.1797469,4.038836e-05
0.179768,4.357181e-05
0.1798349,3.31901e-05
0.1798487,2.962056e-05
0.1798989,6.965952e-05
0.1799065,0.3951759
0.1799141,3.201472e-05
0.1799475,4.368635e-05
0.1799614,3.940604e-05
0.1800238,1.761016e-05
0.180079,0.0002761166
0.1801489,2.630924e-05
0.1801648,2.564912e-05
0.180186,3.271249e-05
0.1802058,3.196092e-05
0.1802547,2.46671e-05
0.1802594,3.636181e-05
0.1803117,2.280192e-05
0.1803226,2.795389e-05
0.1803395,2.070873e-05
0.1803467,4.557972e-05
0.1803573,3.097961e-05
0.1804914,2.630557e-05
0.1804933,7.457102e-05
0.1804947,2.125104e-05
0.1805094,2.924789e-05
0.1806371,2.486858e-05
0.1806756,2.57439e-05
0.1808861,2.948806e-05
0.1809843,4.632185e-05
0.1811477,2.561169e-05
0.1811525,2.107788e-05
0.1812728,6.140213e-05
0.1812838,1.820694e-05
0.1812922,1.631402e-05
0.1813131,4.358554e-05
0.1813208,2.973666e-05
0.1813623,2.920247e-05
0.181399,8.469758e-06
0.1814221,3.130086e-05
0.1814267,2.538558e-05
0.1814646,1.971299e-05
0.1814801,4.014251e-05
0.1815256,3.869182e-05
0.1815314,2.875592e-05
0.181577,3.870003e-05
0.1817944,4.139476e-05
0.1818038,1.006129e-05
0.1818589,2.497425e-05
0.1819756,4.992531e-05
0.1820052,3.589462e-05
0.1820554,2.347697e-05
0.1820714,1.379824e-05
0.1821375,5.714886e-05
0.1821643,3.48812e-05
0.1821728,3.526447e-05
0.1822013,1.216502e-05
0.1822017,3.387365e-05
0.1822366,3.14729e-05
0.1822445,2.911251e-05
0.1822489,3.430844e-05
0.1823244,2.764497e-05
0.1824067,3.939372e-05
0.1825651,2.620949e-05
0.1825738,4.394767e-05
0.1825757,2.96345e-05
0.1826444,6.373991e-06
0.1826467,2.076099e-05
0.1826705,0.0001067378
0.1826884,2.455937e-05
0.1828698,3.696336e-05
0.1828971,2.596446e-05
0.1829206,4.293118e-05
0.1829225,2.517767e-05
0.1830183,3.266432e-05
0.1830208,2.909842e-05
0.1831271,2.999186e-05
0.1831314,1.206748e-05
0.1833934,0.0001619905
0.183431,3.903528e-05
0.1834649,0.1501182
0.1834787,3.349496e-05
0.1834834,3.111367e-05
0.1834919,2.00459e-05
0.1835027,1.306568e-05
0.1835428,1.954133e-05
0.1835617,1.754753e-05
0.1835656,2.640175e-05
0.1835697,3.221499e-05
0.1836852,4.951843e-05
0.1836993,2.504013e-05
0.1837207,2.724198e-05
0.1837405,4.01703e-05
0.1837617,1.662859e-05
0.1838083,9.501035e-06
0.1838424,7.255485e-06
0.183919,2.493323e-05
0.1840369,3.546802e-05
0.1841221,2.949319e-05
0.184128,2.94839e-05
0.1841433,3.032766e-05
0.1841766,2.984035e-05
0.1841893,3.409749e-05
0.184219,1.471064e-05
0.1843037,2.203223e-05
0.1844454,4.060976e-05
0.1844683,3.268529e-05
0.1844913,2.662851e-05
0.1845033,1.866991e-05
0.1845809,2.773836e-05
0.1846269,7.494628e-05
0.1846759,2.970822e-05
0.1846938,2.673727e-05
0.1847078,3.018331e-05
0.1847308,2.869221e-05
0.1847375,2.098432e-05
0.1847495,3.512602e-05
0.1849726,2.736658e-05
0.1849846,1.053802e-05
0.1850127,0.0001074949
0.1850158,1.500909e-05
0.185026,2.506111e-05
0.1850551,3.974927e-05
0.1850617,2.347658e-05
0.1850942,0.4270727
0.1850976,2.098235e-05
0.1851245,7.672043e-06
0.1851566,3.322171e-05
0.185179,4.809997e-05
0.1852843,4.434844e-05
0.1853109,2.424249e-05
0.1853216,1.853035e-05
0.1853947,0.0001116882
0.1854607,1.166242e-05
0.1854705,4.247485e-05
0.1855223,2.487095e-05
0.1855264,3.567901e-05
0.185605,0.0001773
0.1857123,3.21748e-05
0.1858256,4.497957e-05
0.1858985,5.786391e-05
0.1859061,3.159114e-05
0.1859164,3.643964e-05
0.1859597,2.849848e-05
0.1859634,3.29138e-05
0.1859837,0.0001402777
0.186221,2.815367e-05
0.1862552,2.741063e-05
0.1862563,4.08243e-05
0.1862847,6.387299e-05
0.1862937,3.575259e-05
0.1863366,2.939239e-05
0.1863478,7.51151e-05
0.1863733,4.288953e-05
0.1863852,4.432759e-05
0.1864141,3.116563e-05
0.1864191,3.693609e-05
0.1864668,4.000474e-05
0.1864787,2.428324e-05
0.1865203,4.351004e-05
0.1866166,2.961028e-05
0.1866512,4.681063e-05
0.1867554,2.756888e-05
0.1868757,4.242494e-05
0.186942,3.650962e-05
0.1869686,3.245296e-05
0.1869791,3.278704e-05
0.1872675,3.223196e-05
0.1872698,3.928397e-05
0.1872733,1.177348e-05
0.1872805,0.7325341
0.1872888,5.21834e-05
0.1873036,2.829143e-05
0.187342,3.554159e-05
0.1874173,3.01198e-05
0.1874574,0.000119707
0.1874852,2.842189e-05
0.1875833,3.442032e-05
0.1875914,3.309815e-05
0.1876069,2.40143e-05
0.1876128,2.235189e-05
0.1876623,3.653921e-05
0.1877616,3.802215e-05
0.187797,2.503898e-05
0.1879106,3.929031e-05
0.1879214,4.847769e-05
0.1879584,5.26794e-05
0.1879669,3.247564e-05
0.1880739,1.401064e-05
0.1881774,6.352156e-05
0.1881896,3.697992e-05
0.1882309,3.28999e-05
0.1882453,4.505025e-05
0.1882971,2.295026e-05
0.1883178,6.093615e-05
0.188356,0.0003640442
0.1883975,3.294894e-05
0.1884062,2.69147e-05
0.1885406,3.584461e-05
0.188647,6.06064e-05
0.1888343,1.852572e-05
0.1888884,2.679054e-05
0.1889002,2.729104e-05
0.1889255,3.075847e-05
0.1889416,6.867183e-05
0.1890429,1.068379e-05
0.1890591,3.596493e-05
0.1891,2.428884e-05
0.1891909,4.196877e-05
0.1892012,4.291119e-05
0.189283,3.301741e-05
0.1893589,2.373219e-05
0.1893978,2.970096e-05
0.1894203,4.024678e-05
0.1894705,6.475088e-06
0.1894983,3.530334e-05
0.1895403,4.331376e-05
0.1896551,3.766128e-05
0.1897292,0.4013932
0.1897539,3.647657e-05
0.1897616,4.161366e-05
0.1898004,2.404149e-05
0.1898355,2.993344e-05
0.1898526,3.641443e-05
0.1899341,2.812274e-05
0.189945,2.749674e-05
0.1900148,3.747294e-05
0.190015,2.006133e-05
0.1901138,4.796934e-05
0.190118,9.664886e-05
0.1901873,1.710407e-05
0.1903714,1.929705e-05
0.1903808,1.478779e-05
0.1903827,3.230996e-05
0.190395,2.850513e-05
0.1904031,3.724125e-05
0.1905723,6.456841e-05
0.1905802,3.408115e-05
0.1905887,2.888761e-05
0.1905991,5.303705e-05
0.1908376,3.758704e-05
0.1908489,3.36246e-05
0.1908492,3.308485e-05
0.190871,2.494035e-05
0.1909329,5.016782e-05
0.1909741,4.277257e-05
0.190976,3.715031e-05
0.190995,3.86383e-05
0.1910698,2.815507e-05
0.1910814,2.89646e-05
0.1911018,6.060875e-05
0.1911687,1.40456e-05
0.1912182,1.787552e-05
0.1912877,2.476e-05
0.1913072,3.961103e-05
0.1914035,2.388493e-05
0.1914057,8.560206e-05
0.1914152,3.222973e-05
0.1915068,3.272041e-05
0.1915492,2.932452e-05
0.191583,0.0001014357
0.1916627,1.614831e-05
0.19176,3.160076e-05
0.1917612,2.958982e-05
0.1917629,3.095644e-05
0.1918032,6.927324e-06
0.1918494,3.026607e-05
0.1919383,2.147001e-05
0.1919959,2.995499e-05
0.1920268,3.445556e-05
0.1921256,4.468545e-05
0.1921773,2.497394e-05
0.1921949,0.0001312386
0.1922121,4.876465e-05
0.192242,5.785161e-05
0.1922755,3.667348e-05
0.1922756,2.759122e-05
0.1922787,3.739055e-05
0.1922887,2.416023e-05
0.1923152,3.588414e-05
0.1923316,3.785552e-05
0.1923511,0.0002461464
0.192379,5.94776e-05
0.192511,3.376202e-05
0.1925227,4.11271e-05
0.1925367,2.907985e-05
0.1925815,9.541625e-06
0.1926779,2.995029e-05
0.1927316,0.0001642561
0.1927527,3.748465e-05
0.1927603,2.147591e-05
0.1929187,0.0001473473
0.1929568,4.066866e-05
0.1930291,2.630355e-05
0.1930665,2.870018e-05
0.193223,4.039499e-05
0.1932384,2.936014e-05
0.1933039,1.614231e-05
0.1933375,3.824753e-05
0.193528,2.837354e-05
0.1935344,2.700558e-05
0.1937358,2.796499e-05
0.1938237,3.626606e-05
0.1938544,4.040156e-05
0.1938644,1.171526e-05
0.1938691,2.839079e-05
0.1939238,3.344252e-05
0.1939647,3.386764e-05
0.1940123,2.964016e-05
0.1943129,0.0001101685
0.1943365,0.0004009229
0.1943433,4.223738e-05
0.1944207,2.392883e-05
0.1944686,0.000626742
0.1946063,1.296072e-05
0.1947476,4.665343e-05
0.1948266,3.547898e-05
0.1948401,2.93777e-05
0.1949573,2.787212e-05
0.1949601,1.632403e-05
0.1950803,0.0003556462
0.1951426,0.0001234769
0.1952214,9.713344e-05
0.1952439,4.709421e-05
0.1952605,3.437985e-05
0.1952733,2.610585e-05
0.1953019,0.0001201843
0.1954122,5.360747e-05
0.1956359,2.864191e-05
0.195649,9.606149e-05
0.1956969,7.287401e-05
0.1957683,4.508343e-05
0.1957757,3.99371e-05
0.1957997,3.280172e-05
0.1958497,2.696552e-05
0.195902,4.714732e-05
0.1960871,8.286995e-06
0.1961862,4.338177e-05
0.1962218,3.033323e-05
0.1964223,0.0001214747
0.1965694,3.054331e-05
0.1969113,2.56269e-05
0.1970043,3.834018e-05
0.197122,3.251361e-05
0.1971333,1.968852e-05
0.197143,3.320658e-05
0.1971502,4.156405e-05
0.197191,2.203186e-05
0.1973802,2.833647e-05
0.1974166,3.574287e-05
0.1974465,3.590661e-05
0.1974584,1.36031e-05
0.1974692,7.725883e-06
0.1974856,3.016047e-05
0.1975286,1.581162e-05
0.1976193,0.0004967336
0.1976223,1.884997e-05
0.1977061,3.765511e-05
0.1978963,9.963268e-05
0.1980872,3.623089e-05
0.1980874,3.047792e-05
0.1981065,0.0002657933
0.198146,4.83137e-05
0.1981683,1.21702e-05
0.1981845,2.099059e-05
0.1982458,3.574786e-05
0.1982891,3.410899e-05
0.1983442,3.300368e-05
0.1984693,3.38265e-05
0.1984736,1.82964e-05
0.1984842,4.133808e-05
0.1985547,7.110763e-05
0.198662,7.433576e-05
0.1987234,2.928741e-05
0.198736,4.480276e-05
0.1987809,3.914969e-05
0.1987889,4.402607e-05
0.1988198,2.948155e-05
0.1988581,5.396041e-05
0.1989249,3.275638e-05
0.1989518,4.342292e-05
0.1989609,2.353266e-05
0.1990782,2.570422e-05
0.199311,3.746339e-05
0.1993681,3.960561e-05
0.1993759,3.723716e-05
0.1994242,4.340614e-05
0.1994452,2.638352e-05
0.1994484,2.825835e-05
0.1995687,3.377133e-05
0.1995753,9.038873e-05
0.1997025,3.35664e-05
0.1997171,4.074887e-05
0.1997848,3.806939e-05
0.1997932,3.160447e-05
0.1998585,3.783862e-05
0.1999449,3.539275e-05
0.1999732,1.502321e-05
0.199986,5.562855e-05
0.200041,2.933167e-05
0.20008,2.798121e-05
0.2001743,2.879853e-05
0.2002544,4.0845e-05
0.2002729,3.144198e-05
0.2003871,3.377994e-05
0.2004667,4.873132e-05
0.2005061,3.379818e-05
0.2005242,3.667212e-05
0.200533,7.127135e-05
0.2005355,0.000550303
0.2006359,3.151089e-05
0.2006447,3.418919e-05
0.2006781,1.388812e-05
0.200879,2.604697e-05
0.2009326,2.685894e-05
0.2009392,4.692265e-05
0.2011464,3.172244e-05
0.201276,2.137355e-05
0.2012847,3.408242e-05
0.2013916,1.892494e-05
0.2014061,3.730951e-05
0.2016925,0.0001125524
0.2017383,9.023998e-05
0.2017935,0.0002180422
0.2019243,4.777463e-05
0.2019429,2.596682e-05
0.202038,3.726241e-05
0.202129,3.085325e-05
0.2021365,1.65527e-05
0.202189,3.893309e-05
0.2021897,4.757082e-05
0.2023014,2.910307e-05
0.202419,4.374828e-05
0.2024503,4.029337e-05
0.202556,5.165841e-05
0.2025576,2.658903e-05
0.2026126,4.176861e-05
0.202622,3.643843e-05
0.2027082,2.260881e-05
0.2027685,4.847209e-05
0.2029176,4.423752e-05
0.2029573,3.453697e-05
0.2031036,3.395264e-05
0.2031505,3.234544e-05
0.2032024,4.140801e-05
0.2033613,9.326493e-05
0.2033761,4.711173e-05
0.2034338,5.831754e-05
0.2036019,9.755502e-06
0.2036212,3.264673e-05
0.2036809,1.844842e-05
0.203798,3.624897e-05
0.2038026,8.681406e-05
0.203934,0.0002320106
0.2039643,4.018105e-05
0.2040043,3.872751e-05
0.2040724,3.072178e-05
0.204106,3.20451e-05
0.2041385,5.164535e-05
0.2041622,2.389545e-05
0.2041852,4.135073e-05
0.2042066,4.31534e-05
0.2043741,5.064099e-05
0.2043917,4.366329e-05
0.2044369,4.077567e-05
0.2044484,1.667026e-05
0.2044892,4.038179e-05
0.2046094,1.253095
0.2047326,3.406887e-05
0.2047524,1.944007e-05
0.2048196,0.0001180262
0.2048603,3.180142e-05
0.2048781,7.792863e-05
0.2048791,4.084261e-05
0.2048887,0.0001157499
0.2048903,8.043638e-06
0.205163,3.921417e-05
0.2051772,0.4231687
0.2052168,6.694287e-05
0.2052227,3.737737e-05
0.2052593,6.009177e-05
0.2052945,3.395262e-05
0.2053091,4.188181e-05
0.2054231,3.191247e-05
0.205427,3.327472e-05
0.2054632,6.869185e-05
0.2057997,4.271971e-05
0.2058053,3.846855e-05
0.2058055,4.032421e-05
0.2060113,2.865676e-05
0.2060119,3.053116e-05
0.2062212,4.953433e-05
0.2062705,2.305089e-05
0.2063996,6.594761e-05
0.2064108,4.729858e-05
0.2064837,6.462899e-05
0.2064961,2.226498e-05
0.2064992,5.114553e-05
0.2065279,3.057408e-05
0.2065908,7.403367e-05
0.2065933,6.09032e-05
0.2066144,6.640366e-05
0.2066399,3.852227e-05
0.2066411,1.543381e-05
0.2067408,3.102432e-05
0.2067821,0.000110377
0.2067977,7.847042e-06
0.2068,3.483758e-05
0.2068407,0.00598061
0.2068539,3.089254e-05
0.2070045,2.432842e-05
0.2070734,3.057643e-05
0.2071027,8.375852e-05
0.2073563,2.410545e-05
0.2073997,1.063171e-05
0.2075696,3.074804e-05
0.2076483,3.067848e-05
0.2078809,3.30813e-05
0.2079268,5.231773e-05
0.2080622,4.979995e-05
0.208134,2.925518e-05
0.2082141,3.621766e-05
0.2082266,3.311092e-05
0.2082668,3.843112e-05
0.2082938,1.518523e-05
0.2083377,4.177099e-05
0.2083493,9.935532e-06
0.2084202,2.853077e-05
0.2084416,4.488985e-05
0.2085048,4.295512e-05
0.2085703,1.455888e-05
0.2085823,2.703223e-05
0.2086008,1.732126e-05
0.2086649,1.023435e-05
0.2087731,3.124154e-05
0.2088284,4.919091e-05
0.2090187,2.884314e-05
0.2090292,2.518002e-05
0.2090487,4.678846e-05
0.2092964,3.575247e-05
0.2094959,8.201016e-06
0.2096233,9.19071e-05
0.2097248,2.019007e-05
0.2097723,3.343733e-05
0.2098046,4.101276e-05
0.2098488,0.0001333886
0.2098951,3.174531e-05
0.2100813,1.103348e-05
0.2101637,2.317281e-05
0.210169,3.896409e-05
0.2102578,5.132453e-05
0.2103256,4.292827e-05
0.2103493,4.900794e-05
0.210352,4.332978e-05
0.210393,4.364244e-05
0.2104255,4.732494e-05
0.2106339,3.437003e-05
0.2108759,0.0001586558
0.2109116,4.083295e-05
0.2109129,3.263384e-05
0.2109421,2.151728e-05
0.2109469,9.516595e-05
0.2110984,0.0002283539
0.2111008,7.063568e-05
0.2111241,2.273636e-05
0.2111399,6.376847e-05
0.2111543,2.78422e-05
0.2111802,3.933593e-05
0.2114079,6.472504e-05
0.2115121,0.0002304471
0.2115932,5.750164e-05
0.2116729,5.258606e-05
0.2116927,4.030322e-05
0.2118272,3.455344e-05
0.2118392,2.384756e-05
0.211904,2.735587e-05
0.2119383,9.021144e-06
0.2120576,4.546082e-05
0.2121288,3.227307e-05
0.2122003,1.939981e-05
0.212284,0.000304945
0.2122997,1.489032e-05
0.2123041,3.604782e-05
0.2123183,2.962327e-05
0.2123487,2.277714e-05
0.2123753,0.0001142845
0.212424,5.179717e-05
0.212645,2.061217e-05
0.2126805,3.75123e-05
0.2127971,3.952473e-05
0.2128281,3.565373e-05
0.2128401,1.054338e-05
0.2130005,3.321089e-05
0.2131273,6.159197e-05
0.213131,7.736243e-06
0.21323,9.074537e-05
0.2133377,1.678317e-05
0.2133971,3.691758e-05
0.2135062,5.563068e-05
0.2135391,7.911797e-05
0.2135411,3.19067e-05
0.2135749,4.281865e-05
0.2136331,0.0002062798
0.213733,3.30961e-05
0.2137904,3.715929e-05
0.213816,1.437051e-05
0.2138641,4.976102e-05
0.213957,4.230523e-05
0.2140485,3.772258e-05
0.2140763,5.365931e-05
0.2141441,2.44088e-05
0.214179,3.750154e-05
0.2143197,3.925576e-05
0.2143275,4.80136e-05
0.2144,4.742398e-05
0.2145395,2.659936e-05
0.2145468,2.625848e-05
0.2146309,2.107743e-05
0.2147132,4.53304e-05
0.214765,3.844093e-05
0.2148646,3.911429e-05
0.2148758,5.917677e-05
0.2149994,1.565017e-05
0.2150255,2.828998e-05
0.2150284,2.034306e-05
0.2151671,4.788507e-05
0.2151954,4.861567e-05
0.2152506,3.166773e-05
0.2152844,1.46414e-05
0.2153698,0.0001364951
0.2154182,4.059168e-05
0.2156129,6.968511e-05
0.2157402,3.611642e-05
0.2157496,2.902837e-05
0.2158,3.194535e-05
0.2158687,4.735484e-05
0.2158784,3.588681e-05
0.2159824,2.961322e-05
0.2160285,3.801609e-05
0.2161385,0.0001202259
0.2161404,3.457147e-05
0.2161914,3.538591e-05
0.2162978,2.515544e-05
0.2163144,2.261238e-05
0.216337,8.348332e-05
0.2163482,8.098017e-05
0.2163822,3.687028e-05
0.2164639,3.324233e-05
0.2165336,2.211735e-05
0.2165719,2.246605e-05
0.2165853,3.52459e-05
0.2165935,2.940658e-05
0.2167415,3.27866e-05
0.2167802,2.621327e-05
0.2169088,4.810878e-05
0.21695,1.328947e-05
0.2169645,0.0007220287
0.2170458,7.628903e-06
0.2171918,7.215248e-05
0.2172079,3.000456e-05
0.2172575,3.531691e-05
0.2172744,4.184542e-05
0.2172834,3.458326e-05
0.2173565,6.96957e-05
0.2174032,4.199507e-05
0.2174646,6.71705e-05
0.2174778,3.166652e-05
0.217636,3.304306e-05
0.2176426,2.259442e-05
0.2176767,3.311709e-05
0.2178325,4.243906e-05
0.2179736,5.156278e-05
0.2179898,2.105228e-05
0.2181614,5.562304e-05
0.2181906,3.549632e-05
0.2182174,4.214162e-05
0.2182973,3.390347e-05
0.2183679,3.936296e-05
0.2184234,3.888385e-05
0.2185329,6.410542e-05
0.2185718,1.500412e-05
0.2185993,1.602047e-05
0.218715,5.489091e-05
0.2187572,5.007182e-05
0.2188144,4.07049e-05
0.2188291,2.148139e-05
0.2189034,5.01606e-05
0.2189366,5.491007e-05
0.218943,0.0001607635
0.2189524,3.492607e-05
0.2189995,5.52193e-05
0.2190704,3.259941e-05
0.2191842,3.467903e-05
0.2192097,3.656507e-05
0.2193083,4.061209e-05
0.2193372,2.043853e-05
0.2193558,1.919671e-05
0.2194892,3.572601e-05
0.2197046,7.837526e-05
0.2197253,3.306208e-05
0.219731,1.035679e-05
0.2197392,7.369648e-05
0.2197686,4.275038e-05
0.2198081,5.513879e-05
0.219827,4.107541e-05
0.2198836,5.263915e-05
0.2199101,4.38037e-05
0.2199628,3.415169e-05
0.2200094,2.530411e-05
0.2200128,4.573195e-05
0.2200324,3.194219e-05
0.2201716,3.717451e-05
0.2202069,3.555761e-05
0.2202279,3.399525e-05
0.2202542,0.0001717115
0.2202808,3.276546e-05
0.2202909,4.089277e-05
0.2203116,3.3918e-05
0.2203478,4.578686e-05
0.2204102,0.0001016911
0.2204808,4.392151e-05
0.2205402,3.032464e-05
0.2206939,4.657436e-05
0.2208397,1.862172e-05
0.2208969,3.405672e-05
0.2208976,1.984803e-05
0.2209297,2.863332e-05
0.2209876,3.535954e-05
0.2210066,2.761883e-05
0.2211032,6.847381e-05
0.2212133,2.959575e-05
0.2212844,3.333117e-05
0.2213485,3.570416e-05
0.2213629,3.187829e-05
0.2213707,4.011672e-05
0.2214493,3.198948e-05
0.2214878,3.911271e-05
0.2217067,3.29436e-05
0.2217733,4.253184e-05
0.2217987,4.392478e-05
0.221811,3.239074e-05
0.2218444,3.252577e-05
0.2219358,3.341851e-05
0.2220915,3.507337e-05
0.2221019,3.378449e-05
0.2221202,3.743431e-05
0.2221793,3.567283e-05
0.222238,8.140309e-05
0.2223819,0.0001229355
0.222412,3.151131e-05
0.2225082,3.921057e-05
0.2226052,3.403158e-05
0.2226703,4.422581e-05
0.2227602,0.0001157449
0.2230038,2.276649e-05
0.2230718,4.387247e-05
0.2232373,4.557457e-05
0.2233126,4.684316e-05
0.2234841,6.292165e-05
0.2235152,3.832598e-05
0.2235532,8.294122e-06
0.2236252,0.3896835
0.223693,4.481786e-05
0.2238036,2.445789e-05
0.2239744,3.519432e-05
0.2241829,3.853149e-05
0.2242345,3.875668e-05
0.2242725,3.104037e-05
0.2243395,5.341244e-05
0.2243726,2.453393e-05
0.2244165,1.363885e-05
0.2244753,3.274366e-05
0.2245024,4.676488e-05
0.2245059,3.948253e-05
0.2245407,1.333852e-05
0.2245414,6.86582e-05
0.2245977,3.855368e-05
0.2246072,4.796992e-05
0.2247003,5.375455e-05
0.2247904,2.870862e-05
0.2249143,3.272275e-05
0.2249413,1.92818e-05
0.225019,7.562157e-05
0.2250949,3.122538e-05
0.2252649,3.301075e-05
0.2253736,3.27931e-05
0.2254775,8.884802e-06
0.2255366,6.368318e-05
0.2256191,3.208659e-05
0.2256884,4.851626e-05
0.2258207,0.0001317217
0.2258711,9.084599e-05
0.2259793,4.757701e-05
0.2260337,6.371066e-05
0.2260427,1.268753e-05
0.2260567,3.452168e-05
0.2260789,2.637276e-05
0.2261067,4.394254e-05
0.2261072,3.833583e-05
0.2262152,4.416437e-05
0.2263157,5.24018e-05
0.2263937,1.243499e-05
0.2263998,3.205445e-05
0.2264055,6.986503e-05
0.2265994,1.621214e-05
0.226777,6.476352e-05
0.2270481,1.156675e-05
0.2270525,4.930701e-05
0.2270859,3.846888e-05
0.2270918,4.007103e-05
0.2271354,4.915458e-05
0.2271738,2.621965e-05
0.2271971,1.246224e-05
0.2273711,6.200861e-05
0.2273853,3.007321e-05
0.2273957,3.211568e-05
0.2274162,8.597185e-05
0.2274206,0.0001752678
0.2274607,5.275998e-05
0.2274827,5.865561e-05
0.2274899,0.0001329546
0.2275015,4.993286e-05
0.2275468,3.975295e-05
0.2276555,3.33907e-05
0.2278972,3.556987e-05
0.2279047,0.0006316319
0.2279208,2.779653e-05
0.2279766,2.91707e-05
0.2280131,4.310815e-05
0.2280649,4.185769e-05
0.2281626,4.228123e-05
0.2281766,3.344897e-05
0.2282169,4.280785e-05
0.2282251,3.880275e-05
0.2283619,4.397888e-05
0.228622,4.695326e-05
0.2286614,3.283962e-05
0.2288405,7.089459e-05
0.228896,7.395892e-05
0.2289271,9.726772e-05
0.2290055,0.01494901
0.2290796,4.376388e-05
0.229161,3.801686e-05
0.2292043,1.058808e-05
0.229293,5.217369e-05
0.2293938,2.683943e-05
0.2294486,5.248352e-05
0.229688,4.317704e-05
0.2297668,3.550502e-05
0.2298237,5.470365e-05
0.2300724,6.593582e-05
0.2302089,7.300387e-05
0.2302447,4.975118e-05
0.230246,3.702651e-05
0.2302632,3.930742e-05
0.2304194,0.87805
0.2305299,5.603179e-05
0.2305574,3.543857e-05
0.2307032,5.046934e-05
0.2307261,4.014372e-05
0.2307325,2.062006e-05
0.230772,0.0002688534
0.230839,3.67659e-05
0.2309663,0.0001188655
0.2309791,1.818121e-05
0.2310285,1.249119e-05
0.2310708,3.292629e-05
0.2312065,2.219571e-05
0.2312431,2.856887e-05
0.2313129,8.679743e-05
0.2313621,2.901393e-05
0.2313622,3.739475e-05
0.2314746,2.467971e-05
0.2315077,3.507793e-05
0.2315488,0.0001535868
0.2316756,4.809885e-05
0.2317261,2.48806e-05
0.2318283,0.04950973
0.2318849,2.705774e-05
0.2319501,4.350704e-05
0.2319874,4.029534e-05
0.2320506,4.572045e-05
0.2321299,6.040389e-05
0.2321744,5.794288e-05
0.2321779,6.633808e-05
0.2323598,1.522968e-05
0.2323885,0.5113862
0.2324393,0.0001759765
0.2325947,0.0001379252
0.2326263,7.616085e-05
0.2326519,3.38542e-05
0.2326669,8.338461e-05
0.2326816,1.301523e-05
0.2326837,3.548869e-05
0.2327664,6.788102e-05
0.2327853,3.601439e-05
0.2327857,1.083737e-05
0.232804,4.052192e-05
0.23287,9.918906e-06
0.232921,4.490505e-05
0.2329471,3.541742e-05
0.2329757,7.799228e-05
0.2329929,2.410368e-05
0.2331267,9.113464e-05
0.2333669,3.697516e-05
0.2334549,0.0001779715
0.2334556,4.913481e-05
0.2334667,5.187127e-05
0.2334675,4.450011e-05
0.2336011,3.400234e-05
0.2336245,1.955278e-05
0.2336892,4.791231e-05
0.2336942,1.205363e-05
0.2337097,4.028881e-05
0.2337431,5.06229e-05
0.2338764,3.56929e-05
0.2339066,3.520441e-05
0.233963,1.419264e-05
0.2339905,0.0001128791
0.2340125,3.61956e-05
0.2340462,0.000129206
0.23421,4.215096e-05
0.2342179,3.581099e-05
0.2343393,3.965689e-05
0.234379,6.101562e-05
0.2344844,3.316595e-05
0.234497,4.147411e-05
0.234605,2.159628e-05
0.2346763,3.812447e-05
0.2347594,4.623822e-05
0.234868,4.313578e-05
0.2349529,0.000177964
0.2349736,0.0001856049
0.2350018,2.465184e-05
0.235002,3.905852e-05
0.235011,6.910924e-05
0.2350951,2.869142e-05
0.2351,6.607227e-05
0.2351907,3.648844e-05
0.2352149,9.637234e-05
0.2352257,5.525008e-05
0.2353933,1.306423e-05
0.2353999,2.821659e-05
0.2354358,3.640207e-05
0.2355133,2.674204e-05
0.23564,1.712883e-05
0.2356863,3.435843e-05
0.235979,3.933744e-05
0.235995,0.0002209179
0.2360146,4.118983e-05
0.2360507,3.487541e-05
0.236055,0.0001172468
0.2360614,4.586945e-05
0.2360767,3.281065e-05
0.2361819,4.249702e-05
0.2361898,4.955165e-05
0.2364074,3.225007e-05
0.2365004,3.374592e-05
0.2365111,3.155796e-05
0.236529,3.834821e-05
0.2365457,4.096609e-05
0.2366005,2.684805e-05
0.2366017,0.0002221037
0.2366091,3.135683e-05
0.236668,0.4035126
0.2367801,7.828285e-05
0.236894,4.0102e-05
0.2368964,3.671119e-05
0.2369394,3.921994e-05
0.2369433,6.14674e-05
0.236957,1.185304e-05
0.2371266,3.148995e-05
0.237147,3.510539e-05
0.2372493,4.357744e-05
0.2372826,3.539371e-05
0.2372841,3.915586e-05
0.2373228,3.479034e-05
0.2373505,3.618577e-05
0.2373905,3.897799e-05
0.2373914,3.903564e-05
0.2374146,3.097562e-05
0.2376079,5.317578e-05
0.2376467,4.82169e-05
0.2376588,9.173975e-06
0.2377205,3.709291e-05
0.2378841,4.46413e-05
0.2378951,4.04422e-05
0.237903,6.837226e-05
0.2380821,4.763571e-05
0.2380907,2.54734e-05
0.2380931,4.252333e-05
0.2381782,3.41954e-05
0.2382316,3.073136e-05
0.2382933,5.322343e-05
0.2383551,1.461626e-05
0.2383607,2.377298e-05
0.2383681,4.885033e-05
0.2384621,3.192979e-05
0.2384868,3.510673e-05
0.2385001,3.139829e-05
0.2385799,2.993588e-05
0.2386557,4.265591e-05
0.2386579,0.01733269
0.2387464,3.563161e-05
0.2390319,4.905684e-05
0.2390625,4.760621e-05
0.2391748,4.410864e-05
0.2392482,3.205009e-05
0.2393369,2.667906e-05
0.2393589,5.36878e-05
0.2393838,4.008344e-05
0.2394895,4.081857e-05
0.2396905,4.153994e-05
0.239735,3.088835e-05
0.2397656,7.558738e-05
0.2398197,3.04911e-05
0.2398466,9.018959e-05
0.23988,4.516591e-05
0.2399467,2.725757e-05
0.240129,3.961588e-05
0.2401441,5.988111e-05
0.2404073,4.166221e-05
0.2404431,3.761384e-05
0.2404567,3.598063e-05
0.2405258,4.475318e-05
0.2405989,4.135154e-05
0.2406065,4.173774e-05
0.2406636,5.101995e-05
0.2407137,5.413008e-05
0.2407372,2.740735e-05
0.2408627,5.277844e-05
0.2408648,4.385281e-05
0.2409119,7.137483e-05
0.2411758,5.565319e-05
0.2412168,3.412412e-05
0.241326,4.364815e-05
0.2413327,3.027579e-05
0.24143,2.097205e-05
0.2414886,0.0001898572
0.2414967,0.0001193282
0.2415432,2.669858e-05
0.2415548,4.150151e-05
0.2416006,5.57977e-06
0.2416127,5.435214e-05
0.2416759,3.440409e-05
0.2418043,2.250972e-05
0.2419217,3.36817e-05
0.2419314,4.757029e-05
0.242058,3.354925e-05
0.2420879,4.332604e-05
0.2421965,0.0003834198
0.242265,3.726108e-05
0.242374,4.373458e-05
0.2424269,0.0001440151
0.2424372,5.446892e-05
0.2424621,3.584406e-05
0.2425932,0.0001131932
0.2426128,2.281372e-05
0.2427565,8.429052e-05
0.2428264,3.600417e-05
0.2429313,3.69365e-05
0.2429538,0.0001885775
0.2429835,5.391747e-05
0.2430261,3.981956e-05
0.2430891,3.513764e-05
0.243119,3.637976e-05
0.2432278,0.02917122
0.2432283,3.847176e-05
0.243252,0.0002340523
0.2433036,0.0002727074
0.2433189,5.616785e-05
0.243331,4.64913e-05
0.2433829,3.067484e-05
0.2433873,4.11462e-05
0.2434302,4.822771e-05
0.2434398,0.0002649
0.2436528,4.753197e-05
0.2436664,4.312246e-05
0.2436942,7.243342e-05
0.2438132,6.559669e-05
0.2438221,2.126474
0.2438394,2.446563e-05
0.2438577,1.395449e-05
0.2438592,5.828383e-05
0.2439107,3.894235e-05
0.2440307,4.550026e-05
0.2440547,2.844546e-05
0.2440915,3.930437e-05
0.2441296,0.0001438152
0.2442209,2.688426e-05
0.2442843,7.203883e-05
0.2444126,6.274034e-05
0.2446494,8.466062e-05
0.2447242,4.480165e-05
0.2447568,5.82742e-05
0.2449298,3.657743e-05
0.2450986,3.258343e-05
0.2451207,4.171218e-05
0.2452337,2.354656e-05
0.2452583,5.537437e-05
0.2453342,3.0844e-05
0.2453516,5.945896e-05
0.245387,3.367724e-05
0.2454259,6.2819e-05
0.2454268,4.066682e-05
0.2454977,3.560457e-05
0.2455994,3.320651e-05
0.2456891,5.758841e-05
0.2458068,2.918822e-05
0.2459076,3.828553e-05
0.2459315,5.997251e-05
0.2459516,5.027767e-05
0.2460011,2.948109e-05
0.2460082,4.259848e-05
0.2462869,0.0001594099
0.2463027,4.111951e-05
0.2463472,0.0001457656
0.2464066,4.232005e-05
0.2464218,3.434462e-05
0.2465942,9.110598e-05
0.2466125,4.566438e-05
0.246637,1.90496e-05
0.246639,4.097265e-05
0.2466668,2.66707e-05
0.2467587,5.599498e-05
0.246829,3.437943e-05
0.2468623,3.084585e-05
0.2468674,3.283874e-05
0.2468852,4.288671e-05
0.246942,0.1898233
0.2472153,4.886749e-05
0.2472322,4.119029e-05
0.2473275,4.472227e-05
0.2473347,3.345608e-05
0.2474201,4.63718e-05
0.247522,4.622408e-05
0.2475528,3.326853e-05
0.2478352,4.121856e-05
0.2478485,4.90407e-05
0.2479566,5.051191e-05
0.2479603,4.246106e-05
0.2481316,3.832788e-05
0.2483376,4.085818e-05
0.2485095,7.012729e-05
0.2486815,5.424494e-05
0.2487393,3.247637e-05
0.2487713,4.473985e-05
0.248774,3.065293e-05
0.2489448,5.093659e-05
0.2489776,0.0001635418
0.2490415,9.431033e-06
0.2490744,4.26779e-05
0.2491562,3.628572e-05
0.2491599,4.262173e-05
0.2491769,0.0001033296
0.2492692,4.442102e-05
0.2493165,4.410353e-05
0.2494367,3.94323e-05
0.2495742,6.948221e-05
0.2495946,5.231291e-05
0.2495973,4.79788e-05
0.2496794,3.600784e-05
0.2496993,6.223766e-05
0.2497244,3.377066e-05
0.2497509,3.19917e-05
0.2497671,5.705909e-05
0.2498033,4.598094e-05
0.2499981,4.520002e-05
0.250028,0.0002666156
0.2501557,9.030374e-05
0.2503088,4.147655e-05
0.2503785,7.118212e-05
0.2504559,4.058181e-05
0.2506598,4.219018e-05
0.2506622,3.144227e-05
0.2507933,3.731898e-05
0.2508532,3.925057e-05
0.2508545,3.621831e-05
0.2508646,4.232754e-05
0.2510251,7.505994e-06
0.2510888,2.897506e-05
0.2512725,4.976783e-05
0.2513025,3.202265e-05
0.2513802,5.558358e-05
0.2514695,4.264735e-05
0.2514871,4.598591e-05
0.2517586,6.086692e-05
0.2517665,5.900227e-05
0.2519811,4.474071e-05
0.252064,4.705987e-05
0.2520651,5.260804e-05
0.2520916,8.081202e-05
0.2521167,1.142364e-05
0.2521547,3.894366e-05
0.2522382,0.0001075327
0.2523134,4.978267e-05
0.2523164,0.0002377494
0.2523794,5.924919e-05
0.2525422,3.614677e-05
0.2525969,7.161906e-05
0.2526411,2.921568e-05
0.252673,5.727038e-05
0.2527657,3.110497e-05
0.2528658,5.286802e-05
0.2529273,5.217292e-05
0.2529787,3.996272e-05
0.2529967,4.430101e-05
0.2530693,1.71776e-05
0.2531367,5.103862e-05
0.2531821,4.258257e-05
0.2532385,4.710712e-05
0.2532398,4.200642e-05
0.2532503,4.381682e-05
0.2532967,3.910861e-05
0.2533369,0.0002253345
0.2533425,5.532903e-05
0.2534242,7.040238e-05
0.253576,6.720533e-05
0.2536936,3.10099e-05
0.2537537,3.402843e-05
0.2538073,3.514033e-05
0.2538457,3.98164e-05
0.2538507,4.030788e-05
0.2540402,9.326955e-05
0.2541595,4.231428e-05
0.254177,5.657476e-05
0.2542489,4.396205e-05
0.254269,6.877187e-05
0.2543237,2.221776e-05
0.254408,4.649123e-05
0.2544342,3.930497e-05
0.2545042,3.123059e-05
0.2545206,6.612417e-05
0.2545248,1.958605e-05
0.2551242,4.002301e-05
0.2551388,5.217404e-05
0.2551956,1.460939e-05
0.255209,4.251335e-05
0.2552192,3.700886e-05
0.2553202,2.18892
0.2553681,4.002406e-05
0.2554103,3.015261e-05
0.2555939,3.374913e-05
0.2556219,3.868116e-05
0.2556586,0.0002193768
0.255661,3.331546e-05
0.2556866,2.409263e-05
0.2557337,4.234376e-05
0.2558199,4.452416e-05
0.2559845,4.69162e-05
0.2560694,6.041845e-05
0.2561978,5.927694e-05
0.2563401,3.284496e-05
0.2563834,1.550254e-05
0.2564851,4.89986e-05
0.2565509,3.914071e-05
0.2566174,4.697329e-05
0.2567778,3.876597e-05
0.2567856,2.636456e-05
0.2569022,1.715398e-05
0.2571749,5.629895e-05
0.2572044,5.447994e-05
0.2572182,5.610161e-05
0.2572432,3.846199e-05
0.2572438,5.20711e-05
0.2572584,7.585764e-05
0.2572997,3.640796e-05
0.2573143,4.216322e-05
0.2573328,4.768329e-05
0.2574241,2.411453e-05
0.2574296,6.412924e-05
0.2575926,4.792049e-05
0.2575944,3.770179e-05
0.2575969,6.039844e-05
0.2577061,5.658133e-05
0.2577991,5.630805e-05
0.2578817,5.137877e-05
0.2580112,4.873409e-05
0.2581099,4.425884e-05
0.2581962,4.935402e-05
0.2582089,1.327706e-05
0.2583787,3.682305e-05
0.2584161,3.379452e-05
0.2585404,2.481622e-05
0.2585746,4.608974e-05
0.2585913,2.424535e-05
0.2589087,8.633867e-05
0.2589118,2.936389e-05
0.2589734,5.647835e-05
0.2589812,4.240859e-05
0.2589843,4.710427e-05
0.259047,2.977965e-05
0.259119,0.0001942065
0.2591475,5.875302e-05
0.2593791,2.991436e-05
0.2594535,5.353849e-05
0.2594928,3.823675e-05
0.2595821,3.091371e-05
0.2595849,6.12479e-05
0.2595983,6.474028e-05
0.2596211,4.383549e-05
0.259679,4.34748e-05
0.2596902,5.600974e-05
0.2599976,4.854485e-05
0.26004,0.0002641142
0.2600842,3.342276e-05
0.2601771,4.348431e-05
0.2602068,3.278294e-05
0.2602597,3.658719e-05
0.2602611,4.54189e-05
0.2602965,6.308795e-05
0.2603391,4.376324e-05
0.2603498,3.764352e-05
0.2605445,4.32831e-05
0.2605921,6.478754e-05
0.2607445,4.630833e-05
0.2607622,4.19919e-05
0.2608558,5.581459e-05
0.2608894,7.776565e-05
0.2609455,3.504867e-05
0.2609631,4.814128e-05
0.2610207,6.619515e-05
0.2611213,3.813414e-05
0.2612481,8.467144e-05
0.2612555,5.695613e-05
0.2613323,5.738033e-05
0.2613679,3.383436e-05
0.2614066,2.70177e-05
0.2614464,4.528362e-05
0.2618777,4.598459e-05
0.2618842,9.987067e-05
0.2618843,6.034004e-05
0.2619357,0.0001960755
0.2619763,3.385198e-05
0.2620176,7.937827e-05
0.262083,8.026406e-05
0.2621134,2.647253e-05
0.2622548,3.367645e-05
0.2622563,4.358932e-05
0.2624267,4.94868e-05
0.2624414,4.26741e-05
0.2624471,4.446485e-05
0.2624497,3.66371e-05
0.262495,4.137011e-05
0.2625248,4.918234e-05
0.2625414,1.113376
0.2625854,3.302496e-05
0.2625895,6.05882e-05
0.262604,4.675125e-05
0.2626512,3.43927e-05
0.2626614,3.693406e-05
0.2626932,4.372767e-05
0.2627261,3.33664e-05
0.2627303,4.123276e-05
0.263033,5.239311e-05
0.2630371,9.48218e-05
0.2631142,5.508165e-05
0.2632399,6.510485e-05
0.2632814,6.392107e-05
0.2634516,5.107927e-05
0.2635145,3.756104e-05
0.263521,4.187434e-05
0.2636289,4.178558e-05
0.2637204,2.972813e-05
0.2638401,7.615946e-05
0.2639706,4.122283e-05
0.2641484,6.415533e-05
0.2641583,5.05139e-05
0.2642119,0.0001262206
0.2642601,7.250626e-05
0.2643196,0.0002507484
0.2643355,4.824202e-05
0.2644393,0.0005992757
0.2646178,0.000107118
0.2646285,5.792003e-05
0.2646906,5.024555e-05
0.2646954,3.520261e-05
0.2647119,4.566937e-05
0.2647193,3.96863e-05
0.2647437,4.684752e-05
0.2649588,5.775172e-05
0.264962,6.941023e-05
0.2649641,4.139921e-05
0.2653242,5.551792e-05
0.2656381,3.379924e-05
0.2656433,5.150425e-05
0.2656694,4.554345e-05
0.2657422,0.0001201683
0.2658681,9.414841e-05
0.2659658,5.916192e-05
0.2659909,6.281046e-05
0.2661095,0.0003052533
0.2661499,3.0888e-05
0.2661519,4.785261e-05
0.2661802,4.850268e-05
0.266331,4.690259e-05
0.2664185,6.729196e-05
0.2665023,0.0004739183
0.2665278,4.51272e-05
0.2666033,1.360456e-05
0.2666657,4.528516e-05
0.2667004,2.811515e-05
0.2667393,4.800799e-05
0.2669621,5.08046e-05
0.2672418,4.177647e-05
0.2672685,3.596532e-05
0.2672905,4.967059e-05
0.2673391,4.225452e-05
0.2674058,4.084757e-05
0.267407,1.24863e-05
0.2674291,4.247698e-05
0.26745,0.0002644822
0.2674907,1.234778e-05
0.2675294,4.471627e-05
0.2676589,4.632661e-05
0.2677786,5.205692e-05
0.2678195,0.4748548
0.2678541,3.764014e-05
0.2679499,4.5264e-05
0.2680714,0.0002177983
0.2683039,2.75598e-05
0.2683048,4.868311e-05
0.268309,4.909499e-05
0.268347,7.676922e-05
0.2683503,1.398298e-05
0.2683697,5.444862e-05
0.2683707,3.74697e-05
0.2684125,4.244502e-05
0.2684239,4.26984e-05
0.2684259,5.256614e-05
0.268442,3.605771e-05
0.2684531,4.656759e-05
0.2684863,6.821125e-05
0.26873,1.324792e-05
0.2687474,6.069951e-05
0.2688132,5.052917e-05
0.2689371,7.805117e-05
0.2689752,4.811764e-05
0.2690698,3.267355e-05
0.2690706,5.265964e-05
0.2691045,3.688282e-05
0.2691263,2.514605e-05
0.2692234,3.318645e-05
0.2692299,5.130116e-05
0.2692469,4.26936e-05
0.269273,7.303132e-05
0.2695005,5.032834e-05
0.2696117,6.898847e-05
0.2696197,4.431734e-05
0.2698405,0.0001177648
0.2699164,5.432353e-05
0.2699403,7.271395e-05
0.2700958,5.952128e-05
0.2700987,6.291483e-05
0.2701128,2.508013e-05
0.2701243,2.984599e-05
0.2702288,7.033759e-05
0.2702867,4.449728e-05
0.2702894,3.367267e-05
0.2703491,5.832858e-05
0.2704149,0.0001059531
0.2704471,0.0001598293
0.2706814,7.245898e-05
0.2708359,9.546577e-05
0.2708626,2.921079e-05
0.270864,0.0001643928
0.2709738,2.952053e-05
0.2709996,3.625443e-05
0.2710592,3.558222e-05
0.2710903,3.519956e-05
0.2713259,0.0002223414
0.2713746,5.336955e-05
0.2715166,4.801572e-05
0.2715731,5.791683e-05
0.27161,0.0001087704
0.2716133,6.073189e-05
0.2716324,3.580466e-05
0.271753,3.450677e-05
0.2717807,0.0001262166
0.2718097,4.043627e-05
0.2719312,4.137128e-05
0.2722298,3.400772e-05
0.2725645,0.0001190316
0.2727882,3.752577e-05
0.2728342,5.453002e-05
0.2728494,5.635918e-05
0.2728906,8.371298e-05
0.2729538,4.803681e-05
0.2730901,4.539571e-05
0.273197,2.492268e-05
0.2732266,4.785729e-05
0.2732515,3.254493e-05
0.2732809,0.0002078052
0.2733446,3.400505e-05
0.2733929,6.059321e-05
0.2734933,4.648926e-05
0.2735119,4.081373e-05
0.2735199,2.548817e-05
0.2736093,8.999505e-05
0.2736446,9.012646e-05
0.2737442,4.265056e-05
0.2737726,5.120387e-05
0.2738628,5.648417e-05
0.273871,4.611919e-05
0.2738864,2.46251e-05
0.2739354,8.638061e-05
0.2739607,0.0001150992
0.2740826,4.460849e-05
0.2740927,4.504246e-05
0.2742131,3.979166e-05
0.2744619,8.318025e-05
0.2745152,3.80525e-05
0.2745515,0.0001132867
0.2746716,1.822106e-05
0.274701,5.020204e-05
0.2747646,4.137735e-05
0.2747894,5.387869e-05
0.2748513,2.236639
0.2748574,5.927284e-05
0.2748782,8.26868e-05
0.2748986,4.415689e-05
0.2750867,4.808873e-05
0.2752094,5.009999e-05
0.2752384,3.884769e-05
0.275293,1.432752e-05
0.2753172,3.366686e-05
0.2753712,2.646338e-05
0.2753916,2.629553e-05
0.2755223,0.0002761417
0.2755937,4.675039e-05
0.2756555,4.217299e-05
0.2756811,8.873617e-05
0.2757036,0.0001395872
0.275879,0.0001063453
0.2758969,4.694955e-05
0.2759282,4.537194e-05
0.2760343,5.1555e-05
0.2760448,3.538769e-05
0.2760581,5.973814e-05
0.2761585,5.273385e-05
0.2762558,4.898691e-05
0.2764336,4.255114e-05
0.2764597,4.971665e-05
0.2764893,6.489972e-05
0.2765138,5.334679e-05
0.2766028,0.0002216357
0.2766191,8.877359e-05
0.2766626,0.0001152722
0.2767038,6.129441e-05
0.2767503,7.394804e-06
0.2767652,3.35237e-05
0.2768953,3.987498e-05
0.2769989,3.959352e-05
0.2770721,8.155667e-05
0.2771418,8.26362e-05
0.2771855,4.567259e-05
0.2772653,4.124773e-05
0.277279,4.626814e-05
0.2772938,0.000127384
0.2773719,4.061226e-05
0.277458,5.602166e-05
0.2775022,3.883648e-05
0.2775058,5.630734e-05
0.277684,6.434293e-05
0.2777222,4.452393e-05
0.2777235,6.467848e-05
0.2778202,1.574064e-05
0.2778332,5.414505e-05
0.277842,5.500807e-05
0.2778503,6.675048e-05
0.2779866,9.383771e-05
0.2780048,0.0001282434
0.2780261,5.933589e-05
0.2780394,4.692789e-05
0.2780796,4.505995e-05
0.2781715,4.555043e-05
0.2782054,6.215072e-05
0.2783473,4.494166e-05
0.2783569,4.571853e-05
0.2783628,5.671742e-05
0.27858,3.347151e-05
0.2785902,5.27759e-05
0.2786085,4.03361e-05
0.2786145,4.05006e-05
0.2786507,0.06572708
0.27866,5.114524e-05
0.2786808,2.720111e-05
0.2787037,4.745431e-05
0.2787229,2.195511e-05
0.2788334,4.677596e-05
0.2788428,4.047142e-05
0.2790349,5.431013e-05
0.2792345,4.855361e-05
0.2792415,4.240212e-05
0.2792768,7.662192e-05
0.2793587,4.564932e-05
0.2793598,1.031274e-05
0.2794746,0.0001191291
0.279655,0.0005059346
0.2797188,3.851861e-05
0.2797314,4.415951e-05
0.2797646,5.469341e-05
0.2798277,5.733889e-05
0.2799022,3.446915e-05
0.2799484,3.908242e-05
0.2799963,0.0001377253
0.2800291,4.794458e-05
0.2800632,0.000129653
0.2800724,5.457846e-05
0.280113,0.02722801
0.2801524,6.043842e-05
0.2801938,5.000479e-05
0.2802131,6.260046e-05
0.2802361,5.101149e-05
0.2803082,0.0001373037
0.2803758,7.04374e-05
0.2803843,4.703413e-05
0.2804047,1.960718e-05
0.2805002,6.552587e-05
0.280533,8.851837e-05
0.2806641,3.904888e-05
0.2807396,0.0001302192
0.281021,4.953951e-05
0.2810298,1.795332e-05
0.2811325,0.0004644601
0.2811417,4.951628e-05
0.2812203,4.757328e-05
0.2813349,5.17314e-05
0.2813891,5.488398e-05
0.2814522,4.665062e-05
0.2816343,6.297704e-05
0.2817044,3.325283e-05
0.2817069,0.001353126
0.2817679,1.48748e-05
0.2818862,5.461682e-05
0.2818946,0.4124873
0.2819318,3.437978e-05
0.282187,5.256488e-05
0.2821904,4.051537e-05
0.2823608,4.495658e-05
0.2825445,7.219083e-05
0.2825929,3.798647e-05
0.2828653,4.091759e-05
0.2828889,9.951043e-05
0.282929,4.200783e-05
0.2829624,5.036301e-05
0.2829765,2.929823e-05
0.2829777,2.79128e-05
0.2830917,4.348643e-05
0.2831905,3.086217e-05
0.2833559,0.4032955
0.2833782,4.194256e-05
0.2834275,6.593205e-05
0.2834395,2.494628e-05
0.2835532,4.464151e-05
0.2835586,6.811815e-05
0.2836368,6.957501e-05
0.2836947,4.15388e-05
0.2837448,5.300677e-05
0.283921,5.667992e-05
0.2840144,0.0002263434
0.284069,4.098548e-05
0.2840775,5.775232e-05
0.2840904,3.911089e-05
0.2841016,4.014828e-05
0.2841284,5.153753e-05
0.2842132,0.0001942167
0.2844006,0.0001282549
0.2844111,4.269259e-05
0.2845369,2.017043e-05
0.2845593,3.942004e-05
0.2845617,2.220838e-05
0.284576,4.938085e-05
0.2846146,6.543565e-05
0.2846353,5.103962e-05
0.2846689,4.08871e-05
0.2847509,4.720501e-05
0.2848052,4.312356e-05
0.2848094,5.592409e-05
0.2850968,7.863184e-05
0.2851399,0.03812103
0.2852121,4.630269e-05
0.2854113,7.262682e-05
0.2854984,4.668463e-05
0.2855035,4.651222e-05
0.2856327,5.447025e-05
0.2856351,3.811105e-05
0.2856887,5.349282e-05
0.2856994,8.680065e-05
0.2857814,8.26582e-05
0.2858905,0.0001129665
0.2859417,4.363398e-05
0.2859682,6.742168e-05
0.2859769,6.224453e-05
0.2861958,6.056881e-05
0.2863967,5.335028e-05
0.2864104,4.100167e-05
0.286435,5.055975e-05
0.2864818,5.102004e-05
0.2865473,1.695057e-05
0.2865829,0.0001274248
0.2866426,5.573549e-05
0.2867318,4.781472e-05
0.2867931,4.250269e-05
0.286878,3.20695e-05
0.2869004,3.24271e-05
0.2871031,2.962059e-05
0.2871094,5.50767e-05
0.2871229,4.902262e-05
0.2871394,8.502302e-05
0.2871595,1.224139e-05
0.2872842,7.459892e-05
0.2873354,0.000226987
0.2874635,5.268199e-05
0.2876051,3.511186e-05
0.2876932,5.443612e-05
0.2877035,4.524815e-05
0.2877147,5.001362e-05
0.2881286,3.232636e-05
0.2883097,6.902308e-05
0.2885161,2.956111e-05
0.2885472,4.973858e-05
0.2886582,0.0002668572
0.2887686,0.0001389168
0.2888044,8.178984e-05
0.2888441,7.15089e-05
0.2889812,3.981007e-05
0.2890564,0.0003256453
0.2890676,5.159375e-05
0.2891082,6.214984e-05
0.2892359,4.777506e-05
0.2892736,1.676704e-05
0.2892846,0.0002065517
0.2892938,6.292242e-05
0.289455,5.520596e-05
0.2895208,5.774422e-05
0.2895418,6.109764e-05
0.289589,0.0002237843
0.2896297,3.806064e-05
0.2896434,3.146145e-05
0.2896536,0.0001377107
0.2897411,3.446374e-05
0.2897917,9.772346e-05
0.2898776,6.556107e-05
0.2898824,6.629347e-05
0.2898936,5.770889e-05
0.2899327,0.0002706435
0.2899452,5.645388e-05
0.2899826,3.892224e-05
0.2901935,4.247087e-05
0.2902845,9.981092e-05
0.2903408,6.485911e-05
0.290466,0.0001008821
0.2905048,3.679418e-05
0.290567,4.005251e-05
0.2905722,3.887123e-05
0.2907169,4.881532e-05
0.2907204,5.5574e-05
0.2907728,0.0001220009
0.2908114,8.018957e-05
0.2909116,5.751906e-05
0.2910459,6.566993e-05
0.2911614,0.0001115274
0.2911937,3.634167e-05
0.2913604,5.41898e-05
0.2914661,8.017907e-05
0.2914677,2.149101e-05
0.2915551,5.954086e-05
0.291595,7.8836e-05
0.2916885,1.138462e-05
0.291728,3.600399e-05
0.2917499,5.019028e-05
0.2919393,4.905453e-05
0.2920158,8.325042e-05
0.2920425,5.184404e-05
0.2920459,4.42977e-05
0.2920754,3.73336e-05
0.2921847,4.984325e-05
0.2922499,3.368926e-05
0.2923732,5.638127e-05
0.2924299,5.30226e-05
0.2924902,4.264722e-05
0.2925105,7.284644e-05
0.2925391,5.832042e-05
0.2925604,0.0001274847
0.2925734,6.369039e-05
0.292729,3.504425e-05
0.2927651,6.369958e-05
0.2928444,5.757421e-05
0.2928916,7.344113e-05
0.2929189,3.507141e-05
0.2929375,5.704521e-05
0.2929532,4.40858e-05
0.2929648,6.35583e-05
0.2929703,6.577739e-05
0.2931314,5.713578e-05
0.2931315,0.0001087411
0.2932484,3.462416e-05
0.2933013,6.08419e-05
0.2933553,0.0002534323
0.2933827,0.0001799466
0.2934496,6.206133e-05
0.2934546,0.0001016893
0.2934609,5.049141e-05
0.2935211,6.599766e-05
0.2938398,4.342059e-05
0.2938997,4.891288e-05
0.2939017,8.001644e-05
0.2939615,4.715203e-05
0.294116,4.442432e-05
0.2942812,4.875825e-05
0.2943001,2.242137e-05
0.2943747,5.606571e-05
0.2943802,5.404316e-05
0.2944544,5.809771e-05
0.2945636,5.15306e-05
0.2946832,4.564967e-05
0.2946862,1.060249e-05
0.2947996,9.123982e-05
0.2948354,6.417485e-05
0.2949215,6.211415e-05
0.2949551,5.780399e-05
0.2950062,5.870567e-05
0.2950165,5.956587e-05
0.2950691,0.000257172
0.2950719,0.0001917217
0.2951466,6.339639e-05
0.2951708,4.764167e-05
0.2951856,7.214006e-05
0.2952674,5.916637e-05
0.2952746,0.0001006684
0.295331,6.888773e-05
0.2953326,4.686431e-05
0.2953571,6.947626e-05
0.2955026,5.973034e-05
0.2955357,4.037988e-05
0.2955493,6.082434e-05
0.2955698,5.178108e-05
0.2956049,0.0001381588
0.2956718,4.827276e-05
0.2956956,4.928278e-05
0.2957464,5.573234e-05
0.2957493,7.31836e-05
0.2958064,4.380941e-05
0.2958167,0.0001028364
0.2961433,0.5130485
0.2961695,3.146347e-05
0.2961846,5.208367e-05
0.2963177,6.581038e-05
0.296318,0.0001787014
0.2963217,4.809518e-05
0.29652,5.838081e-05
0.2965761,4.512703e-05
0.2966183,5.761817e-05
0.2967348,6.161695e-05
0.2967505,6.129351e-05
0.296784,5.548319e-05
0.296818,5.079208e-05
0.2968542,7.284799e-05
0.2968925,5.091897e-05
0.2969615,5.127451e-05
0.2970024,3.864297e-05
0.2970172,6.643504e-05
0.2970584,3.431797e-05
0.2970667,4.545125e-05
0.2970814,9.34065e-05
0.2970972,7.052358e-05
0.2971347,5.485786e-05
0.2972318,6.725064e-05
0.2973468,5.840761e-05
0.2974439,8.054909e-05
0.2974599,5.333226e-05
0.2974854,0.0001278848
0.2975659,5.282563e-05
0.297584,0.0004547393
0.2976239,0.2116687
0.2976853,6.974499e-05
0.2978098,5.388848e-05
0.2978407,5.917399e-05
0.2978921,0.0002600789
0.2979428,5.771345e-05
0.2979562,4.623254e-05
0.2981004,2.089057e-05
0.2981396,5.3899e-05
0.2981602,6.003148e-05
0.298173,5.489996e-05
0.2981952,4.873462e-05
0.2982339,3.837483e-05
0.2982736,4.404072e-05
0.2983217,6.037657e-05
0.2984014,3.154613e-05
0.298445,8.433248e-05
0.2984454,5.695599e-05
0.2984844,5.205584e-05
0.2985264,7.252852e-05
0.2985294,5.579813e-05
0.2985339,3.997204e-05
0.2985785,9.231265e-05
0.2985937,3.255703e-05
0.2985999,8.248154e-05
0.2987326,5.52946e-05
0.2987451,0.0002342472
0.2987991,4.870206e-05
0.298813,5.373627e-05
0.2988548,4.515202e-05
0.2989172,8.516919e-05
0.2990353,5.356265e-05
0.2990818,6.643268e-05
0.2991299,5.497117e-05
0.2991373,0.0001012285
0.2991511,4.963576e-05
0.2991946,7.41783e-05
0.2992113,3.870694e-05
0.2992275,0.0001148492
0.2992397,8.321038e-05
0.2993404,4.572891e-05
0.2993945,5.596684e-05
0.2996007,2.05416e-05
0.2996561,7.107248e-05
0.2996598,0.0003967267
0.2996667,1.872349e-05
0.2996834,9.710654e-05
0.2997054,4.015941e-05
0.2997321,0.0001148556
0.2997356,2.430281e-05
0.2997644,4.588205e-05
0.2998086,7.194497e-05
0.2998208,3.48911e-05
0.2998414,4.972827e-05
0.2998804,4.518038e-05
0.3000035,7.014984e-05
0.3000538,4.915036e-05
0.3003683,8.247887e-05
0.3003799,0.0001202342
0.3003949,4.960723e-05
0.3005015,7.620321e-05
0.3005771,3.639959e-05
0.3006016,3.040663e-05
0.3006306,7.419939e-05
0.3008347,5.054221e-05
0.3008544,7.082691e-05
0.3008794,3.772848e-05
0.300965,3.024186e-05
0.3009802,0.0002065365
0.301112,5.371724e-05
0.3011559,2.93389e-05
0.3012362,4.04849e-05
0.3012419,4.607364e-05
0.3012795,2.978071e-05
0.3013192,6.484498e-05
0.3013315,9.93127e-05
0.3013775,4.12135e-05
0.3014659,8.180444e-05
0.3015424,3.794771e-05
0.3015459,8.460599e-05
0.301557,4.534647e-05
0.3015755,2.035524e-05
0.3016598,9.900238e-06
0.3016765,8.342427e-05
0.3017398,6.358803e-05
0.3017423,7.396845e-05
0.3017581,5.896744e-05
0.3017595,3.447975e-05
0.3018253,4.144858e-05
0.3018308,4.843652e-05
0.3019108,5.535216e-05
0.301962,5.458229e-05
0.3019757,0.0001909441
0.3019845,3.395299e-05
0.3020174,8.31871e-05
0.3020421,0.0001546115
0.3021677,4.972369e-05
0.3022251,6.8142e-05
0.3022356,4.65053e-05
0.3022929,2.986133e-05
0.3023099,6.310457e-05
0.3023491,4.472444e-05
0.3023542,5.254926e-05
0.3023713,5.846671e-05
0.3023833,4.539917e-05
0.3023854,0.0001005624
0.3024592,5.268157e-05
0.302627,4.299591e-05
0.3027421,5.039163e-05
0.3027704,4.277815e-05
0.3027839,5.876257e-05
0.3028188,4.159448e-05
0.3028487,5.275173e-05
0.3029448,4.787536e-05
0.3029861,4.935532e-05
0.3030104,0.0001368843
0.3030313,5.90697e-05
0.3031381,4.255058e-05
0.3032569,1.104835e-05
0.3033166,0.0001011399
0.3033944,4.370939e-05
0.3036844,6.665465e-05
0.3037034,1.852382e-05
0.3037484,5.1942e-05
0.3038111,2.494396e-05
0.3038451,4.881365e-05
0.3038937,7.945343e-05
0.3040181,8.097396e-05
0.3040215,4.813244e-05
0.3040284,5.874239e-05
0.3040535,8.109657e-05
0.3040984,8.497988e-05
0.3042117,5.741299e-05
0.3042662,3.574467e-05
0.3043952,4.885707e-05
0.30446,7.656743e-05
0.3044807,8.224264e-05
0.3045908,5.7473e-05
0.3046219,6.631112e-05
0.304668,0.0001762275
0.3047251,3.999272e-05
0.3047822,7.063995e-05
0.3048041,8.082078e-05
0.3048314,2.335502
0.3048664,8.505238e-05
0.3049595,4.943298e-05
0.3049764,0.000328409
0.3050357,5.127992e-05
0.3050387,9.523137e-05
0.305109,0.0001065009
0.3054075,5.567957e-05
0.3054292,6.725509e-05
0.3054492,5.03731e-05
0.3055369,7.401318e-05
0.3055698,0.0001067314
0.3056097,7.763526e-05
0.3056285,7.451788e-05
0.3056376,6.947535e-05
0.3056554,8.187244e-05
0.3057015,0.0001029518
0.3057147,5.975251e-05
0.3057403,5.229653e-05
0.3057458,4.116859e-05
0.3057501,5.624311e-05
0.3057533,5.284536e-05
0.3057536,2.652328e-05
0.3057994,8.898305e-05
0.3058116,4.686736e-05
0.3058189,2.499198e-05
0.3058521,2.118288e-05
0.305936,0.0001739906
0.3060361,5.853381e-05
0.3060963,6.199474e-05
0.3060965,7.310073e-05
0.306117,7.34553e-05
0.3061368,4.139324e-05
0.3061648,6.30528e-05
0.3062018,5.700241e-05
0.3062147,0.0001251125
0.3062156,4.403112e-05
0.3063149,6.211778e-05
0.3064224,0.0002404209
0.3064247,4.529019e-05
0.3064349,4.973041e-05
0.3064519,6.341317e-05
0.3065056,8.919733e-05
0.3065592,6.044877e-05
0.3065951,5.922396e-05
0.3066072,4.9278e-05
0.3066374,5.719943e-05
0.3067083,7.084553e-05
0.306905,6.834097e-05
0.3069873,6.730672e-05
0.3071349,6.809633e-05
0.3071351,6.507168e-05
0.3071643,5.346982e-05
0.3071809,7.706654e-05
0.3072644,0.0001381593
0.3072688,9.380577e-05
0.3072955,0.0001702051
0.307324,9.279154e-05
0.3073376,5.942015e-05
0.307338,0.0001161983
0.3073388,4.433181e-05
0.3073876,8.830875e-05
0.3074276,4.939584e-05
0.3074736,4.340971e-05
0.307515,0.0001075399
0.3076365,3.669145e-05
0.3077215,0.000117485
0.3077568,5.558421e-05
0.3078289,5.474675e-05
0.3079034,6.15444e-05
0.3079413,6.687375e-05
0.3079611,7.597073e-05
0.307976,2.479593e-05
0.3079848,6.785453e-05
0.3079856,3.518786e-05
0.3080814,8.698918e-05
0.3080949,7.323993e-05
0.3081282,8.629959e-05
0.3084021,7.568853e-05
0.3084248,3.994252e-05
0.3084417,0.0001307346
0.3085398,5.308689e-05
0.308578,7.268564e-05
0.3086138,6.083818e-05
0.3086635,0.0001056247
0.3087281,9.635856e-05
0.3087283,9.818145e-05
0.3087614,9.008629e-05
0.3087822,7.097332e-05
0.3088345,5.71385e-05
0.3089279,6.454125e-05
0.3089384,8.627855e-05
0.3089805,4.227625e-05
0.3090263,0.0003038922
0.3090992,4.729996e-05
0.3091524,0.000142755
0.3091592,5.892227e-05
0.309176,4.663587e-05
0.3092794,0.0001383544
0.3093556,7.443708e-05
0.3095246,7.620415e-05
0.3096581,1.404302
0.3097436,2.991251e-05
0.3097512,0.0001091448
0.3097533,0.0001515421
0.3097565,0.0001028709
0.3098262,6.339033e-05
0.309848,5.70044e-05
0.3099177,8.822305e-05
0.3099248,4.54039e-05
0.3099684,5.500496e-05
0.3100848,5.085828e-05
0.3101441,6.086261e-05
0.3103195,9.080807e-05
0.3104379,6.97837e-05
0.3105178,6.170779e-05
0.3105185,4.77098e-05
0.3105672,5.87402e-05
0.3105797,9.596331e-06
0.3106091,3.826282e-05
0.310618,0.0001332905
0.3106551,6.855986e-05
0.3106601,3.609016e-05
0.3106918,6.535064e-05
0.3107668,9.577099e-05
0.3108094,5.092383e-05
0.3109419,6.121626e-05
0.3109703,4.077303e-05
0.3109957,6.005137e-05
0.3110033,5.765456e-05
0.311071,6.034954e-05
0.3111827,6.302729e-05
0.3112993,0.000129566
0.3113608,6.304056e-05
0.3114234,3.092689e-05
0.3115593,5.079964e-05
0.3116306,6.838096e-05
0.3116968,2.147805e-05
0.3118764,4.995745e-05
0.3119166,0.0001122612
0.3119197,7.653705e-05
0.3119476,4.944665e-05
0.3120879,9.661923e-05
0.312144,4.86817e-05
0.3121823,1.361953e-05
0.3122678,4.191328e-05
0.3122679,8.217758e-05
0.3122823,4.977597e-05
0.3123505,7.961383e-05
0.3124914,6.314994e-05
0.3125395,7.189529e-05
0.3125487,2.995487e-05
0.3126291,5.463376e-05
0.3126336,5.3001e-05
0.3127115,6.098851e-05
0.3127184,6.255653e-05
0.3127612,5.787083e-05
0.3127687,3.374081e-05
0.3129268,5.740073e-05
0.3130454,5.532743e-05
0.3130487,8.840241e-05
0.3131261,0.0001320297
0.3132871,4.190848e-05
0.3133318,7.213266e-05
0.3133534,3.874015e-05
0.3136285,6.614703e-05
0.3136389,5.359767e-05
0.313657,0.0001130307
0.3136875,9.031057e-05
0.3138412,9.715695e-05
0.3138618,5.964403e-05
0.3139347,4.561476e-05
0.3139369,5.491124e-05
0.3141123,0.0002070479
0.3141485,0.0001203956
0.3141493,2.866276
0.3141903,3.968626e-05
0.3142397,6.711222e-05
0.3143063,5.509848e-05
0.314312,4.763529e-05
0.3143593,6.0758e-05
0.3143674,7.545776e-05
0.3143938,6.979403e-05
0.3144386,7.457382e-05
0.3144689,8.048273e-05
0.3145352,8.922289e-05
0.3145781,4.600732e-05
0.314668,1.757955e-05
0.3146872,3.680586e-05
0.3146895,8.169446e-05
0.3148187,4.943815e-05
0.3148272,5.10575e-05
0.3149298,5.056025e-05
0.3149968,6.513948e-05
0.3150196,6.222934e-05
0.3150439,4.302362e-05
0.3150907,7.150558e-05
0.3151102,6.345833e-05
0.3151832,0.0001017715
0.3153907,6.258451e-05
0.3154392,5.304546e-05
0.3154894,7.076819e-05
0.3154899,5.818747e-05
0.3155447,0.0001345094
0.3155487,0.0001360323
0.3155572,8.921258e-05
0.3156112,5.085716e-05
0.3156309,5.871581e-05
0.3156533,5.472618e-05
0.315706,7.751809e-05
0.3157277,3.627518e-05
0.3157295,7.291291e-05
0.315873,9.906297e-05
0.3158956,0.000108705
0.3159647,4.109903e-05
0.3160082,8.053186e-05
0.316012,8.046686e-05
0.3160973,0.0001142253
0.3162059,6.555062e-05
0.3162321,5.950305e-05
0.3163387,5.965225e-05
0.3163607,8.66931e-05
0.3164023,0.0001382926
0.3164062,9.15942e-05
0.3164702,5.358282e-05
0.3164899,5.814011e-05
0.3165012,7.545766e-05
0.3165266,6.107224e-05
0.3166902,6.540127e-05
0.3167068,6.585807e-05
0.3167834,0.00020031
0.3168037,0.0001625649
0.3168649,0.0001121919
0.3169492,6.983344e-05
0.3172254,5.950249e-05
0.3174531,0.0001583745
0.3174587,5.711833e-05
0.3174817,4.319381e-05
0.317487,5.321934e-05
0.3174997,8.261325e-05
0.3175401,5.166365e-05
0.3176434,0.0001061912
0.3176533,7.023187e-05
0.3176741,7.728764e-05
0.3176874,5.312787e-05
0.3177062,0.0001019123
0.317762,5.842402e-05
0.3177725,4.073458e-05
0.3177775,5.435441e-05
0.3178789,1.69284e-05
0.3179077,4.884988e-05
0.3179106,3.404745e-05
0.3179517,5.406401e-05
0.3179595,0.0001555
0.3181489,4.144831e-05
0.3182284,6.499422e-05
0.3183042,0.0001358407
0.3183665,6.441024e-05
0.3184149,4.959434e-05
0.3184224,3.406624e-05
0.3184336,4.818301e-05
0.3185579,0.0002109076
0.3185802,7.505918e-05
0.3186165,0.0001572487
0.3186557,7.906608e-05
0.3187047,4.247898e-05
0.3187144,6.738713e-05
0.3187151,8.769065e-05
0.3189133,5.76496e-05
0.318916,3.590822e-05
0.3189531,6.176268e-05
0.3189801,4.730827e-05
0.3190106,6.369223e-05
0.3190504,9.982449e-05
0.3190947,5.725567e-05
0.3191366,8.127233e-05
0.3191544,0.0002810919
0.3191756,5.908798e-05
0.3191847,6.240352e-05
0.319386,9.324546e-05
0.3194066,5.13581e-05
0.3195632,5.449073e-05
0.3195912,5.791715e-05
0.3196191,8.450865e-05
0.3197032,8.648966e-05
0.3197706,7.107601e-05
0.3197888,6.701075e-05
0.31981,6.504363e-05
0.3201432,4.331745e-05
0.3202668,4.042524e-05
0.3202686,0.000146876
0.3203402,7.052831e-05
0.3203456,6.636076e-05
0.3203569,6.018074e-05
0.3203766,7.876635e-05
0.3204564,8.602464e-05
0.320485,6.989211e-05
0.3205854,6.390641e-05
0.3206309,4.439823e-05
0.3207778,6.551813e-05
0.3208232,0.0004148913
0.320855,7.649643e-05
0.320953,4.044984e-05
0.3209547,5.441138e-05
0.3210106,4.99813e-05
0.321112,5.764955e-05
0.3211164,7.698269e-05
0.3212633,0.0001563361
0.3212956,9.164091e-05
0.3213649,0.0001317277
0.3213942,5.43211e-05
0.3214486,6.444765e-05
0.3214822,5.973744e-05
0.32153,1.06807e-05
0.321548,0.0001158336
0.3215485,4.683624e-05
0.321573,5.679408e-05
0.3216011,1.671176e-05
0.3216403,4.838352e-05
0.3216443,7.315425e-05
0.321653,7.583736e-05
0.3216678,5.196208e-05
0.3216803,4.48006e-05
0.3216818,6.865708e-05
0.3218165,7.357006e-05
0.3218368,7.92176e-05
0.3218819,4.812446e-05
0.3219858,0.0001806934
0.3219892,6.418989e-05
0.3222618,6.089659e-05
0.3223304,8.889541e-05
0.3223315,5.937402e-05
0.3223391,8.361348e-05
0.3223476,7.374522e-05
0.3224532,4.648117e-05
0.322477,5.000122e-05
0.3225999,6.250082e-05
0.3226489,1.570317e-05
0.3226722,6.03646e-05
0.3226759,0.0001427862
0.3227235,0.0002076575
0.3227236,0.0001155797
0.322735,5.451028e-05
0.3228041,2.027342e-05
0.3228609,9.538508e-05
0.32289,6.992198e-05
0.3228978,9.447923e-05
0.3229182,8.208181e-05
0.3229671,7.532934e-06
0.3230064,5.357449e-05
0.3230074,4.267795e-05
0.3231243,7.917779e-05
0.3231526,5.392839e-05
0.3233591,6.006173e-05
0.3233636,1.653623e-05
0.3234171,6.698364e-05
0.3234851,4.862494e-05
0.3236164,8.570509e-05
0.3236221,8.95077e-05
0.3236392,9.279632e-05
0.3236791,9.248222e-05
0.3236952,7.685118e-05
0.3237138,5.977619e-05
0.3237284,5.688372e-05
0.3237389,7.356408e-05
0.3237546,2.111198e-05
0.3237956,6.326719e-05
0.3238463,5.281587e-05
0.3238908,5.848562e-05
0.3239247,8.411746e-05
0.3239883,6.110561e-05
0.3240321,8.056986e-05
0.3240741,3.501827e-05
0.3240773,6.320717e-05
0.3240978,7.405176e-05
0.3241475,5.532243e-05
0.3241744,5.726214e-05
0.3242001,0.0003016278
0.3242698,0.0001315998
0.3242889,8.481715e-05
0.3243699,5.289563e-05
0.3243712,5.405556e-05
0.3244647,4.94147e-05
0.3244944,5.278717e-05
0.3245957,3.629603e-05
0.324659,2.058083e-05
0.3246594,0.0001768718
0.3246888,5.019674e-05
0.3247219,3.725573e-05
0.3247648,1.502533e-05
0.324767,8.998457e-05
0.3247844,0.0001234454
0.3247999,5.706128e-05
0.324853,7.990322e-05
0.3248971,0.0001692237
0.3251085,6.114845e-05
0.325207,0.0001363164
0.325231,4.464326e-05
0.3253324,0.0001196784
0.3254021,5.175571e-05
0.3254394,7.324759e-05
0.3255103,5.40309e-05
0.32564,4.71243e-05
0.3256963,9.020814e-05
0.3257182,4.620457e-05
0.3258186,6.372247e-05
0.3258504,6.206189e-05
0.3258982,5.409309e-05
0.3260674,7.302785e-05
0.3260809,5.925463e-05
0.3260823,8.56194e-05
0.3261718,5.217844e-05
0.3263241,9.166692e-05
0.3263983,7.1915e-05
0.3264269,0.0001001326
0.3264335,2.040613e-05
0.3266627,7.337239e-05
0.326685,6.900168e-05
0.3267104,6.737144e-05
0.326776,6.879261e-05
0.3268199,6.508836e-05
0.326853,0.0001084028
0.326873,0.0001343586
0.3269803,7.084046e-05
0.3270053,5.419461e-05
0.3270207,7.186343e-05
0.3270357,0.0003578255
0.3270746,6.672182e-05
0.3273156,0.0001507423
0.327325,7.160949e-05
0.3275411,5.107612e-05
0.3277372,6.848704e-05
0.3279034,6.392949e-05
0.328031,0.0001240987
0.3280645,7.414326e-05
0.3280767,0.0001248696
0.3282079,7.428924e-05
0.3282729,7.350755e-05
0.3282838,6.182841e-05
0.3283586,9.874862e-05
0.3284524,7.281818e-05
0.3284747,4.137708e-05
0.328495,1.138987e-05
0.3287112,0.0001193054
0.328772,7.813847e-05
0.3288453,5.846939e-05
0.3288476,7.806526e-05
0.3288592,7.640977e-05
0.3289334,5.367949e-05
0.3289593,5.720999e-05
0.3291034,5.456262e-05
0.3291475,6.813759e-05
0.3292117,8.710913e-05
0.3293929,3.330575e-05
0.3294059,7.125199e-05
0.3295052,5.309377e-05
0.329738,8.09268e-05
0.3297421,0.0001634108
0.3297428,6.132972e-05
0.3298375,0.0001528833
0.3302158,7.436296e-05
0.3302611,6.179923e-05
0.3302926,6.879167e-05
0.3302967,4.509764e-05
0.3303465,5.997631e-05
0.3303477,6.696851e-05
0.3303695,6.558196e-05
0.3304026,2.325111e-05
0.3304154,4.362428e-05
0.3304171,7.673682e-05
0.3304259,5.78044e-05
0.3305716,6.66055e-05
0.3305954,6.610715e-05
0.3307186,7.438917e-05
0.330759,9.254589e-05
0.3307868,0.0001544044
0.3308028,5.887688e-05
0.331137,5.708785e-05
0.3312056,6.987889e-05
0.331241,9.344941e-05
0.3313278,6.832913e-05
0.331424,4.616589e-05
0.3314435,6.4604e-05
0.3314555,8.045994e-05
0.3314689,5.719529e-05
0.331506,0.0001187532
0.3315113,7.101412e-05
0.3315547,0.0001437827
0.3316468,0.0003935557
0.3316876,9.709602e-05
0.3317234,5.532605e-05
0.3317479,0.0001073803
0.3318017,7.975815e-05
0.3318953,5.586934e-05
0.3319137,3.737961e-05
0.3319644,5.731075e-05
0.3319743,0.0001396655
0.331977,7.049152e-05
0.3319827,8.040142e-05
0.331986,3.943279e-05
0.3319916,6.021389e-05
0.3320757,6.277906e-05
0.3321476,0.2737758
0.3321635,1.906241
0.3322419,9.54795e-05
0.3324076,6.358335e-05
0.3324087,0.0001638614
0.3325099,7.100267e-05
0.3325303,6.4268e-05
0.3327336,2.65195e-05
0.3327925,3.337736e-05
0.3328088,7.395318e-05
0.3328283,7.378293e-05
0.3328734,5.68434e-05
0.3329488,6.669079e-05
0.3329925,5.910121e-05
0.3330185,1.497391e-05
0.3330287,8.311924e-05
0.3330905,0.0001126543
0.3331565,7.947212e-05
0.3331901,7.132805e-05
0.3332216,5.371736e-05
0.3332293,6.091391e-05
0.3332792,8.134987e-05
0.3333072,6.190674e-05
0.3333359,4.74617e-05
0.3333401,7.124214e-05
0.3333513,5.794549e-05
0.3333572,6.376412e-05
0.3334334,8.146422e-05
0.3334567,7.566327e-05
0.3334615,5.272896e-05
0.3334765,6.596688e-05
0.3335035,5.051801e-05
0.3335333,3.877203e-05
0.3335494,0.00010976
0.3335592,6.881762e-05
0.3336017,7.944947e-05
0.3336204,5.718342e-05
0.3336242,9.408729e-05
0.3337159,3.542173e-05
0.3337407,6.440483e-05
0.3337503,8.786912e-05
0.3337591,3.165113e-05
0.3337986,5.754306e-05
0.3338684,5.536752e-05
0.3338964,0.0001148375
0.3339182,9.644317e-05
0.3339992,6.05339e-05
0.3340162,8.722776e-05
0.3340503,6.232304e-05
0.3340738,5.862026e-05
0.3340836,8.014469e-05
0.3340914,6.099797e-05
0.3341229,8.93706e-05
0.3341436,6.431014e-05
0.3341942,5.564442e-05
0.3342259,7.056644e-05
0.3342743,0.0001060962
0.3342913,4.125445e-05
0.3343,7.829291e-05
0.3343998,9.64412e-05
0.3344264,8.808301e-05
0.3345543,5.152051e-05
0.3345956,7.814199e-05
0.3346263,4.620249e-05
0.3346326,7.079294e-05
0.3347493,8.676523e-05
0.3347804,5.446027e-05
0.3347974,4.350609e-05
0.3349406,6.547265e-05
0.3349488,4.45767e-05
0.3349642,4.200427e-05
0.3349976,7.761299e-05
0.3350613,8.573419e-05
0.3350875,9.260113e-05
0.3351796,4.842571e-05
0.3352138,0.1029493
0.3353021,6.962134e-05
0.3353389,5.964235e-05
0.3353637,6.744291e-05
0.3356937,0.0002502254
0.3357077,6.642797e-05
0.3357218,0.0001307565
0.3357252,6.364348e-05
0.335739,5.664036e-05
0.3357548,0.0001244322
0.3359793,4.947885e-05
0.3359844,8.017478e-05
0.3360003,8.695733e-05
0.3360566,6.213866e-05
0.3360878,8.920376e-05
0.3361492,4.867797e-05
0.3361783,8.486036e-05
0.3361878,6.244809e-05
0.3362237,6.687142e-05
0.3362485,6.860933e-05
0.3362804,5.680408e-05
0.3363775,9.569882e-05
0.336409,7.648447e-05
0.3364207,5.544907e-05
0.3364919,9.037258e-05
0.3365523,0.0001257665
0.3365549,5.456903e-05
0.3365551,9.717019e-05
0.3365568,2.926047e-05
0.3365862,8.360302e-05
0.3366439,8.015297e-05
0.3366536,1.280412e-05
0.3366579,4.973014e-05
0.336706,6.869514e-05
0.336724,6.297931e-05
0.3368134,0.000132196
0.3368435,8.136679e-05
0.3368626,0.0001951939
0.3368857,8.797728e-05
0.3369143,4.844197e-05
0.3369169,0.0002567295
0.3369506,5.2663e-05
0.3369728,4.159909e-05
0.3369789,6.272435e-05
0.3370241,6.071544e-05
0.3370805,5.979624e-05
0.3371485,5.251381e-05
0.3371939,3.531064e-05
0.3372334,6.778981e-05
0.3372363,5.899706e-05
0.3373019,0.0001313743
0.3373286,2.67486e-05
0.3373465,0.0001192911
0.3373694,6.091679e-05
0.3373931,0.0001471123
0.3374727,8.827191e-05
0.3375399,6.351694e-05
0.337552,4.977676e-05
0.3376083,0.000147766
0.3376256,6.864685e-05
0.3376296,5.763836e-05
0.3376799,0.0001174308
0.3376953,7.285237e-05
0.3378071,6.783135e-05
0.3378094,0.0001900027
0.3378542,0.0001390245
0.3379396,7.58017e-05
0.3379411,6.974682e-05
0.3380427,6.934196e-05
0.3381972,0.0001058055
0.3382153,8.492854e-05
0.3382309,5.543384e-05
0.3382509,7.000082e-05
0.3382969,7.444371e-05
0.3382988,0.0001250242
0.3383146,6.746789e-05
0.3383326,0.0001059007
0.3383699,4.648136e-05
0.3383892,6.982686e-05
0.3384365,9.415126e-05
0.3384573,0.0001377719
0.3384626,6.524482e-05
0.3384722,9.387949e-05
0.3385303,2.34404e-05
0.3385992,6.362951e-05
0.3385998,0.0004077695
0.3386381,9.858778e-05
0.3386479,9.609073e-05
0.3386684,7.428594e-05
0.3388176,0.0001026446
0.3388565,7.509691e-05
0.3388625,1.777428e-05
0.3388675,5.184325e-05
0.3388987,8.315593e-05
0.338912,9.255881e-05
0.3389386,0.7932746
0.3390096,7.766364e-05
0.3391688,6.024053e-05
0.3391935,6.371e-05
0.3391964,4.154719e-05
0.3393372,0.0001133534
0.33935,7.000916e-05
0.3393714,1.702574e-05
0.3394059,7.232582e-05
0.3394158,7.842614e-05
0.3394453,5.293495e-05
0.3394499,8.194995e-05
0.3396015,1.935691e-05
0.3396043,8.408727e-05
0.3396743,7.310596e-05
0.3396886,1.635292e-05
0.3397715,0.0001854328
0.3397945,3.846906e-05
0.3398885,0.0001164865
0.339908,9.23937e-05
0.3399258,7.779936e-05
0.3399711,0.0001707054
0.3400533,4.276231e-05
0.3400607,0.0001436753
0.3400798,0.0001563738
0.3400878,5.103919e-05
0.34012,6.981984e-05
0.3401434,0.0002527822
0.3401867,7.181397e-05
0.3401877,7.028098e-05
0.3402357,8.485375e-05
0.3402857,0.000102655
0.3402866,6.742032e-05
0.340315,8.671699e-05
0.3403201,6.823592e-05
0.3403234,6.941567e-05
0.3404364,3.649256e-05
0.3405152,0.0001527574
0.3405343,5.707453e-05
0.3405881,6.430923e-05
0.3405958,6.74116e-05
0.3406035,7.71947e-05
0.3406316,9.069347e-05
0.3406449,6.749025e-05
0.3407034,7.327573e-05
0.3407712,7.072942e-05
0.3407903,5.769935e-05
0.3408126,9.543022e-05
0.3408858,8.060562e-05
0.3410208,9.351848e-05
0.3410366,2.65602e-05
0.3410612,8.081418e-05
0.341069,6.254442e-05
0.341074,7.566273e-05
0.3411743,8.253074e-05
0.3413362,5.680881e-05
0.3413641,6.514749e-05
0.3414793,5.987156e-05
0.3414831,6.74193e-05
0.3414904,5.822276e-05
0.3415111,7.096812e-05
0.3415232,7.039183e-05
0.341595,0.0003444656
0.3416216,6.78348e-05
0.3416465,0.0001138873
0.3416638,5.874779e-05
0.3416662,8.207962e-05
0.3416813,7.102269e-05
0.3416934,6.604027e-05
0.3416969,2.862424e-05
0.3417235,5.871175e-05
0.3417329,7.694928e-05
0.3417436,5.498572e-05
0.3417467,6.656769e-05
0.3417497,6.985101e-05
0.3418187,0.000263353
0.3418632,5.958303e-05
0.3419417,6.980468e-05
0.3420085,0.0001025098
0.3420092,8.234776e-05
0.3420413,6.041638e-05
0.3420583,8.873228e-05
0.342155,7.474321e-05
0.3421828,6.873173e-05
0.3422016,8.272054e-05
0.3422193,4.57226e-05
0.3423052,0.000153905
0.3423226,0.0001170927
0.3424318,8.577158e-05
0.3424418,0.0001469019
0.3425182,5.225257e-05
0.3425278,4.688447e-05
0.3425472,6.946789e-05
0.3425765,6.007549e-05
0.3426188,5.441515e-05
0.3426306,5.554943e-05
0.3426452,0.0001071634
0.3426496,8.327977e-05
0.342673,1.123763e-05
0.3427319,8.01916e-05
0.3427487,0.0001702081
0.3427649,8.593711e-05
0.3427691,6.280336e-05
0.342774,4.557193e-05
0.3427998,1.541162e-05
0.3428821,5.716435e-05
0.3429345,7.318963e-05
0.3429578,7.525357e-05
0.3430801,6.196682e-05
0.3431123,8.07167e-05
0.3431431,0.0001109431
0.3431998,5.257736e-05
0.3432173,0.000167167
0.3432268,2.921822e-05
0.3432477,7.435874e-05
0.3433042,7.43175e-05
0.3433222,0.0001876656
0.3433448,5.590932e-05
0.3433481,8.466902e-05
0.3434383,5.277516e-05
0.3434526,6.058695e-05
0.3434562,9.186966e-05
0.3434713,7.984551e-05
0.3434986,9.947064e-05
0.3435341,6.624179e-05
0.3435605,5.461408e-05
0.3435824,6.136908e-05
0.3435974,7.263623e-05
0.3437536,9.305417e-05
0.3437865,7.455008e-05
0.3437951,9.179745e-05
0.3437982,6.151923e-05
0.3439091,8.444006e-05
0.3439387,5.190256e-05
0.3439392,8.716749e-05
0.3439917,7.028689e-05
0.3439994,9.169286e-05
0.3440403,8.598941e-05
0.3440705,6.696656e-05
0.3441099,7.192677e-05
0.3441615,6.549871e-05
0.3441857,0.0001170488
0.3442086,7.873739e-05
0.3442582,4.211617e-05
0.3442846,9.577391e-05
0.3442993,0.0001404391
0.3443128,9.838562e-06
0.3443242,3.720248e-05
0.3443539,0.0001189855
0.344438,5.864993e-05
0.3444532,7.281805e-05
0.3444832,0.0001169342
0.3445388,6.240856e-05
0.344551,0.0001134712
0.3446429,8.278653e-05
0.3446971,5.72394e-05
0.3447244,0.0004588853
0.3447762,0.0002034318
0.344968,5.034397e-05
0.3449853,5.795551e-05
0.3449981,0.0001083031
0.3450006,6.922519e-05
0.3451146,5.841843e-05
0.3451766,6.979169e-05
0.3451887,5.945476e-05
0.3452705,8.66163e-05
0.3452838,4.952932e-05
0.3453351,0.0001158973
0.3453419,6.657383e-05
0.345407,7.020689e-05
0.3454647,0.0002204336
0.3454794,6.433608e-05
0.3454808,8.181077e-05
0.3455548,5.908878e-05
0.3456025,7.364912e-05
0.3456888,7.741521e-05
0.3457382,5.517478e-05
0.3457847,6.95764e-05
0.3458733,6.501774e-05
0.3458906,6.572513e-05
0.3458954,7.662408e-05
0.3459021,6.977604e-05
0.3459048,6.846885e-05
0.3459629,5.350932e-05
0.345968,6.220748e-05
0.3460024,5.36306e-05
0.346064,0.0001372741
0.3460715,8.07481e-05
0.3462415,6.897165e-05
0.3462423,4.401383e-05
0.3462653,8.872672e-05
0.3463486,7.812671e-05
0.3463963,7.574034e-05
0.3464413,0.0002238017
0.3464873,6.692961e-05
0.3465154,8.679337e-05
0.3465663,8.194482e-05
0.3466267,5.75855e-05
0.3467528,0.001129643
0.3467563,5.230105e-05
0.3467725,6.158905e-05
0.3467748,8.032953e-05
0.3468022,5.943772e-05
0.346818,7.880456e-05
0.3468666,2.060414e-05
0.3468729,7.37599e-05
0.3468966,8.533555e-05
0.3469334,6.569556e-05
0.3469374,7.238897e-05
0.3469471,4.8129e-05
0.3470977,9.00224e-05
0.3471598,6.345281e-05
0.3472022,6.006431e-05
0.3472716,0.0001492566
0.3473725,8.020295e-05
0.3473811,6.869972e-05
0.3474256,5.800642e-05
0.3474528,5.084593e-05
0.3474605,0.0001235599
0.3475008,7.041913e-05
0.3475329,7.467834e-05
0.3475637,5.690149e-05
0.3476507,7.964057e-05
0.3476774,7.866904e-05
0.3479041,7.128429e-05
0.3479064,5.508259e-05
0.347912,8.290426e-05
0.3479527,0.0001061798
0.3479928,8.973759e-05
0.348126,7.078618e-05
0.3483282,5.78429e-05
0.3483492,6.603626e-05
0.3483555,4.611478e-05
0.3483589,5.923967e-05
0.3483706,4.551662e-05
0.3483717,5.482416e-05
0.3484622,6.224317e-05
0.3484629,6.894598e-05
0.3484705,4.838383e-05
0.3485263,8.429676e-05
0.3485357,7.282894e-05
0.3486044,6.875015e-05
0.3486837,0.0001066627
0.3486952,9.242172e-05
0.3487586,0.0001237594
0.3488615,7.01137e-05
0.3490081,4.471813e-05
0.3491042,0.0001307929
0.3492196,6.162647e-05
0.3492433,8.937605e-05
0.3492795,1.431097e-05
0.3493438,6.169627e-05
0.3494277,4.088611e-05
0.3494278,5.41797e-05
0.3495133,2.272431e-05
0.349546,4.281598e-05
0.3495595,8.848113e-05
0.3495819,7.79214e-05
0.349623,7.334245e-05
0.3496321,3.314112e-05
0.3496777,6.963983e-05
0.3497332,6.305787e-05
0.3498893,6.076652e-05
0.3499256,6.254599e-05
0.3499364,4.972154e-05
0.349942,7.373038e-05
0.3499933,6.55697e-05
0.3500035,6.679403e-05
0.3500043,0.0001220241
0.3500043,9.321856e-05
0.3500088,0.0002756202
0.3500322,7.429679e-05
0.3501756,7.022744e-05
0.3501791,8.219362e-05
0.3501923,7.443935e-05
0.3503711,0.0001193537
0.3504349,9.869743e-05
0.3505203,0.0001295877
0.350543,7.681658e-05
0.3505743,8.176921e-05
0.3506519,7.360894e-05
0.3506612,0.0001099438
0.3506809,4.31054e-05
0.3507174,7.48314e-05
0.3507232,6.500608e-05
0.3507521,7.161041e-05
0.3508649,0.0001292518
0.3509159,7.794578e-05
0.3509365,4.681826e-05
0.3509662,1.936276
0.350975,0.0001502862
0.3509911,9.914618e-05
0.3511072,6.312956e-05
0.3511599,0.0001008604
0.3511894,7.684667e-05
0.351212,0.0001043765
0.3512199,6.658426e-05
0.3512575,6.994183e-05
0.3513281,6.991626e-05
0.3513397,5.186619e-05
0.3514082,0.0001686964
0.3514231,5.859125e-05
0.3514704,5.474903e-05
0.3514715,7.47068e-05
0.3515403,4.80827e-05
0.3516035,6.867161e-05
0.3516138,6.351649e-05
0.3516708,9.2833e-05
0.3516791,6.851734e-05
0.3517207,5.94915e-05
0.351769,8.999577e-05
0.3518139,6.615332e-05
0.3518846,9.656655e-05
0.3518918,7.54287e-05
0.3519208,9.777743e-05
0.3519897,6.29533e-05
0.3519932,0.0001073275
0.3520265,7.079377e-05
0.3520832,4.83352e-05
0.3521473,6.592993e-05
0.352184,6.919682e-05
0.352221,6.762829e-05
0.3522383,5.406031e-05
0.3522726,5.819925e-05
0.3523736,8.302269e-05
0.3523827,7.682064e-05
0.3524417,6.143359e-05
0.3525856,6.625998e-05
0.3526728,0.0001192605
0.3528465,0.0001216979
0.3528568,6.97049e-05
0.3528733,5.258186e-05
0.3529045,8.983727e-05
0.3530679,6.735685e-05
0.3531851,3.76539e-05
0.3531972,8.58349e-05
0.3532102,5.936295e-05
0.3532984,0.0001308328
0.3533668,6.880196e-05
0.3534886,7.175922e-05
0.3535015,7.569734e-05
0.3535898,0.0001019146
0.3535999,5.839594e-05
0.3536086,8.013479e-05
0.3537324,6.411632e-05
0.3537482,6.542332e-05
0.353764,0.0001852632
0.3538796,0.0001147548
0.353942,5.981342e-05
0.3539528,5.820368e-05
0.3539993,6.78231e-05
0.3540584,0.0001735111
0.3541216,7.865781e-05
0.3541339,6.79572e-05
0.3541506,8.329258e-05
0.3541924,6.24909e-05
0.3542517,0.0001052088
0.3542638,5.15005e-05
0.354329,7.346836e-05
0.3543762,5.409401e-05
0.3543827,0.0001241731
0.3543856,0.0001208686
0.3544136,0.0001314463
0.3546565,8.166465e-05
0.3547694,0.0001139618
0.3548041,0.0001146306
0.3548314,4.129917e-05
0.3548321,8.231943e-05
0.3549383,9.385392e-05
0.3550579,1.543555e-05
0.3550872,5.256323e-05
0.3550948,5.968208e-05
0.3551527,8.589644e-05
0.3551643,7.479346e-05
0.3551714,6.153603e-05
0.3552513,6.356623e-05
0.3552818,9.352504e-05
0.3553251,0.0001250152
0.3553551,8.562802e-05
0.3553625,0.0002295072
0.3554394,5.198702e-05
0.3554397,0.0001066586
0.3555768,8.580982e-05
0.3556728,8.151485e-05
0.3556743,8.086717e-05
0.3556987,8.407127e-05
0.3557157,6.599246e-05
0.3557731,4.163516e-05
0.3558117,6.37527e-05
0.3558565,9.935984e-05
0.3559934,7.440768e-05
0.3560255,0.0001269312
0.3560431,7.029298e-05
0.3560697,0.0001103025
0.3562399,2.40866e-05
0.3562514,5.99807e-05
0.3562524,7.318063e-05
0.356288,0.0001039472
0.3562999,6.457935e-05
0.3563541,5.932334e-05
0.3563715,9.032607e-05
0.3563918,8.660066e-05
0.3564198,7.416161e-05
0.3564324,7.551427e-05
0.3564469,5.872738e-05
0.3564539,7.655893e-05
0.3564612,6.004698e-05
0.356488,6.02944e-05
0.3565284,5.685001e-05
0.3565497,7.718798e-05
0.3565543,6.61194e-05
0.3566716,9.535622e-05
0.3566873,2.664878e-05
0.3567087,0.0001994599
0.3567318,5.577831e-05
0.356801,3.969104e-05
0.3568043,9.406671e-05
0.3568562,9.655327e-05
0.3568577,7.061697e-05
0.3569043,0.0001916504
0.3569517,5.710588e-05
0.3569706,7.26849e-05
0.3569899,0.0001007362
0.3570527,8.373598e-05
0.3571016,9.294151e-05
0.3571588,9.149236e-05
0.3571638,6.071738e-05
0.3571658,8.697074e-05
0.3573025,7.537496e-05
0.3573048,6.770312e-05
0.3573858,8.233659e-05
0.3574581,5.270718e-05
0.3574709,9.957189e-05
0.3575668,0.0001138816
0.3576069,7.886396e-05
0.3576206,7.547309e-05
0.3576486,8.906721e-05
0.3577062,7.488015e-05
0.3577205,8.060788e-05
0.3577246,9.595059e-05
0.3578062,8.13921e-05
0.357814,5.256175e-05
0.3578298,7.624723e-05
0.3579988,0.0001173805
0.3580466,8.479625e-05
0.3580582,6.942058e-05
0.3581153,7.847269e-05
0.3581325,5.336725e-05
0.3582922,0.0001251311
0.3583988,3.162997e-05
0.3585047,7.588019e-05
0.3585546,9.106544e-05
0.3586155,8.728154e-05
0.3586579,8.413537e-05
0.3587408,0.0004868177
0.3587616,7.088108e-05
0.3587874,0.0001014559
0.358813,7.109932e-05
0.3588221,5.222052e-05
0.3588694,9.893299e-05
0.35887,7.227406e-05
0.3589723,6.604534e-05
0.3589741,2.602818e-05
0.3589836,6.835815e-05
0.3590402,1.115804e-05
0.3590569,0.0001342577
0.3590613,7.386115e-05
0.3591697,9.601865e-05
0.359197,8.739666e-05
0.3593043,2.265989e-05
0.3593396,4.982962e-05
0.359403,7.713735e-05
0.3594724,0.0002193976
0.3595032,0.0001605221
0.3595926,8.243952e-05
0.3596142,1.685268e-05
0.3596295,7.617612e-05
0.3596369,0.0001043865
0.3596497,8.242617e-05
0.3596547,9.891827e-05
0.3596982,5.66419e-05
0.3597061,0.0001849579
0.3597141,6.673527e-05
0.3597273,5.976624e-05
0.3597274,5.711908e-05
0.3597693,5.666115e-05
0.3598255,6.683917e-05
0.3598411,8.046279e-05
0.3598687,1.451607e-05
0.3599252,8.690464e-05
0.359937,0.000109785
0.3600133,7.691225e-05
0.3600439,5.847182e-05
0.3600658,5.677608e-05
0.3601717,5.497484e-05
0.3601736,6.424794e-05
0.3601978,1.803989e-05
0.360297,9.117942e-05
0.3603114,6.180479e-05
0.3603456,9.377546e-05
0.3603661,0.0001018814
0.3603716,8.521869e-05
0.3603729,4.3666e-05
0.3604079,4.203125e-05
0.3604364,6.691017e-05
0.3604884,8.414204e-05
0.36049,8.169847e-05
0.360539,7.869818e-05
0.360629,0.000121004
0.3606655,1.341086e-05
0.3606811,8.422887e-05
0.3607062,5.977088e-05
0.3607098,7.654978e-05
0.3608728,7.658911e-05
0.3608787,7.801258e-05
0.3608851,7.946232e-05
0.3609692,0.2125394
0.3609838,9.811972e-05
0.3609874,6.876288e-05
0.3610179,0.0001164025
0.3610208,6.154924e-05
0.3610716,6.685073e-05
0.3611821,8.056274e-05
0.3612353,7.704303e-05
0.361254,8.791662e-05
0.3613476,0.0001224985
0.3614174,7.418061e-05
0.3614499,8.0373e-05
0.3614804,7.785919e-05
0.3614906,9.907889e-05
0.3615474,7.59338e-05
0.36155,8.101562e-05
0.36157,7.742608e-05
0.3615796,6.802327e-05
0.3616289,7.113253e-05
0.3616369,6.874478e-05
0.3617504,6.878949e-05
0.3617808,5.585423e-05
0.3617955,3.515471e-05
0.3617983,0.0001448416
0.3618669,9.092707e-05
0.3618925,7.909872e-05
0.3620749,0.0001016306
0.3620955,7.236495e-05
0.3622753,2.084341e-05
0.3623748,4.413397e-05
0.362379,8.883273e-05
0.3624391,5.056306e-05
0.3625076,9.110135e-05
0.3625296,6.724056e-05
0.3625409,8.438242e-05
0.3625826,6.269487e-05
0.362598,8.269436e-05
0.3626113,5.290121e-05
0.3626471,9.553585e-05
0.362669,7.430632e-05
0.3626694,7.055292e-05
0.3627246,2.947266e-05
0.362758,5.650676e-05
0.3627811,0.0001907133
0.3628,8.152348e-05
0.3628251,0.0001247229
0.3628483,9.336302e-05
0.3629147,6.713506e-05
0.3629487,7.629855e-05
0.3629903,9.010734e-05
0.3630225,0.0001053945
0.3630511,7.808355e-05
0.3631105,6.400677e-05
0.3632882,1.043416e-05
0.3633019,5.477476e-05
0.3633335,0.0001167683
0.363448,9.045962e-05
0.3635108,3.449783e-05
0.3635759,6.063982e-05
0.3635829,0.0001236068
0.3635835,0.0001092891
0.3636004,0.0003326558
0.3636079,5.353287e-05
0.3636591,6.364156e-05
0.3637383,8.987824e-05
0.3638081,7.98694e-05
0.3638178,3.423734e-05
0.3638614,3.757726e-05
0.3639659,7.578413e-05
0.3640232,1.531185e-05
0.3640721,8.25941e-05
0.3641482,0.000164965
0.3641727,0.0001277558
0.3641926,0.0001007884
0.36423,7.004293e-05
0.3642815,7.492093e-05
0.3643205,7.457331e-05
0.3643532,7.684818e-05
0.3644143,6.607275e-05
0.364461,6.70862e-05
0.364519,4.176782e-05
0.3645422,4.564037e-05
0.3645442,6.951617e-05
0.3648084,9.10171e-05
0.3648976,4.448093e-05
0.3649717,7.288291e-05
0.3651384,6.333862e-05
0.3651685,7.718241e-05
0.3651758,9.809222e-05
0.3652139,5.313929e-05
0.3652253,0.0001380364
0.3652709,8.0322e-05
0.3653763,6.955266e-05
0.3654304,3.852783e-05
0.3654494,7.047455e-05
0.3654655,0.0001119135
0.3654784,0.0002227765
0.3655135,8.18155e-05
0.3655604,8.49552e-05
0.3655638,6.465719e-05
0.3656228,9.367026e-05
0.3656526,0.0001379118
0.3656945,3.173538e-05
0.365696,7.464629e-05
0.3657347,6.664821e-05
0.3657388,9.744843e-05
0.3657947,5.997786e-05
0.3658829,8.517558e-05
0.3659147,0.0001104676
0.3659148,0.0001238042
0.365922,0.0001468783
0.366002,0.0001455404
0.3661413,4.330271e-05
0.3662021,8.564627e-05
0.3662037,9.388438e-05
0.3662621,0.0003543746
0.3663186,0.0001362204
0.3665063,0.0001153635
0.3665378,8.459535e-05
0.366699,8.307691e-05
0.3667353,6.933755e-05
0.3667665,9.221441e-05
0.3668928,0.0002491459
0.3669226,0.000107698
0.36709,8.65197e-05
0.3671035,0.000111378
0.3671142,9.013242e-05
0.3671224,9.628526e-05
0.3671777,2.593003e-05
0.3671911,7.463191e-05
0.3672736,0.0001139453
0.3673203,9.935015e-05
0.3673771,7.268581e-05
0.3674521,5.994252e-05
0.3674616,0.0001014883
0.3674983,4.566935e-05
0.3675904,9.021554e-05
0.3676,0.0001430905
0.3676086,0.0001449185
0.3676343,4.682021e-05
0.3676717,0.000493729
0.3677194,2.978912e-05
0.3677236,2.452057e-05
0.3677368,6.846066e-05
0.3677989,7.345287e-05
0.3678865,6.113338e-05
0.3679717,0.0001017236
0.3679769,5.965233e-05
0.3680657,0.0001826168
0.3680874,7.175003e-05
0.368135,0.0001168218
0.3681823,7.179714e-05
0.368201,0.0001037937
0.3682076,8.698563e-05
0.3682773,8.118362e-05
0.3683716,8.220558e-05
0.3684021,6.732086e-05
0.3685836,6.443518e-05
0.3686069,6.053297e-05
0.3686477,0.0001404414
0.3686641,8.50802e-05
0.3686998,0.0001553989
0.3687088,7.37295e-05
0.3687227,7.530499e-05
0.3687912,9.603501e-05
0.3688273,7.01348e-05
0.3688517,7.557428e-05
0.3688664,8.467788e-05
0.3689585,6.816843e-05
0.3689841,5.14615e-05
0.3690115,6.060958e-05
0.3690283,8.529003e-05
0.3690303,7.502417e-05
0.3690498,8.821319e-05
0.3690977,0.0001269791
0.3692253,7.232845e-05
0.3692501,7.564727e-05
0.369279,5.87671e-05
0.3692994,7.838361e-05
0.3693584,7.549044e-05
0.3693862,8.71365e-05
0.36942,7.795204e-05
0.3695324,7.879106e-05
0.3696899,8.523685e-05
0.3698419,0.0002089873
0.3699611,2.771297e-05
0.3700473,7.665335e-05
0.370064,9.142595e-05
0.3701726,8.348013e-05
0.3701882,8.68864e-05
0.3704108,7.440108e-05
0.3704886,5.98704e-05
0.3705177,8.556313e-05
0.3706792,5.923049e-05
0.3706874,0.0001367896
0.3706967,0.0001090129
0.3707182,4.300701e-05
0.3707381,2.298289e-05
0.3708397,2.124996e-05
0.3708625,7.651529e-05
0.3709352,0.0001128862
0.3709435,7.973204e-05
0.3709573,6.752968e-05
0.3710031,5.83256e-05
0.3710178,5.946456e-05
0.371038,2.107118e-05
0.3710538,9.35208e-05
0.3711348,7.542505e-05
0.3712634,5.485251e-05
0.3712726,9.131879e-05
0.3713056,8.044075e-05
0.3715098,6.976791e-05
0.3715146,9.150343e-05
0.3715479,7.821664e-05
0.3715479,9.557028e-05
0.3715694,0.0001758503
0.3715828,0.0001041143
0.3716219,7.791896e-05
0.371642,8.078178e-05
0.3716497,9.222492e-05
0.3716714,8.419851e-05
0.3717264,6.83871e-05
0.3717677,8.495678e-05
0.371789,5.860269e-05
0.3718256,0.0001053772
0.3718341,7.282185e-05
0.3719863,6.550428e-05
0.3720703,0.0001275629
0.3722522,0.0001088091
0.3723892,0.0001164737
0.3724179,0.0002298359
0.3724968,0.0001074242
0.3725559,5.628977e-05
0.3725858,7.796776e-05
0.3726623,5.689521e-05
0.3727347,9.84271e-05
0.3727939,8.289744e-05
0.3728383,9.186307e-05
0.3728647,3.456065e-05
0.3729056,9.255768e-05
0.3729369,6.670826e-05
0.3729825,6.236612e-05
0.3730516,0.0002557086
0.3731005,6.706849e-05
0.3731789,5.777055e-05
0.3732185,0.000102814
0.3733506,8.445092e-05
0.3733511,1.497065e-05
0.3735133,3.533657e-05
0.3735691,0.0001274605
0.3735695,8.163319e-05
0.3736852,4.003026e-05
0.3737742,8.45543e-05
0.3737972,8.146746e-05
0.3738207,4.178886e-05
0.3738271,6.298454e-05
0.3738809,8.802365e-05
0.3738931,3.539564e-05
0.3739219,4.113e-05
0.3739869,4.785343e-05
0.3740641,0.0001098514
0.3740865,0.0001051365
0.3741084,9.695724e-05
0.3741831,0.004593251
0.3742689,5.074585e-05
0.3743895,4.075561e-05
0.3743896,3.660775e-05
0.3744183,0.0001074689
0.3744662,9.409067e-05
0.3745263,0.0001177008
0.3745359,7.544678e-05
0.374537,7.757824e-05
0.3748634,9.219454e-05
0.3750187,6.131313e-05
0.3750606,9.344717e-05
0.3752009,5.726021e-05
0.3752309,7.231478e-05
0.3753259,6.836728e-05
0.3753749,9.05312e-05
0.3754491,5.717087e-05
0.3754869,7.296842e-05
0.3756259,6.797653e-05
0.3756996,1.334277e-05
0.3757103,8.455456e-05
0.3758022,9.033566e-05
0.3759059,7.225845e-05
0.3759907,0.0001114388
0.3760144,8.718222e-05
0.3760371,9.596645e-05
0.3760701,4.712302e-05
0.3761089,7.576714e-05
0.3762076,5.827383e-05
0.3763212,1.048024e-05
0.3763218,5.086537e-05
0.3763667,9.937103e-05
0.3764597,8.067507e-05
0.3764633,9.276207e-05
0.376492,6.263964e-05
0.376493,9.571767e-05
0.3765071,6.712324e-05
0.3765129,7.555196e-05
0.3765155,8.244993e-05
0.3765568,8.178709e-05
0.3765869,8.878384e-05
0.3765973,9.266339e-05
0.3767818,0.0001001963
0.3767915,6.301723e-05
0.3768364,5.857569e-05
0.3768542,8.049591e-05
0.3770466,9.190568e-05
0.3770615,9.361622e-05
0.3770937,6.318369e-05
0.3770944,8.043154e-05
0.3771607,7.508256e-05
0.3771747,0.0001086635
0.3772041,7.36753e-05
0.3772607,6.784523e-05
0.3772909,0.0001453562
0.3773232,0.000135645
0.3773415,0.00011975
0.3773596,5.463674e-05
0.3774077,7.183932e-05
0.377418,6.265927e-05
0.3774587,0.0001050683
0.3775412,0.0001108153
0.3775416,0.0001105056
0.377548,8.51341e-05
0.3775953,7.319522e-05
0.3776175,7.748246e-05
0.3777479,0.0001513475
0.3778307,9.179755e-05
0.3778526,6.932527e-05
0.3778735,9.273566e-05
0.3780038,7.527768e-05
0.3780121,8.635734e-05
0.378143,0.0001193383
0.3781715,6.007528e-05
0.3784192,9.487799e-05
0.3784722,6.28983e-05
0.3785054,8.070908e-05
0.3785912,9.411442e-05
0.3786575,6.697564e-05
0.3787991,6.13394e-05
0.3789719,0.000139818
0.3790379,9.528342e-05
0.3790533,6.938543e-05
0.3790865,6.389026e-05
0.3792367,0.0001530934
0.3792786,0.0001076963
0.3792829,8.047499e-05
0.3793402,4.959922e-05
0.3793757,7.146743e-05
0.37939,7.337861e-05
0.37939,9.402351e-05
0.3794369,7.532701e-05
0.3794799,4.603586e-05
0.3795098,7.684442e-05
0.3795198,7.692422e-05
0.3795598,7.765806e-05
0.3795804,6.413941e-05
0.379613,9.042331e-05
0.379618,6.120725e-05
0.3796276,3.318689e-05
0.3796436,7.014654e-05
0.3796442,9.818649e-05
0.3797079,7.011325e-05
0.3797851,5.376115e-05
0.3798191,0.0001497466
0.3799519,6.683004e-05
0.3799524,5.742412e-05
0.3800472,9.120781e-05
0.3802392,0.0001078938
0.3802972,8.419384e-05
0.3803006,8.448095e-05
0.3803217,8.680078e-06
0.380329,7.302613e-05
0.3804777,6.505507e-05
0.3805023,3.61823e-05
0.3805445,0.0001138944
0.3806143,5.618092e-05
0.3806241,0.0001160469
0.3806816,2.60511e-05
0.3807358,0.0001649587
0.3807831,0.0001006621
0.3807934,7.485766e-05
0.3808021,9.266106e-05
0.38084,7.322351e-05
0.3808812,0.0001005615
0.3808997,7.436684e-05
0.380912,5.832443e-05
0.3809797,8.533311e-05
0.3810833,0.0001237753
0.3812212,8.101074e-05
0.3812582,0.0001277411
0.3812863,2.579438e-05
0.3813111,5.927448e-05
0.3813431,8.856414e-06
0.3813609,3.115637e-05
0.381371,7.213273e-05
0.3813945,0.0001622263
0.3814508,0.0001115884
0.381543,8.425976e-05
0.3815526,6.382263e-05
0.3815655,2.73511e-05
0.3815805,5.974803e-05
0.3815964,9.242041e-05
0.3816018,6.419755e-05
0.3816972,7.606e-05
0.3817397,9.971258e-05
0.3818078,0.000120617
0.3818244,0.5661374
0.3818335,7.062233e-05
0.3818691,7.183191e-05
0.3818704,6.160863e-05
0.3819194,5.002321e-05
0.3819212,0.0001016796
0.3819435,6.951573e-05
0.3819794,5.379417e-05
0.3819963,0.0001015758
0.3820162,5.945607e-05
0.3820336,5.842742e-05
0.3820862,0.0004174295
0.3821571,8.740658e-05
0.3821599,8.772198e-05
0.3822732,6.359113e-05
0.3824557,9.137804e-05
0.3824601,0.0001488575
0.3824735,5.944678e-05
0.3824904,0.0001113152
0.3825235,0.0001131806
0.3825379,8.148798e-05
0.3825468,0.0001335743
0.3825477,0.0001843683
0.3825491,0.0003077317
0.3825634,8.661953e-05
0.3825818,3.959372e-05
0.3825953,0.001204132
0.3826015,2.766956e-05
0.3827274,5.913997e-05
0.3827312,9.406807e-05
0.3827704,5.935549e-05
0.3827921,0.0001045159
0.3830334,5.251983e-05
0.3830629,3.425195e-05
0.3830753,7.481908e-05
0.3832511,6.242801e-05
0.3832525,0.0001139915
0.3833793,0.0001070562
0.3834892,7.14366e-05
0.3835433,5.025408e-05
0.3835995,7.372996e-05
0.3836743,8.674215e-05
0.3837281,0.0001210792
0.3837405,0.000104393
0.3837442,0.0001478312
0.3837555,8.193825e-05
0.3837562,6.56104e-05
0.3837689,8.832578e-05
0.3839013,4.874761e-05
0.3839699,0.0001063489
0.384001,5.742117e-05
0.3841115,0.0001562318
0.3841189,7.696556e-05
0.3841499,0.000101301
0.3841855,0.0001861763
0.3842434,5.163223e-05
0.3844406,7.158073e-05
0.384471,0.0001213993
0.3846911,0.0001340213
0.3847464,6.726849e-05
0.3847534,4.586466e-05
0.384866,6.964926e-05
0.3849386,9.580504e-05
0.3849625,9.857036e-05
0.3850137,4.340108e-05
0.3850439,0.0001084456
0.3850564,8.045187e-05
0.385085,9.329076e-05
0.3851044,0.0002045103
0.3851323,4.715966e-05
0.3851534,6.825759e-05
0.3853176,0.0001114487
0.3853412,9.299924e-05
0.3853789,7.018467e-05
0.3855561,7.738906e-05
0.3855731,0.000125337
0.3855828,7.605567e-05
0.3857345,9.447009e-05
0.3857394,8.25457e-05
0.3857664,0.0001216524
0.385851,8.140295e-05
0.3859771,3.95303e-05
0.3860298,1.909984e-05
0.3860644,7.2847e-05
0.386141,7.554571e-05
0.386191,6.978503e-05
0.3862002,7.350864e-05
0.3862386,0.0001046515
0.3862872,4.055994e-05
0.386405,8.867418e-05
0.3864405,9.127615e-05
0.3865741,0.0001921668
0.3866734,5.088844e-05
0.3867621,0.0004523052
0.3868141,8.713784e-05
0.386937,4.957038e-05
0.3869464,6.957357e-05
0.3869549,6.734701e-05
0.3869828,7.449641e-05
0.3870074,3.795033e-05
0.3870824,8.552567e-05
0.3871207,8.115725e-05
0.3871821,6.864878e-05
0.3872189,6.682044e-05
0.3872467,6.814565e-05
0.3873237,0.000129595
0.3874826,7.473591e-05
0.3874959,0.000111569
0.3875948,7.566604e-05
0.3876264,8.392685e-05
0.3877066,0.0001454296
0.387768,7.475856e-05
0.3877875,0.0001040647
0.3877897,8.558311e-05
0.3878194,7.565423e-05
0.387844,7.08226e-05
0.3878591,0.0001213927
0.3878651,8.530805e-05
0.3878877,7.471964e-05
0.3879125,7.803581e-05
0.3879417,4.08352e-05
0.3879531,9.972513e-05
0.3880048,3.785575e-05
0.3880895,8.474148e-05
0.3881067,8.701767e-05
0.3881614,3.686599e-05
0.388306,1.643301e-05
0.3883246,5.929121e-05
0.3883277,0.0001065188
0.3883782,0.0001081759
0.3883861,0.000124844
0.3884359,7.79516e-05
0.3885137,0.006444733
0.3885764,1.632053e-05
0.3886043,0.0001770248
0.3886116,7.402027e-05
0.3886178,4.839561e-05
0.3887202,8.529978e-05
0.3887514,7.607425e-05
0.3887571,8.901278e-05
0.3887667,0.0001894824
0.3888043,8.335293e-05
0.3888112,9.684478e-05
0.3888398,1.483031e-05
0.3888654,6.015163e-05
0.3888799,7.395346e-05
0.3888851,9.836304e-05
0.3888925,6.255217e-05
0.3889364,0.0001805619
0.3891135,7.743225e-05
0.3891492,0.8555935
0.3891542,6.701801e-05
0.3891593,7.348393e-05
0.3892392,6.976971e-05
0.389252,8.327055e-05
0.3892892,0.0001046963
0.3893193,8.036822e-05
0.3893317,8.223861e-05
0.3893366,2.35686e-05
0.3893396,2.25287e-05
0.3893729,8.381255e-05
0.3894718,9.018222e-05
0.3894942,6.957464e-05
0.3894944,0.0001059098
0.3894963,0.0001756737
0.3895406,8.388227e-05
0.3895843,7.56954e-05
0.3896211,8.04314e-05
0.3896461,9.056696e-05
0.3897514,0.0001021429
0.3899491,8.582784e-05
0.3900565,7.519064e-05
0.3900732,8.026566e-05
0.3900923,8.479627e-05
0.3901798,8.696631e-05
0.3901809,9.315265e-05
0.390234,6.88079e-05
0.3905433,3.105309e-05
0.3905476,0.0001136393
0.3905614,0.0001022355
0.3905826,9.600777e-05
0.3905865,0.0001131491
0.390589,0.000144
0.3906235,8.352124e-05
0.3906392,0.0001061998
0.3907315,0.0001005178
0.3907582,8.478043e-05
0.3907616,0.4170919
0.3907764,8.312558e-05
0.3908636,4.930341e-05
0.3908772,9.273441e-05
0.3908784,8.294982e-05
0.3908847,9.536408e-05
0.3909347,0.0004647889
0.3910258,0.0002640235
0.3910407,7.742187e-05
0.3910912,8.118723e-05
0.3911183,0.0001002549
0.3911535,8.162721e-05
0.391163,8.330274e-05
0.3912455,9.811105e-05
0.3912902,5.323078e-05
0.3913146,8.799159e-05
0.3913166,5.784802e-05
0.3913182,8.798535e-05
0.3914145,8.554418e-05
0.3914586,5.199695e-05
0.3914774,8.566329e-05
0.3914955,6.631612e-05
0.3915097,0.0001721688
0.3915145,7.883921e-05
0.3915314,9.380227e-05
0.3915832,7.763253e-05
0.3916646,2.293698e-05
0.3917393,0.0003555436
0.3917778,0.0001020423
0.3919013,0.0001639529
0.392025,0.0003206202
0.3921319,4.618358e-05
0.392146,1.522111e-05
0.3922284,0.0001168971
0.3922491,5.600728e-05
0.3923357,3.571731e-05
0.3923649,8.731501e-05
0.3924521,6.141638e-05
0.3924775,7.488219e-05
0.39248,0.0001570067
0.392495,8.451014e-05
0.3925399,0.0001149802
0.3926382,9.998426e-05
0.3926699,0.0001346793
0.3928156,1.293151e-05
0.3928236,8.037009e-05
0.3928263,7.776302e-05
0.393112,5.658025e-05
0.3931864,7.604402e-05
0.3932345,8.416405e-05
0.3933268,8.860721e-05
0.3933882,0.0001075421
0.3934245,0.0001404689
0.3934311,6.737671e-05
0.3934967,0.0001297054
0.3935244,9.369241e-05
0.3935611,5.660196e-05
0.3936032,0.0001080188
0.3936036,8.472674e-05
0.3936464,8.313009e-05
0.3936704,9.816544e-05
0.3936886,8.013201e-05
0.3937153,0.0001516395
0.3938595,0.0001358844
0.3939406,6.709666e-05
0.3939507,9.351644e-05
0.3939945,6.638893e-05
0.3940049,8.513629e-05
0.3940056,0.0001054292
0.3940265,7.558503e-05
0.3940618,7.256986e-05
0.3940929,5.577787e-05
0.3941971,9.071346e-05
0.394271,6.008662e-05
0.3943972,3.211971e-07
0.394468,4.951581e-05
0.3945571,6.842687e-05
0.3945904,0.0001054958
0.3946364,0.0001069303
0.3946374,6.583207e-05
0.3947107,0.0001092382
0.3947159,8.9972e-05
0.394729,0.0001175727
0.3948276,7.696031e-05
0.3948373,5.834782e-05
0.3948583,6.138447e-05
0.3949037,7.498667e-05
0.3949895,2.044863e-05
0.3949956,0.0001914087
0.3949974,8.260026e-05
0.3950326,7.852766e-05
0.3950681,8.414352e-05
0.3951172,8.062132e-05
0.3951799,0.0001104065
0.3952507,0.0001789726
0.3952558,8.021876e-05
0.3953151,7.931814e-05
0.3953236,6.672312e-05
0.3953363,0.0001094132
0.3954012,9.533329e-05
0.3954546,2.318171e-05
0.3954942,8.078486e-05
0.3955278,9.946421e-05
0.3956057,5.374221e-05
0.3956208,7.634344e-05
0.395671,0.0001393953
0.3956852,6.527815e-05
0.395781,8.946174e-05
0.3957821,7.500585e-05
0.395845,6.499483e-05
0.395846,0.0001142373
0.3958729,0.000413276
0.3959032,7.543321e-05
0.3959891,3.554782e-05
0.3961754,8.405976e-05
0.3962261,8.265826e-05
0.3962342,9.462122e-05
0.3962492,8.482637e-05
0.3963721,3.151725e-05
0.3963722,0.0001044223
0.3963947,9.925543e-05
0.39646,5.494401e-05
0.3964998,8.361452e-05
0.3965447,0.0002251159
0.3966036,0.000107783
0.3966462,6.252298e-05
0.3966468,7.510187e-05
0.3967136,7.840901e-05
0.3967373,6.635e-05
0.3969056,0.0001388181
0.3971467,6.260648e-05
0.3971611,5.767359e-05
0.3971957,3.341238e-05
0.3972415,9.497896e-05
0.3973206,7.649128e-05
0.3973466,0.000177142
0.3974592,0.0001645221
0.3974715,7.110769e-05
0.3974831,0.0001233752
0.3974915,0.0001023514
0.3976758,0.0001125322
0.3977392,0.0002305872
0.3977619,7.971573e-05
0.3977673,0.000135575
0.3977857,8.105251e-05
0.3977962,0.0001487339
0.3979417,7.118566e-05
0.3979419,7.177244e-05
0.3980294,6.027264e-05
0.398033,9.754313e-05
0.3980513,9.171602e-05
0.3980675,7.857952e-05
0.39808,6.625221e-05
0.3981309,0.0001330712
0.3981775,0.0001027551
0.3982218,6.405471e-05
0.3982597,0.0002949515
0.3983959,0.0001065693
0.3984347,6.354976e-05
0.3984367,0.0001023241
0.3984425,0.0003544838
0.3985527,0.0001410788
0.3985544,3.804947e-05
0.3985853,0.0001124217
0.3985856,0.0001345979
0.3986289,6.673857e-05
0.398661,0.0002356752
0.3986934,0.000121352
0.3988008,0.0001127149
0.3988093,0.0001062143
0.398923,8.912632e-05
0.3990182,0.0001105204
0.3990727,9.121621e-05
0.3991724,4.960785e-05
0.3991743,9.991557e-05
0.3991822,0.0001624502
0.3992643,0.0001176276
0.3993449,5.719535e-05
0.3993593,0.0001068284
0.3994078,0.0001119777
0.3994391,5.48703e-05
0.3994426,7.13923e-05
0.3995272,1.213774e-05
0.3995465,0.0001404783
0.3995821,0.0001912062
0.3996011,8.944995e-05
0.3996197,0.0001047138
0.3996655,9.553092e-05
0.399763,3.52684e-05
0.3999678,0.0001081159
0.3999834,0.0001145395
0.4000922,8.651002e-05
0.4001159,8.80873e-05
0.4001662,0.0001363112
0.4001757,4.067667e-05
0.4001983,0.000164385
0.4002002,2.98575e-05
0.4002224,0.000130229
0.400242,8.907569e-05
0.4003516,6.904081e-05
0.4004378,9.595219e-05
0.4005229,7.972267e-05
0.4005283,0.0005433245
0.4005816,9.139277e-05
0.4006422,8.692828e-05
0.4006502,0.0001074013
0.4006661,4.93619e-05
0.4007,3.700037e-05
0.4007461,0.0008302956
0.4008612,6.914072e-05
0.4009196,7.180771e-05
0.4009264,6.087442e-05
0.4009293,9.387897e-05
0.4010288,2.519912
0.4010324,2.082869e-05
0.4010812,0.0002916832
0.4011004,0.000120734
0.4011214,7.284714e-05
0.4011238,8.208794e-05
0.4013213,8.517632e-05
0.4013228,6.766822e-05
0.4013732,3.777821e-05
0.4015273,0.0001005918
0.4017137,7.01383e-05
0.4017819,8.904487e-05
0.4018195,7.933548e-05
0.401873,7.277694e-05
0.4018759,7.502655e-05
0.4018809,9.531654e-05
0.4019017,8.46712e-05
0.4019393,8.852834e-05
0.4019558,9.608422e-05
0.4019704,6.943908e-05
0.4021103,4.441003e-05
0.4021345,0.0002105624
0.4021583,0.000105125
0.4022042,9.10466e-05
0.4022272,8.317325e-05
0.402342,0.0001322127
0.4024227,0.000790461
0.4025357,0.0001338557
0.4025787,6.064121e-05
0.4025923,0.0001996785
0.402643,9.580434e-05
0.4027508,3.169784e-05
0.4028067,9.446708e-05
0.4028143,9.081207e-05
0.4028314,0.0001516565
0.4029792,4.271814e-05
0.4030294,2.74637e-05
0.4030869,7.24383e-05
0.4031985,8.486267e-05
0.4032227,7.698168e-05
0.4034366,0.0001275954
0.4034426,7.028416e-05
0.403471,7.089929e-05
0.403475,0.000129759
0.4035426,0.0001490268
0.403615,0.0001058309
0.4036768,8.935256e-05
0.4037336,9.034297e-05
0.403762,0.0002111972
0.4037839,0.000136665
0.4037989,8.197811e-05
0.4038015,0.0001169246
0.4038075,9.508758e-05
0.4039286,5.244645e-05
0.4039864,0.0001329019
0.4040404,6.716418e-05
0.4041455,1.201093e-05
0.4041522,8.235622e-05
0.4041605,0.0001379405
0.4041941,0.0004116902
0.4042615,2.810766e-05
0.4042855,6.739471e-05
0.4043109,1.19792e-05
0.4043144,0.0001496139
0.4043285,9.345958e-05
0.4044474,0.0004859056
0.4045052,0.0001107703
0.4046161,8.25906e-05
0.4047187,7.893197e-05
0.4047849,2.898406e-05
0.4047994,1.987977e-05
0.4048911,6.793525e-05
0.4050342,8.685234e-05
0.405099,0.0001200722
0.4051683,7.528922e-05
0.4052216,0.0001164265
0.4052794,0.0001135425
0.4052862,0.0001678792
0.4053852,7.179361e-05
0.4054099,4.621682e-05
0.4054271,2.390066e-05
0.4054375,0.0001012989
0.4054561,4.5279e-05
0.4054698,6.356042e-05
0.4055087,4.893177e-05
0.405529,4.423657e-05
0.4055515,3.330132e-05
0.4055745,3.729374e-05
0.4056314,0.0001694103
0.4057142,6.47813e-05
0.4057885,0.0001635406
0.4058051,8.7712e-05
0.4058346,0.0001177032
0.4058619,0.0001462613
0.4059015,8.086188e-05
0.4060035,8.500363e-05
0.4061255,7.097214e-05
0.4061295,6.996873e-05
0.4061579,6.315603e-05
0.4061581,0.0001967022
0.406196,2.323789e-05
0.4062893,6.706535e-05
0.4063592,0.0001060755
0.4063728,8.769403e-05
0.4063903,1.199632e-05
0.406406,8.55949e-05
0.406428,8.999005e-05
0.4064412,6.186411e-05
0.4065315,0.0002108276
0.406602,0.0001351948
0.406691,6.926135e-05
0.4067458,0.0002375674
0.4067589,0.0001918898
0.4067727,2.371172e-05
0.4068289,0.0001111673
0.4068525,1.423792e-05
0.4068736,6.227898e-05
0.4068773,0.0001002164
0.406893,0.0001760429
0.4070361,6.397006e-05
0.4070641,4.300613e-05
0.4070776,8.320333e-05
0.4071836,5.723314e-05
0.4072102,0.0001360929
0.407282,8.351314e-05
0.4073696,0.0001081427
0.4074599,0.0001514992
0.4074864,9.843759e-05
0.4075053,0.003151308
0.4075493,0.0001255077
0.4075644,8.054807e-05
0.4075998,7.278955e-05
0.4076164,0.000136861
0.4076564,0.0002446519
0.407701,8.902476e-05
0.4077031,0.0001216478
0.4077106,8.026428e-05
0.4078176,0.000102085
0.4079461,8.045973e-05
0.4079544,8.483118e-05
0.407986,0.0001022291
0.4079997,0.0001112927
0.4080346,9.605123e-05
0.4080489,7.657901e-05
0.4080613,0.0001214413
0.4080921,0.0003244265
0.4081641,9.616745e-06
0.4081726,8.400057e-05
0.4081977,9.315387e-05
0.4082272,0.0001611919
0.4083226,7.884778e-05
0.4083501,9.52872e-05
0.4083622,6.310068e-05
0.408445,8.10491e-05
0.4084674,9.059982e-05
0.4084795,0.0003814489
0.4085774,1.031939e-05
0.408611,8.267668e-05
0.4087045,0.000207127
0.4087046,8.506931e-05
0.4087141,9.322903e-05
0.4087559,4.833744e-05
0.4088356,8.901364e-05
0.4088405,0.0001392133
0.4088685,1.366386e-05
0.4088853,0.000111118
0.4089876,0.0001316432
0.4090082,6.560399e-05
0.4090628,8.361194e-05
0.4091104,0.000142436
0.4091952,0.0001468072
0.4092098,7.209058e-05
0.409273,0.0001413638
0.4092924,0.0001024976
0.409438,7.573899e-05
0.4094417,9.141045e-05
0.4094446,9.723871e-05
0.4094999,6.223621e-05
0.4095017,9.934293e-05
0.4096012,6.558515e-05
0.4096124,0.0001353837
0.4096343,7.204618e-05
0.4097169,8.41628e-05
0.4097412,8.61996e-05
0.4098472,6.914829e-05
0.4099168,0.0001025374
0.4100079,8.571604e-05
0.4100531,0.0001107684
0.410092,0.0001082693
0.4101013,7.053209e-05
0.4101076,8.029315e-05
0.4101163,7.701608e-05
0.4101409,0.0001343862
0.4101432,8.6662e-05
0.4101473,7.603171e-05
0.4101824,0.0001440452
0.4101959,0.0001165659
0.4102179,0.000531453
0.4102342,0.0001009433
0.4102993,0.0001567974
0.4103433,9.430372e-05
0.4104122,7.243227e-05
0.4104667,0.0001237271
0.4104901,0.0001257373
0.4105143,6.203941e-05
0.4105351,6.495854e-05
0.4106228,7.39814e-05
0.4106321,5.882334e-05
0.4106547,6.760103e-05
0.4107518,0.000109455
0.4107531,5.357617e-05
0.4108821,6.355786e-05
0.4109107,7.577423e-05
0.4109348,0.0001511451
0.4110247,8.133354e-05
0.4111728,0.0001079451
0.4111747,4.868234e-05
0.4112236,9.679041e-05
0.4112377,8.187206e-05
0.4112503,7.971673e-05
0.4113992,8.693906e-05
0.4114286,6.441017e-05
0.4114428,0.0001111006
0.4114618,0.0001509403
0.4115296,9.908511e-05
0.4115392,8.575107e-05
0.4116314,9.123824e-05
0.4117092,0.0001173197
0.4117664,9.937473e-05
0.411814,0.0001654594
0.4118528,8.095118e-05
0.4120708,0.0001138239
0.4121166,0.0001556679
0.4121174,6.539519e-05
0.4122469,1.376657e-05
0.4122505,0.0001316106
0.412297,8.060579e-05
0.4123181,9.13808e-05
0.4123699,9.869735e-05
0.4123921,6.074045e-05
0.412446,7.892528e-05
0.412529,6.740971e-05
0.4125355,0.0002436186
0.4125476,9.779542e-05
0.4126192,8.043708e-05
0.4126914,0.0001415386
0.4127111,0.0001448755
0.412727,0.0001017674
0.4127384,0.0001052189
0.4128926,7.385586e-05
0.4129484,0.0003702741
0.4129542,7.46323e-05
0.4129778,7.857354e-05
0.4130282,0.0001273631
0.4130583,8.199891e-05
0.413079,0.0001011832
0.4131401,6.80095e-05
0.4132537,7.681244e-05
0.4132634,0.0001026544
0.4133314,8.170419e-05
0.4133636,0.0001023911
0.4134034,9.037116e-05
0.4134165,8.439304e-05
0.4134438,0.0003091545
0.4135123,1.294875e-05
0.4135138,0.0001480984
0.4135611,8.625247e-05
0.4135803,6.308931e-05
0.4135845,9.003072e-05
0.4136088,0.0001250003
0.4138122,7.985005e-05
0.4138494,0.00013875
0.4139077,1.316773e-05
0.4140556,8.749755e-05
0.4141095,7.37344e-05
0.4141227,5.673073e-05
0.4141851,8.810055e-05
0.4142063,9.282526e-05
0.4142276,0.0001043779
0.4142342,5.35435e-05
0.4144374,7.149603e-05
0.4145717,6.630701e-05
0.4146003,9.475106e-05
0.4146573,7.493734e-05
0.4146879,9.64061e-05
0.4146977,9.933316e-05
0.4147213,9.611747e-05
0.4149476,8.698268e-05
0.4151392,7.417962e-05
0.415154,7.695078e-05
0.4152393,7.185761e-05
0.4153013,0.0001048972
0.4153237,4.282815e-05
0.4154039,0.000105608
0.4154131,5.968774e-05
0.41544,6.483504e-05
0.4155618,7.265212e-05
0.4157629,0.0001361049
0.415818,7.46976e-05
0.4158567,0.0001066755
0.4159693,9.026236e-05
0.416014,0.0001052802
0.4160936,9.575e-05
0.4160971,0.000147949
0.4161086,0.0001091781
0.4161196,8.710372e-05
0.4161249,0.0001794129
0.4161481,4.927217e-05
0.4162602,5.063909e-05
0.4163531,4.713353e-05
0.4163578,8.777001e-05
0.4165507,8.850865e-05
0.4165564,2.000874e-05
0.4165867,0.0001495059
0.4166751,8.780195e-05
0.4166965,7.814557e-05
0.416765,0.0001251484
0.4168397,8.571871e-05
0.4168795,8.607691e-05
0.4169061,0.0001487939
0.4169795,0.0001521935
0.4170122,1.323086e-05
0.4171004,0.0001046152
0.4171163,8.305877e-05
0.4171314,9.42195e-05
0.4171327,8.68686e-05
0.4171589,0.0001011774
0.4172077,9.618082e-05
0.4172204,8.201666e-05
0.4172279,2.030911e-05
0.4172443,0.0001141551
0.4173094,7.121359e-05
0.4173389,0.0001040383
0.417441,0.0001252784
0.417548,0.0001214736
0.4175955,0.0004105243
0.4175977,3.369778e-05
0.4176442,6.849353e-05
0.417737,8.146153e-05
0.4178216,3.804409e-05
0.4178606,0.0001493245
0.4178731,5.921326e-05
0.4178888,9.814518e-05
0.4178922,5.093597e-05
0.4179016,0.0001406096
0.4179825,7.898446e-05
0.4180197,0.0001077626
0.4180311,0.0003770879
0.418105,7.604867e-05
0.4181549,9.2294e-05
0.4181859,0.0001587129
0.418222,6.267906e-05
0.4182248,0.0001110608
0.4182359,8.388494e-05
0.4182796,0.0001404133
0.4183143,7.841728e-05
0.4183774,0.0002982132
0.418382,0.0001237461
0.4184573,7.027092e-05
0.4184854,0.0001090029
0.4185286,0.0002047162
0.4185737,0.0001217273
0.4185899,7.525962e-05
0.4187098,0.0001020249
0.4187163,0.0001027887
0.4187766,0.0001036446
0.4187824,9.618239e-05
0.4187959,0.0001297087
0.4189355,7.054409e-05
0.4190601,8.459821e-05
0.4190671,2.902377e-05
0.4191171,9.66726e-05
0.419211,0.0001502645
0.4193287,0.0002254068
0.4194495,0.0001233119
0.4195463,0.1028734
0.4196617,0.0001104728
0.4196668,0.0001967744
0.4196734,0.0001376169
0.4196759,9.506437e-05
0.4197651,8.249602e-05
0.419801,0.0001041149
0.4198232,0.000123543
0.4198263,7.495677e-05
0.4198759,0.0001542185
0.4198842,0.0001292211
0.4198951,0.0004174497
0.4198993,0.0001214217
0.4200409,0.0001518013
0.420044,6.497974e-05
0.4201948,0.000128416
0.4201978,9.813421e-05
0.4202653,2.546808e-05
0.4202659,8.407889e-05
0.420292,0.0005262638
0.4203247,0.0001308832
0.4203914,0.0001305155
0.4204139,9.801368e-05
0.4204152,0.0001545796
0.4204348,4.778753e-05
0.4204691,0.0001110891
0.4205223,0.2014483
0.4205261,7.287897e-05
0.420566,9.486847e-05
0.4205677,0.0001302954
0.4205933,0.000110424
0.4206265,0.0001176422
0.4207014,0.0001483953
0.4208412,0.0001319424
0.4208922,1.194856e-05
0.4208981,0.0001284877
0.4209164,0.0001156907
0.4209357,6.12739e-05
0.4209791,0.000113958
0.4210215,2.732511e-05
0.4210552,1.633284e-05
0.4210669,8.75551e-05
0.4211304,0.0001073155
0.4211439,9.422612e-05
0.4211617,2.270662e-05
0.4211653,0.0001314852
0.4212001,9.697181e-05
0.4212025,5.221938e-05
0.4212247,0.0001871882
0.421596,8.610184e-05
0.4216263,0.0002135844
0.4216315,0.0001285761
0.4216444,0.0002065545
0.4216692,9.3555e-05
0.4216895,7.138091e-05
0.4216955,0.0001682896
0.4216975,9.891617e-05
0.421765,0.0001145945
0.4217671,0.0001139878
0.421836,0.0001069547
0.4218377,6.976812e-05
0.4218705,7.894244e-05
0.4219743,9.289166e-05
0.42198,0.0001465561
0.4220169,4.247006e-05
0.4220917,0.0001882944
0.4222521,7.728396e-05
0.4223314,0.0002169799
0.422353,2.741688e-05
0.4224205,9.989628e-05
0.4224704,0.0001907324
0.4225536,0.0004229419
0.4225593,0.0001214132
0.4225647,7.30636e-05
0.4226722,9.636977e-05
0.4227908,9.360911e-05
0.4228686,0.0001415451
0.4229629,6.764568e-05
0.4229635,0.0001621318
0.4229988,0.0001121528
0.4230878,0.0001064878
0.4232139,0.0002297621
0.4232919,0.0001088741
0.423354,0.0001020587
0.4233583,0.0001190215
0.4233614,8.887907e-05
0.4234047,6.46996e-05
0.4234169,0.0001041201
0.4234462,0.0001104696
0.4235962,9.323136e-05
0.423618,9.223356e-05
0.4236199,0.0001220765
0.4236202,4.94986e-05
0.4236267,0.0001395293
0.4236499,9.097606e-05
0.4236748,5.023135e-05
0.4236972,0.000174722
0.4237403,0.0001297093
0.4238441,0.0001193515
0.4239633,9.634493e-05
0.4239808,8.702096e-05
0.4240521,6.019179e-05
0.4240675,0.0001177588
0.4241757,0.0001363044
0.4242425,9.133449e-05
0.4243679,0.0001318589
0.4244109,8.389019e-05
0.4244138,0.0001104861
0.42442,6.785707e-05
0.4244499,7.47072e-05
0.4246058,0.0001911584
0.4246801,0.00011391
0.4246822,0.0001330584
0.4247877,0.0001175214
0.4248028,0.0001093179
0.4249559,0.0001353005
0.4250745,0.0001336629
0.4251433,9.001581e-05
0.4251532,0.0001268663
0.4252146,8.82017e-05
0.4253761,0.0001097859
0.4253882,0.0002178554
0.4254575,0.0002248033
0.4254707,8.487087e-05
0.4254922,0.0001138196
0.4255018,0.0001073598
0.4255211,0.0001016188
0.4255498,5.655504e-05
0.4255648,0.0001684706
0.425588,8.574323e-05
0.4256046,9.092699e-05
0.4256058,7.089074e-05
0.4256221,0.0001333591
0.425634,8.943398e-05
0.4256563,9.68917e-05
0.425733,0.0001091436
0.4257706,7.488549e-05
0.4258069,5.378604e-05
0.4258547,6.862184e-05
0.4258634,0.000136764
0.4258923,7.805015e-05
0.4259171,0.000101873
0.4259333,9.066045e-05
0.4259461,6.476846e-05
0.4259723,9.592487e-05
0.4259804,0.0001510188
0.4260837,0.0001029188
0.4260933,6.301374e-05
0.4261102,8.427389e-05
0.4261796,0.0001309785
0.4261985,0.0001421373
0.4262205,9.446182e-05
0.4262583,7.067007e-05
0.4263336,0.0001236612
0.4264093,0.0001725118
0.4264835,0.0001758458
0.4265268,0.000149679
0.4265777,0.0001582779
0.426585,9.340917e-05
0.4265922,0.0001516158
0.4266056,0.0001198244
0.4266068,6.441643e-05
0.4266889,0.0001452909
0.4267059,0.0003403758
0.4268399,8.921e-05
0.4268437,7.584433e-05
0.4268469,0.0001136578
0.4269665,8.992401e-05
0.4269882,0.0001917317
0.4270361,0.0001182045
0.4270526,0.0001239172
0.4271036,9.477259e-05
0.4272106,3.455701e-05
0.427225,4.513799e-05
0.4273742,9.446241e-05
0.427399,7.81396e-05
0.4275074,0.0001232048
0.4276167,6.454465e-05
0.4276552,8.176903e-05
0.427685,9.747101e-05
0.4277135,9.751131e-05
0.4277229,7.840856e-05
0.4277334,8.595242e-05
0.4277383,9.563086e-05
0.4278124,6.99006e-05
0.4278145,0.0001589944
0.4278257,7.823289e-05
0.4278753,0.0002092358
0.4278966,9.435919e-05
0.4280711,0.106644
0.42809,0.0001136534
0.4281058,0.0001072401
0.4281061,0.0001059215
0.4281706,0.0001302016
0.4282795,7.300726e-05
0.4282938,8.113292e-05
0.4283303,0.0001162059
0.4283324,4.651814e-05
0.4283403,7.004105e-05
0.4283846,0.0001318852
0.4283855,8.975157e-05
0.428431,2.535342e-05
0.4285201,7.631006e-05
0.428609,0.0001351674
0.4286453,0.0001288332
0.4286645,0.0001234901
0.4288902,0.0001257875
0.4289036,0.0001332158
0.4289441,0.0001153972
0.4290429,0.0001018006
0.4290724,8.876285e-05
0.4290738,8.598901e-05
0.4290828,8.319581e-05
0.4291101,9.189516e-05
0.4291109,9.503866e-05
0.4292133,0.0002683935
0.4292263,8.187423e-05
0.4293112,0.0001356384
0.4294201,4.900269e-05
0.4294911,9.265797e-05
0.4295226,9.360658e-05
0.4295502,0.0001232496
0.4298202,6.289156e-05
0.4298926,9.007283e-05
0.4299181,0.0001003746
0.4299204,0.0001583865
0.4300321,0.0001093775
0.4300727,7.597714e-05
0.4300931,0.0001162017
0.4302591,8.693416e-05
0.4302782,0.0001085677
0.4303316,0.0001034489
0.43034,0.000125077
0.430516,6.779771e-05
0.4305383,0.000117161
0.4306185,0.0001018159
0.4307291,9.202528e-05
0.4307708,0.0001080818
0.430813,3.412927e-05
0.430899,8.159495e-05
0.4309285,9.58705e-05
0.4310269,0.0001064969
0.4310452,0.0001231774
0.4310524,0.0002050824
0.431159,0.0001404884
0.4312736,0.0001187522
0.4312801,0.0001239598
0.4312826,0.0001335156
0.4312907,9.013082e-05
0.4312916,8.785985e-05
0.4313098,7.65055e-05
0.431384,0.0001362251
0.4313909,4.464048e-05
0.4313937,0.0001300641
0.4314019,0.0001227884
0.4314113,0.0001065334
0.4314893,0.0001068051
0.4315028,8.140734e-05
0.4316211,9.516683e-05
0.4316643,8.163226e-05
0.4316653,2.649655e-05
0.4317003,0.0001542032
0.4317027,0.000107756
0.4317506,0.0001208949
0.4317972,0.0001223237
0.4319005,9.927855e-05
0.4319377,0.0001997961
0.4320526,0.0001362984
0.43208,8.607843e-05
0.4321088,0.000103196
0.4321234,0.0001331632
0.4321667,0.0001901727
0.4321813,0.0001087513
0.4322363,0.0001860869
0.4322681,9.986545e-05
0.4323196,0.0002240648
0.4323716,7.728585e-05
0.4324618,8.592112e-05
0.4325202,0.0001065116
0.4325303,0.000183537
0.4325542,9.453711e-05
0.4325861,0.0003407381
0.4326604,8.47194e-05
0.4326647,0.0001137038
0.4327305,0.0001106729
0.4327419,0.0001254607
0.4327976,8.489146e-05
0.4328237,0.000132325
0.4329019,0.0001451188
0.4331577,8.830283e-05
0.4332019,0.0001193973
0.4332519,0.0002734058
0.4333119,9.602341e-05
0.4333185,0.0001053149
0.4334081,0.0001702724
0.4335009,4.636141e-05
0.433562,0.0001167162
0.4338123,8.374304e-05
0.433837,0.0001198469
0.4338802,0.0001277649
0.4338832,5.560816e-05
0.433933,8.555869e-05
0.4339465,7.287871e-05
0.4339986,0.0001154119
0.434003,7.738825e-05
0.4340194,7.48754e-05
0.4340263,0.0001176597
0.4340664,9.469655e-05
0.434079,0.0001464008
0.4340961,0.0001426294
0.4342575,0.0001693171
0.4342677,0.0001268626
0.4343162,3.272468e-05
0.434429,0.000170777
0.4344676,9.385199e-05
0.4345098,0.0001150214
0.4345222,8.466472e-05
0.4345461,9.75085e-05
0.434616,8.388098e-05
0.4346622,0.0001139547
0.4346795,0.0003861965
0.4346882,5.718968e-05
0.434697,9.493557e-05
0.4347234,9.224039e-05
0.4348311,1.279243e-05
0.4348355,0.0001742336
0.4348406,7.024944e-05
0.4348483,7.819784e-05
0.4348716,9.402575e-05
0.4349422,0.0001367402
0.434977,0.0001596598
0.4350496,0.0001072867
0.4350632,3.292021e-05
0.4351114,8.514678e-05
0.435137,0.0002119983
0.4351392,4.659803e-05
0.4351717,8.681929e-05
0.4352767,0.000127823
0.4353657,0.0001329905
0.4353855,7.574904e-05
0.435439,5.113533e-05
0.4354479,4.164949e-05
0.4355554,8.91626e-05
0.435562,8.922931e-05
0.435571,0.0001018564
0.4355915,0.0002933589
0.4356211,0.0001293747
0.4356491,0.0001784272
0.4356591,0.0002123789
0.4356757,0.0003794923
0.4356847,0.000328532
0.4357133,6.838234e-05
0.4357644,0.0001330709
0.4357798,0.0001138071
0.4358982,0.0001361645
0.4359185,9.134431e-05
0.4359326,0.000143888
0.4359356,6.999275e-05
0.4359728,8.131935e-05
0.4359844,4.856463e-05
0.4360116,0.0005113876
0.4360934,9.903406e-05
0.4361695,0.0002725427
0.436237,0.0001090959
0.4362444,0.0001175622
0.4363291,0.0001292104
0.4363595,0.0001760126
0.4363976,0.0001147134
0.4365211,2.59526e-05
0.4365869,4.25731e-05
0.4366427,6.987069e-05
0.4366697,0.0001485299
0.4367871,0.000122442
0.4368382,9.729478e-05
0.4369664,7.849194e-05
0.4369809,0.000112764
0.4369921,8.434818e-05
0.4370201,3.099496e-05
0.4370384,0.0001286542
0.4370424,0.0002486545
0.4370693,8.688786e-05
0.4370917,8.43286e-05
0.4371106,1.705556e-05
0.4371193,0.0001075333
0.4371271,0.000121643
0.43735,0.0001209481
0.4374313,0.0001664335
0.4374408,9.438185e-05
0.4374492,0.0001007828
0.4374662,5.652546e-05
0.4375233,6.989491e-05
0.4375638,0.0001341769
0.4375742,5.680922e-05
0.4375992,0.0001435637
0.4376808,0.0002544423
0.4377239,0.0001150004
0.437808,0.000140029
0.4378344,0.0001151035
0.4378693,0.0001212744
0.4378728,8.055243e-05
0.4378912,0.0001417688
0.4379065,8.595278e-05
0.4379181,8.444862e-05
0.4379349,0.0001366584
0.437943,0.0001152039
0.4380237,0.000101688
0.4380409,8.838329e-05
0.4380449,0.000118671
0.4382611,5.201269e-05
0.4382794,0.0001319091
0.4383044,7.018614e-05
0.4383138,0.0001130191
0.438329,9.798097e-05
0.438342,0.0001010349
0.4383463,0.0001207339
0.4383866,0.0001279155
0.4384658,0.0001107153
0.438469,0.000101716
0.4384989,7.865706e-05
0.4385321,2.322277e-05
0.4386007,0.0001823644
0.4386878,0.0001114381
0.4387554,0.0001153663
0.4387704,0.00016969
0.4387727,0.0001052729
0.4387886,0.0001259333
0.4388013,8.973746e-05
0.4388063,0.000305452
0.4388396,9.951441e-05
0.438843,0.0007062876
0.4388763,0.000101439
0.4389038,0.0001251855
0.4389473,0.0001277104
0.4389784,8.248468e-05
0.4390842,0.0003562267
0.4391683,9.757117e-05
0.4392093,6.406059e-05
0.43926,0.0001078515
0.4393349,0.000138436
0.4393639,0.0001157501
0.4393847,0.000115523
0.4394015,2.138299e-05
0.4394113,0.0001166261
0.4395878,0.0001249352
0.4396513,0.0001074192
0.439696,0.0002024894
0.4397404,0.0001342506
0.4397615,9.783483e-05
0.4397963,6.503246e-05
0.4398459,6.490727e-05
0.4398784,0.0001574409
0.4399503,0.0001888305
0.4399811,2.781088e-05
0.4399973,0.0001569094
0.4400401,0.0001484123
0.4402649,0.000113369
0.4402774,0.0002697703
0.4402786,0.0001203423
0.4403164,0.0001155267
0.440361,0.0001536803
0.440484,5.651751e-05
0.4404891,0.0001014478
0.4405179,7.976119e-05
0.4405254,0.0004839484
0.4405343,6.277036e-05
0.4405614,8.673044e-05
0.440615,0.0001245616
0.4406567,0.0001878193
0.4407558,9.492043e-05
0.440764,9.831023e-05
0.4407685,4.750304e-05
0.4408086,6.555676e-05
0.440831,0.0001670336
0.4408389,0.0001219286
0.4408465,9.21834e-05
0.4409436,9.165794e-05
0.4409541,0.000182473
0.4409743,0.0001160501
0.4409846,0.000132827
0.4410073,0.0001084827
0.4410304,0.0001751824
0.4410433,0.0001752528
0.4410523,0.0001137774
0.4411064,8.285063e-05
0.4411517,0.0001003768
0.4411556,0.0001562096
0.4412695,0.0001059295
0.441287,9.847715e-05
0.441354,0.0001073036
0.4413756,0.0003726756
0.4414796,9.439667e-05
0.4414848,0.0001570302
0.4414984,0.0001521324
0.4415095,0.00012316
0.4415407,0.0001404251
0.4415526,9.4038e-05
0.4415675,0.00020306
0.4416308,0.0001339555
0.4416344,0.000109788
0.4416882,0.0001559067
0.4417136,0.0001392334
0.4418316,0.0001171628
0.4418904,0.0001122793
0.4418938,0.0002147834
0.4419525,0.000110493
0.4419701,9.469254e-05
0.4419713,0.0001545764
0.4420198,0.000154646
0.442068,0.0001097635
0.4420971,0.0001312154
0.4421518,9.11552e-05
0.442218,3.998481e-05
0.4422516,9.694845e-05
0.4422649,0.0001077136
0.4423233,7.811099e-05
0.442349,8.498778e-05
0.4423783,0.0001002942
0.4423828,0.0001007271
0.4423858,0.0001416042
0.4424034,7.892887e-05
0.442429,7.840469e-05
0.442546,0.000129141
0.4426197,0.0001465787
0.4426248,8.239705e-05
0.4426281,9.518822e-05
0.4426333,0.0001019004
0.4426546,0.0001186355
0.4426887,0.0001131641
0.4427749,0.0001948491
0.4428171,9.307503e-05
0.4428294,8.513495e-05
0.4428688,6.650056e-05
0.4429159,0.0001370254
0.4429521,0.7276813
0.4429574,0.0001169174
0.4429796,7.22983e-05
0.4429964,0.0001029744
0.4430032,0.0001934372
0.4430693,9.408905e-05
0.4430922,0.0001074623
0.4432021,0.0001105509
0.4432446,0.0001019305
0.4433223,0.000101586
0.4433385,0.0001149458
0.4433482,0.0001993063
0.4433525,9.702386e-05
0.4433859,0.0001102657
0.4433891,8.798049e-05
0.4434013,0.0002361691
0.4434704,0.0001212105
0.4435088,0.000113417
0.4435474,0.0001049025
0.4436051,0.0002041781
0.4436064,9.151873e-05
0.4436235,0.000117166
0.4436491,0.0001133565
0.4436589,9.928109e-05
0.4436925,0.0002045849
0.4437522,0.0001617073
0.4438024,8.334126e-05
0.443904,3.127844e-05
0.4439607,9.987684e-05
0.4439624,0.0001173449
0.4439706,7.971156e-05
0.4440304,8.332587e-05
0.4440786,0.0001108312
0.4440819,8.623491e-05
0.4441074,0.0001291082
0.4441398,0.0001034143
0.4441829,0.0001416213
0.4441885,0.0001538446
0.4442166,0.0001187536
0.4442694,0.0001861323
0.4443365,0.0001225394
0.4444056,8.397643e-05
0.4445266,8.603288e-05
0.4445745,2.823519e-05
0.4446262,8.829817e-05
0.4446285,0.0001692903
0.4447609,8.913862e-05
0.4447941,0.0001380287
0.4448234,8.58817e-05
0.4448251,6.167126e-05
0.4448466,7.797554e-05
0.4448969,9.223235e-05
0.4449095,8.299276e-05
0.4449461,0.0001576065
0.4449994,7.44725e-05
0.4450212,9.765031e-05
0.4450308,0.0001228297
0.4450809,9.931186e-05
0.4450818,0.0003333412
0.4450945,0.0004601849
0.4450947,0.0001137153
0.4451675,0.0001207211
0.445187,0.0001009701
0.4451965,2.59995e-05
0.4452259,0.0001071394
0.4452704,0.0001015651
0.445338,0.0002108407
0.4453649,0.0001914372
0.4454211,8.005739e-05
0.4454496,0.0001455231
0.445523,0.0001561045
0.4455744,0.0001620099
0.4455878,0.0001159971
0.4456254,2.167274
0.4456265,0.0001259783
0.4456846,0.0001214168
0.4458086,0.0001183658
0.4458721,0.00025059
0.4458806,0.0001396196
0.4458897,0.0001095227
0.445904,0.0001325594
0.4459134,9.446232e-05
0.4459341,0.0001115775
0.4459449,0.0001513543
0.4460315,0.0001156188
0.4460368,0.000105885
0.4461043,0.000137706
0.4461314,0.0001929226
0.4461527,1.820511e-05
0.4462022,7.838206e-05
0.4462261,0.0001405069
0.4462479,7.925463e-05
0.4463512,9.028639e-05
0.44638,0.0001296242
0.4464278,7.702849e-05
0.446497,0.000140427
0.4465512,2.114969e-05
0.4466201,0.0001283154
0.446655,9.67063e-05
0.446772,0.0001473253
0.4467792,0.0001241319
0.4468676,0.0001211638
0.446873,9.655327e-05
0.4468779,0.0001046521
0.4468864,0.0001116384
0.4469165,0.0001651666
0.446918,0.0001444154
0.446934,0.0001548037
0.4469649,0.0001211585
0.4469667,9.887382e-05
0.446974,0.0001213762
0.4470951,0.0001216267
0.4471107,0.00014796
0.4471524,8.094543e-05
0.4471706,0.0001327173
0.447214,8.170446e-05
0.4472437,0.0001413521
0.4472476,8.383883e-05
0.4472476,0.000174066
0.4472665,0.0001267312
0.4472793,0.0001095964
0.4473489,9.356996e-05
0.4473925,1.148457e-05
0.4474202,7.534909e-05
0.4474323,0.0001100742
0.4474484,0.0001075666
0.4474644,0.0001239699
0.4474709,0.0001017936
0.447482,9.430595e-05
0.4475086,8.207326e-05
0.447526,0.0001179672
0.4475357,7.585739e-05
0.4475493,0.0001245895
0.4475505,0.0001136833
0.4475806,0.0001074336
0.4475934,0.0001197763
0.4476402,0.0001260305
0.4476817,0.0001904822
0.4477026,7.695248e-05
0.4477105,7.780946e-05
0.4477203,0.000150637
0.4477216,0.0001597738
0.4477449,0.0001367228
0.4477632,0.0001171356
0.4477828,0.000143526
0.4478834,8.053362e-05
0.4479088,0.0001261644
0.4479128,0.0001306582
0.4479222,0.0001173504
0.4479278,0.0001169081
0.4479403,0.0001008687
0.4479414,0.0001331819
0.4479796,0.00017954
0.4479974,0.0001138506
0.4480428,6.307216e-05
0.4481142,0.0001507011
0.4481423,0.0001426414
0.448189,0.0001371644
0.4482265,0.0001136418
0.4482419,0.0001259265
0.4482492,7.915062e-05
0.4483054,3.077141e-05
0.4483628,0.0001019509
0.4483638,5.836697e-05
0.4483976,5.649262e-05
0.4484223,0.0001112424
0.4484562,0.0001116881
0.4485017,8.819783e-05
0.4485154,0.0001227853
0.448516,0.0003415374
0.4485354,9.098864e-05
0.4485358,0.0001600574
0.4485664,0.0001287477
0.4486152,8.062932e-05
0.4486564,0.0001107085
0.4486983,0.0001337352
0.4487482,0.000117526
0.4487706,7.626932e-05
0.4487713,8.596716e-05
0.4487717,0.0001279963
0.4487993,9.852168e-05
0.4488164,0.0001036178
0.4488201,0.0001038685
0.4488262,8.513367e-05
0.4488538,0.0001047075
0.4488749,0.0001238722
0.4488816,0.000107517
0.4489342,0.0001463655
0.4489581,0.0001631095
0.4489743,0.0001111074
0.4490784,0.0002445735
0.4490955,0.0001905166
0.4491194,0.0001094736
0.4491405,8.275912e-05
0.449294,0.000105507
0.4492964,0.0001418321
0.4493372,0.0001350217
0.4493948,0.0001464104
0.4495781,8.12686e-05
0.4495835,0.0001157057
0.4496164,0.0001003196
0.4496366,0.0001031653
0.4496633,0.0001023751
0.4497279,0.0002299007
0.4497842,0.0001650904
0.4498054,0.0001094406
0.4498333,0.0001826192
0.4498346,0.0001438116
0.4498436,0.0003980854
0.4498596,0.0001514496
0.4499221,1.600578e-05
0.4499229,0.0001010205
0.4499531,0.0001038447
0.4499895,0.0001140948
0.4499956,4.13171e-05
0.4500728,0.0001556843
0.4500783,5.094424e-05
0.4501421,0.0001258009
0.4501669,0.000278887
0.450196,0.000144526
0.4502053,0.0001365872
0.4502265,8.621506e-05
0.4502585,1.429101
0.4502726,0.0001331428
0.4503405,0.0001762636
0.4503605,0.0001335328
0.4503822,5.791197e-05
0.4504234,0.0001072822
0.4504841,0.0001367953
0.4505054,0.0001214059
0.4505157,0.0001019455
0.4505403,0.0001518603
0.4505728,0.0001047963
0.4506085,9.369232e-05
0.4507199,0.0001099498
0.4507265,0.0001189031
0.4508331,0.0001306952
0.4508578,4.915421e-05
0.4508874,0.000129282
0.450923,9.984746e-05
0.4509254,0.0001029607
0.4509668,0.0001443328
0.4509766,0.0001364497
0.4510697,0.0001629124
0.4511015,8.800844e-05
0.4511217,8.177452e-05
0.4511269,0.0001984457
0.45115,0.0001285601
0.4511681,0.0001703199
0.4512945,0.0001043862
0.4513173,5.436215e-05
0.4513332,0.0001016125
0.4514333,8.945473e-05
0.451437,0.0001185455
0.4514613,0.0001271137
0.4514753,0.0001639782
0.4514888,0.0001879981
0.4514965,0.0001410228
0.4515459,9.340649e-05
0.4515767,4.360035e-05
0.4516001,1.651685
0.4516172,0.000106757
0.4516612,8.744319e-05
0.4517198,0.0001062108
0.4517325,0.0001121109
0.4517542,0.0001257476
0.4517725,5.687248e-05
0.4518246,0.0001126971
0.4518298,7.596276e-05
0.4518442,8.356912e-05
0.4518532,5.471005e-05
0.4519178,0.0001345551
0.4519266,0.0001281492
0.4519607,0.0002202867
0.4519762,0.0001076582
0.4519899,0.0001186196
0.4519955,7.264486e-05
0.4520201,0.0001423858
0.4520271,0.0001271534
0.4520451,0.0001152976
0.4520903,6.841278e-05
0.4521037,0.0001299738
0.4521157,0.0001251743
0.4521411,0.0001235988
0.4521743,0.0001385065
0.4522594,0.000120131
0.4523189,0.0002365247
0.4523264,0.0001799692
0.4523285,0.0001197967
0.4523365,6.11545e-05
0.4524153,0.0001144533
0.4524351,0.0001086376
0.4524736,0.0001301795
0.4525109,0.0001095074
0.4525362,0.0001461558
0.4525602,0.0001275765
0.4526538,7.32626e-05
0.4526773,8.278692e-05
0.4526806,9.552111e-05
0.4526878,0.0001232741
0.4526995,0.0001312179
0.4527328,9.308573e-05
0.4527658,7.308536e-05
0.4527771,0.0001013542
0.452778,0.0001298399
0.4529321,8.300844e-05
0.4529439,0.1728324
0.4529535,0.0001196566
0.4529592,0.000122027
0.4529898,0.0001043063
0.4530632,6.49201e-05
0.4530763,7.914945e-05
0.4531443,0.0001157101
0.4532538,0.0001113584
0.453291,9.837747e-05
0.4532947,9.901371e-05
0.4533062,0.0002102506
0.4533145,6.294462e-05
0.4533998,0.0001108236
0.4534004,9.120561e-05
0.4534578,0.0001175243
0.4535443,5.420566e-05
0.4535716,0.0002803492
0.4537232,0.0001077774
0.4537281,9.096278e-05
0.453737,0.0001431623
0.4537466,7.547191e-05
0.4537537,0.0001068426
0.4537632,0.0002548254
0.4537682,0.0001154964
0.4538605,5.374079e-05
0.4539139,9.763311e-05
0.4539515,0.0001107232
0.4539602,0.0001695204
0.453964,0.3265753
0.4539797,9.599923e-05
0.4539803,2.73845e-05
0.454063,0.0001265647
0.4541327,0.0001032047
0.4541389,0.0001337424
0.4541548,7.837884e-05
0.4542729,0.0001212105
0.4542793,0.0001078317
0.4543189,6.189653e-05
0.4543199,0.0002070949
0.4543288,0.0001118531
0.4543308,0.0001109533
0.4543327,7.621734e-05
0.4543673,0.000102457
0.4543828,9.158244e-05
0.4544358,0.0001282318
0.4544455,0.000139502
0.4544966,0.0001029053
0.4545307,5.974722e-05
0.4545336,0.0001458165
0.4545635,0.0001205472
0.454576,0.0001438927
0.4546268,0.0001097355
0.4547372,0.0001037457
0.4547598,0.0002076876
0.4547959,8.29343e-05
0.4548117,0.0001091538
0.4548785,0.0001458352
0.4549225,0.0002088882
0.4549971,9.337426e-05
0.4550181,9.938509e-05
0.4550229,9.563016e-05
0.4551467,0.0002044078
0.4551628,0.0001604073
0.4552491,1.669468e-05
0.4552523,8.164265e-05
0.4553294,0.0001387462
0.4554348,0.0001489222
0.4555333,9.68267e-05
0.4555569,0.0001163292
0.4555736,0.0001709873
0.4556398,0.0001023032
0.4556811,0.0001211657
0.4558141,0.0001023775
0.4558688,0.0001269894
0.4558984,0.0001942834
0.4558994,0.0002027322
0.455909,0.0001387189
0.4560259,0.0001064149
0.4560277,0.000108094
0.456044,0.0002270289
0.4560623,0.0001259336
0.4560869,9.76714e-05
0.4560909,0.000128315
0.4561177,6.537378e-05
0.4561467,3.644939e-05
0.4562028,9.944729e-05
0.4563572,8.487261e-05
0.4563661,0.0001016128
0.4564027,9.912488e-05
0.4564248,0.0001267912
0.4564448,3.819926e-05
0.4564564,7.890965e-05
0.4564576,0.0001330472
0.4564794,0.0001234945
0.4566313,0.00011573
0.4566771,0.0002087344
0.4566813,9.762995e-05
0.4566884,0.0001191398
0.4566942,0.0001178742
0.4567725,0.0001173087
0.4568113,0.0001699729
0.4568115,0.0001177258
0.456848,9.577698e-05
0.4568623,0.0001123829
0.4568864,0.0001562612
0.4568944,6.98943e-05
0.4569009,0.0001300774
0.4569584,2.786275e-05
0.4570181,8.759174e-05
0.4570359,0.0001536491
0.4570691,0.0001125789
0.4570883,0.0001035813
0.4571095,0.000129303
0.4571822,9.005713e-05
0.4571895,0.0001049076
0.4572209,2.248894e-05
0.4572726,0.0001197569
0.4572813,7.147047e-05
0.4572951,0.0001323923
0.4573222,0.000119145
0.4573265,8.199759e-05
0.4573953,0.0001098639
0.457397,9.164024e-05
0.4573976,0.0002067647
0.4574029,0.0001249616
0.4574185,0.0001298831
0.4574414,0.0001457961
0.4574525,0.0002586055
0.4575374,0.0001114165
0.4575818,8.657253e-05
0.4575916,0.0001200642
0.4576077,9.490552e-05
0.4576142,0.0001078023
0.4576382,0.0001177605
0.4576628,0.0001644946
0.4576757,8.578316e-05
0.4577094,0.0001482749
0.4577172,7.929233e-05
0.4578621,0.0003407069
0.4578765,8.779349e-05
0.4579013,0.000124885
0.4579062,0.0001642228
0.4579647,7.964989e-05
0.4580067,9.001234e-05
0.4580397,4.997034e-05
0.4580553,6.982544e-05
0.4581167,0.000163001
0.4581383,0.000189199
0.4582298,0.0001507332
0.4582761,9.080626e-05
0.4582948,9.26716e-05
0.4583065,0.0001380169
0.4583127,0.01070658
0.4583132,0.000192113
0.4583155,9.412114e-05
0.4584015,9.799048e-05
0.4584636,5.94819e-05
0.4584779,0.0001301361
0.4584782,0.0001172373
0.4585017,0.0001725277
0.4585322,0.000110915
0.4585579,0.0001304651
0.4586066,0.0001169146
0.4587095,0.0001373624
0.4587131,0.0001051392
0.4587324,0.0001141125
0.4587366,0.0001025917
0.4587489,9.631845e-05
0.4587845,0.0001236281
0.4589443,0.0001191988
0.4589521,0.0001132335
0.4589529,0.0001139316
0.4590657,3.596612e-05
0.4590817,5.863882e-05
0.459102,0.0001271244
0.4591047,0.0001398968
0.4591709,0.0001435452
0.4591991,8.598594e-05
0.4592095,0.0002582204
0.4592182,0.0001314194
0.4592249,0.0001768503
0.4592277,0.000108813
0.4592364,0.000129091
0.45926,0.0001182951
0.4593601,4.368468e-05
0.4593816,0.0001016746
0.4593849,0.0001290324
0.4595095,0.0001280463
0.4595319,7.950101e-05
0.4595536,8.138378e-05
0.459622,0.0001233027
0.4596729,0.0001534305
0.4596789,8.655799e-05
0.4596881,0.0002007534
0.459713,0.0001078923
0.4597404,0.0001299394
0.4597467,0.000129408
0.4597735,0.0001087336
0.4598066,7.937534e-05
0.459825,9.146499e-05
0.4598253,0.0001021486
0.4598863,0.0001423059
0.4598945,0.0001211676
0.4599328,0.0001282206
0.4600058,0.0001100818
0.4600187,9.588328e-05
0.4600585,9.894503e-05
0.4600594,2.009627e-05
0.460063,0.0001155225
0.4601179,8.033407e-05
0.4601432,0.0001340922
0.4602042,0.0001357458
0.4602207,0.00011753
0.4602423,0.0001732396
0.4602849,0.0001938202
0.4602851,0.0001153461
0.4602991,0.0001370067
0.4603193,0.0001252344
0.4603646,0.0001003368
0.4603653,4.716311e-05
0.4603674,0.0001401899
0.4603992,0.0001199801
0.4604368,0.0001109224
0.4604581,0.0001145745
0.460575,0.000165727
0.4605756,0.0001255982
0.4607004,6.903702e-05
0.4607188,6.094113e-05
0.460776,0.0002400081
0.4607949,8.332933e-05
0.4608004,0.0001138384
0.4608234,0.0003427297
0.4608721,0.0001275945
0.4608789,0.000118326
0.4609536,0.0001342004
0.46096,0.0001717505
0.4610306,9.675269e-05
0.4610463,0.0001252702
0.4610565,9.720289e-05
0.4610636,0.0001358614
0.4610829,0.0002353962
0.4611607,0.0001874953
0.4613117,0.0001365526
0.4613351,0.0001216065
0.4613431,1.060538
0.4614116,0.0001162599
0.4614391,0.0001250062
0.4614424,7.298864e-05
0.4614766,0.00010236
0.4614988,0.0001538759
0.4615076,8.312318e-05
0.4616073,0.0001769937
0.4616191,8.023787e-05
0.4616387,0.0001373078
0.4616605,9.199119e-05
0.4616821,0.0001152233
0.4616969,0.0001383828
0.4617189,0.0001022083
0.4618282,5.491923e-05
0.4618287,2.532256e-05
0.4618966,0.0001626684
0.4619108,0.0001121978
0.4619165,0.0001302901
0.4619495,0.0001915189
0.4619512,0.0001099301
0.462022,0.0001122958
0.4620256,0.000137518
0.4621229,0.0001289273
0.4621364,0.0001095417
0.4621403,0.0001929677
0.4622076,0.0001247036
0.4622188,0.0001001816
0.4622861,9.747096e-05
0.4623178,0.000157852
0.4623703,0.0001511065
0.462374,0.0001681801
0.4623748,0.0001473206
0.462387,7.248201e-05
0.4624093,0.0001613901
0.4625361,9.193728e-05
0.4625848,2.537462e-05
0.4627181,6.741125e-05
0.4627208,0.0001638313
0.4627245,0.0002108373
0.4627814,0.0001381511
0.4628174,0.0001253348
0.4628198,5.580356e-05
0.4628402,0.0001852882
0.4629174,0.000158934
0.4629268,0.0001165689
0.4629509,0.000109464
0.4629669,7.345752e-05
0.4629704,0.0001134313
0.4629708,8.943943e-05
0.4629982,0.000182765
0.4630479,0.0001388471
0.4630908,8.337399e-05
0.4631008,0.0001058016
0.4631111,0.0001354153
0.4631387,0.0001218678
0.4631941,0.0001879181
0.4633265,0.0001158549
0.4633743,8.086509e-05
0.4634453,0.0001107086
0.4634489,0.0001425131
0.4634914,0.0001517322
0.4635031,7.878605e-05
0.463522,8.786522e-05
0.4635438,0.0002094195
0.4636844,6.043764e-05
0.4636877,0.0001421808
0.4637139,0.0001442925
0.4637172,0.0001851135
0.4637207,0.0001489011
0.4637282,0.0001331785
0.4637372,0.0001156837
0.463759,0.0001413536
0.4638096,9.311408e-05
0.4638121,8.77043e-05
0.4638232,7.580481e-05
0.4638517,0.0001254396
0.4638963,0.0001473184
0.4638989,0.0001214939
0.463901,0.0001337976
0.4639014,0.0001406992
0.4639369,0.0001437429
0.4639748,0.0001061791
0.4639768,0.0001061133
0.4640033,4.81975e-05
0.4640197,0.0001208008
0.4640225,0.0001081732
0.464034,0.0001144442
0.4640393,0.0001018026
0.4640401,0.0001012759
0.4640584,0.0001119164
0.464072,6.557813e-05
0.4641048,0.0002034049
0.4641083,0.0001346002
0.4641261,0.0001256802
0.4641508,0.0003645789
0.4641725,0.0001517767
0.4641929,0.0001460834
0.4642664,1.449465e-05
0.4643022,0.0001629511
0.4643483,0.0001343169
0.4643541,9.002499e-05
0.4643868,0.0001057216
0.4644463,8.68449e-05
0.4645604,0.0001169494
0.4647242,0.832867
0.4647518,0.0001453042
0.4647948,0.0001084124
0.4648262,0.0001680121
0.4648622,0.0001017315
0.4648705,4.232062e-05
0.464879,0.0001014966
0.4649199,0.0001166866
0.4649291,6.880573e-05
0.4649429,0.0001132983
0.4649714,8.059702e-05
0.4649965,9.463479e-05
0.4649973,0.0003668279
0.4650371,0.0001353561
0.4650626,0.0001102233
0.4650784,0.0001235696
0.4651067,8.688233e-05
0.4651128,0.0002670604
0.4651498,0.0001478643
0.4651975,0.0001417583
0.4652542,0.0001162466
0.4653035,0.0002023569
0.4653226,9.832163e-05
0.465348,0.0001390223
0.4654068,9.609796e-06
0.465472,9.56186e-05
0.465507,0.0001719599
0.4655142,0.0001560873
0.4655179,0.0001634698
0.4655436,0.00012964
0.4655536,0.0001248389
0.4655696,0.0001371729
0.4655744,0.0001577391
0.4655788,0.0001211101
0.465596,0.0001052257
0.4656068,0.0001360842
0.4656268,0.0001223485
0.4656355,9.317153e-05
0.4656824,0.0001484728
0.4656942,9.752521e-05
0.4657365,0.0001427195
0.4657615,0.0001049909
0.4658573,9.392358e-05
0.4658702,0.0001432695
0.4658789,0.000117038
0.4658847,0.000136722
0.465916,0.0001784043
0.4659209,0.00017046
0.4659247,9.078658e-05
0.465946,0.0001371885
0.4659484,0.0001080586
0.465951,0.000131713
0.4659879,0.0001160212
0.4660712,8.298698e-05
0.4660725,9.473315e-05
0.4660737,8.79746e-05
0.4661016,0.0001356735
0.4661579,0.0001160034
0.4661664,8.664704e-05
0.4661846,0.0001282459
0.4661903,0.0001540729
0.4662028,0.000182744
0.4662053,0.0001297963
0.4662151,0.000138727
0.4662561,7.927091e-05
0.4662661,0.0001291359
0.4662853,0.0001045534
0.4663079,0.0001816604
0.4663096,0.0001008817
0.4663256,0.0001401545
0.4663526,9.713986e-05
0.466359,0.0001144351
0.4663666,0.0001298115
0.4663925,0.000119682
0.4665157,7.959927e-05
0.4665498,4.612752e-05
0.4665604,0.00011167
0.4665772,9.83354e-05
0.4666102,0.0001158876
0.4666831,0.0001130629
0.4666933,0.0001221702
0.4667516,9.656243e-05
0.4667668,0.0001493834
0.4667744,9.43204e-05
0.4667845,0.0001061511
0.4668346,0.0001604721
0.4668352,0.0001855813
0.4668654,0.0001352648
0.466897,0.0001434046
0.4669173,0.0002142977
0.4669686,0.0001126735
0.4669761,8.713755e-05
0.466985,0.0001173018
0.4669943,0.0001424004
0.4669968,9.431273e-05
0.4669983,0.0001680303
0.4670178,9.465464e-05
0.4670472,7.506325e-05
0.4670736,0.0003040633
0.467095,8.322994e-05
0.4671449,0.0002000564
0.4671556,0.0001469252
0.4671809,0.0002044623
0.4671923,9.423769e-05
0.4672014,0.0001760251
0.4672081,9.679658e-05
0.467222,9.196919e-05
0.467235,0.0001406563
0.4672923,0.0001404142
0.4673418,0.0001614445
0.4673444,0.0001484955
0.4674079,1.965255e-05
0.4674375,0.0001748288
0.4674534,0.0001223427
0.4675826,0.0001107182
0.4675959,0.0001140968
0.4676041,9.226323e-05
0.4676653,0.0001050127
0.4676793,9.447699e-05
0.467703,0.0001149756
0.4677233,0.0001341236
0.4677302,0.0001722336
0.4677354,7.794736e-05
0.4677745,0.000126706
0.4677779,0.0001700689
0.4677846,0.0001050635
0.4678552,0.0001302507
0.4678887,0.0001437659
0.4679441,0.0001731349
0.4679521,0.0002973414
0.4679694,0.0001271989
0.4679695,0.0001408084
0.4680103,5.870779e-05
0.4680496,2.186264e-05
0.4681309,0.0001257903
0.468144,9.830378e-05
0.4681683,0.0001907267
0.4681697,0.0001202195
0.4682487,7.928853e-05
0.4682757,7.40594e-05
0.4682855,0.0001050917
0.4682987,0.0001686372
0.4682996,8.268141e-05
0.4683702,0.0001293737
0.4683707,0.0001218687
0.4683988,0.0001481082
0.4684477,0.0002012757
0.4684494,0.0001321746
0.4684682,0.0001287264
0.468491,0.0001392667
0.468511,0.000132737
0.4685805,7.34823e-05
0.4685861,0.0001358081
0.4685864,0.0001175738
0.4686079,9.480449e-05
0.4687012,0.0001262133
0.4687177,0.0005302942
0.4687364,0.0001054795
0.4687452,6.988958e-05
0.4687654,0.0001739716
0.4688672,0.0001009871
0.4688757,0.0001416382
0.4688964,0.0001184056
0.4689136,8.055218e-05
0.4689181,9.477641e-05
0.4689874,0.0001488367
0.4690093,0.0001414196
0.4690304,7.944772e-05
0.4690323,0.0001325079
0.4690636,0.0001866066
0.4690886,0.0001308224
0.4691024,9.22664e-05
0.4691094,0.0001636031
0.4691534,0.0001298651
0.4691678,8.439134e-05
0.469198,0.0001099529
0.469219,0.0001587957
0.4692298,9.922683e-05
0.4692951,0.0001185647
0.4693154,0.000174249
0.4693561,0.0001363184
0.469357,0.0001148418
0.4693651,0.0001062396
0.4693703,0.0001699719
0.4693989,8.412971e-05
0.4694037,0.000157519
0.4694111,0.0001357169
0.4694871,0.0001381115
0.4694892,0.0001118066
0.4695014,1.679427e-05
0.4695181,0.0001144734
0.4695205,0.00013404
0.4695792,9.538975e-05
0.469597,0.0001191229
0.469641,0.0001111658
0.469705,0.0001049508
0.4697277,0.0002293466
0.4697369,0.0001513954
0.4697456,7.287107e-05
0.469783,6.095698e-05
0.4698237,8.998973e-05
0.469835,0.0001375111
0.4698506,0.0001816999
0.4698709,3.675529e-05
0.4699005,0.0001170531
0.4699137,0.000149097
0.4699266,0.0001305133
0.4699414,0.0001591036
0.4699459,0.0001743925
0.4699583,0.0001428838
0.4699871,0.0002724491
0.4699879,0.0001108849
0.4699966,0.0001367686
0.4700062,6.676478e-05
0.470026,0.0001132375
0.4700488,0.0001079586
0.4701402,0.000129326
0.4702009,9.902543e-05
0.4702412,0.00015746
0.4702489,7.864954e-05
0.4702552,0.0001232406
0.470262,0.0001307889
0.4702685,0.0001152303
0.4703057,0.0005833317
0.4703222,0.0001065313
0.4703248,0.0001152705
0.4703713,0.0001169191
0.4703812,8.757327e-05
0.4704008,1.548343e-05
0.4704021,0.0001245707
0.4704461,0.0001250807
0.4704706,0.0001929984
0.4705231,0.001174468
0.47054,0.0001845189
0.4705989,0.0001503202
0.4706339,8.165891e-05
0.4706477,0.0002257022
0.4706551,0.0001479415
0.4706893,0.0001707163
0.470701,0.0001518039
0.4707176,3.589212e-05
0.4707197,0.0001101872
0.4707821,0.0001286331
0.4708714,0.0003132717
0.4709098,0.000142308
0.4709351,7.706182e-05
0.4709954,0.0001170607
0.4710021,0.0001046308
0.4710816,0.000132414
0.4712076,0.0001365059
0.471233,0.0001770225
0.471244,0.0001134229
0.471276,0.0001196417
0.4713031,0.000112097
0.4713292,0.0002123619
0.4713988,0.0001331302
0.4714079,8.757809e-05
0.4714291,0.0001472141
0.4714418,0.0001188235
0.4714479,0.001028016
0.4714528,0.0001989317
0.4714626,0.0001835971
0.4714667,1.941297e-05
0.4714921,1.336581
0.4715014,0.000172967
0.4715326,9.574078e-05
0.4715715,0.0001719764
0.4715959,0.0001453465
0.4715984,9.534893e-05
0.4716455,0.0001542546
0.4716522,0.0001015112
0.4716792,0.0001027819
0.4717279,2.078813e-05
0.4717333,0.0001512013
0.4717756,0.0001358513
0.4717775,0.0001772197
0.4718064,0.0001040206
0.4718666,0.0001187838
0.4718739,7.667949e-05
0.4718822,0.0001344255
0.471884,0.0001816931
0.4718965,0.0002226517
0.4719052,0.0001476433
0.471907,9.610915e-05
0.4719319,0.0001133049
0.4719362,0.000154241
0.4719395,0.0001021356
0.47205,0.0001737438
0.4720865,7.637115e-05
0.4721639,0.0001358944
0.4721719,0.0001571963
0.4721728,0.0001623178
0.4721844,0.0001082701
0.4721924,0.0001846405
0.4722094,0.0001360596
0.4722172,9.856537e-05
0.4722358,0.0001219767
0.4722648,0.0001258525
0.4722999,0.0001443316
0.4724024,0.0001192316
0.4724075,0.0001354925
0.472417,0.0001104843
0.4724869,0.0001463819
0.4725143,0.0001261211
0.4725475,0.0001642006
0.4725491,0.0001139
0.472605,0.0001265875
0.4726218,0.0001542428
0.4726611,0.0001531632
0.4726773,0.0001318374
0.4726823,0.0001344584
0.4727587,0.0001153002
0.4728027,0.0001329681
0.4728292,0.0001854297
0.4728633,9.598691e-05
0.4729376,5.534515e-05
0.4729581,0.0001715808
0.4730202,0.0001437969
0.473027,0.0005796513
0.4730274,0.0001276764
0.4730542,9.061017e-05
0.4730917,0.0001448341
0.4730917,0.0001299358
0.4731356,0.0001162524
0.4731449,0.0001175717
0.4733797,0.0001850297
0.4735387,0.0001075512
0.4735887,8.852345e-05
0.4736347,0.0001129622
0.4736375,0.0002126389
0.4736386,0.0001208152
0.4736603,0.000233742
0.4737203,0.0001173608
0.4737245,0.0001853553
0.4738575,0.0001260982
0.4739046,0.0001043129
0.473921,0.0001327885
0.4739399,0.0002978401
0.4740247,2.162889e-05
0.4740426,8.890025e-05
0.4740455,0.0002146305
0.4741223,0.0001326981
0.4741306,9.128871e-05
0.4741374,9.378483e-05
0.4741639,0.0001422868
0.4741743,0.000476902
0.4742757,0.0001027798
0.4743085,0.0001252266
0.4743281,0.0001493106
0.4743325,0.0001935108
0.4744106,0.0001195069
0.4744379,8.571392e-05
0.4744803,0.0001451054
0.4744959,0.0001018951
0.4745057,0.0001663058
0.4745858,0.0001119153
0.4746641,0.0001555287
0.4747737,0.0001449748
0.4747812,0.0001963689
0.4747898,0.0001606733
0.4747961,3.078534e-05
0.4748376,0.0001932962
0.4748597,0.0001197337
0.474897,0.0001658425
0.474914,0.0002225944
0.4749502,8.422085e-05
0.4749647,8.914297e-05
0.4750284,0.0001012957
0.4750458,9.710229e-05
0.4750918,0.0001361749
0.4751163,0.0001079299
0.4751165,0.0001557424
0.4751188,0.0004188372
0.4751211,0.000105892
0.4751256,9.743842e-05
0.475143,0.0001040199
0.4751551,0.0001621116
0.4751649,0.0001891843
0.4751849,0.0001394429
0.4752689,5.030864e-05
0.4753597,0.0001063131
0.4753604,0.0001745338
0.4753651,0.0001433879
0.4754012,0.0001923538
0.4754016,0.000142907
0.4754023,0.0001006564
0.4754133,0.0001681019
0.475428,2.828231e-05
0.4754296,0.000109583
0.4754617,0.0001065364
0.4754639,0.0001976161
0.47549,0.0001781332
0.4755378,8.463005e-05
0.4755432,0.0001307289
0.475569,0.0001213597
0.4755961,0.0001821249
0.4755993,7.194265e-05
0.4756079,0.0001232613
0.47567,0.0001643159
0.4757385,9.390697e-05
0.4757697,0.000130178
0.4757822,0.0001129492
0.4758096,0.0001273646
0.4758514,0.000149812
0.4758572,0.0001786113
0.4758696,0.0001479994
0.4758982,5.558228e-05
0.4759105,8.480088e-05
0.4759381,6.540671e-05
0.4759436,0.0001171738
0.4759644,7.387008e-05
0.4759648,6.012998e-05
0.4759945,0.0001484481
0.4760023,0.0001178045
0.4760178,9.809763e-05
0.4760332,0.0001097131
0.4760361,9.007077e-05
0.4760408,0.0001382694
0.4760503,0.0001209176
0.4760509,1.663949e-05
0.4760546,0.0001417759
0.4760792,0.0001338842
0.4760813,8.246962e-05
0.4760829,0.0002616124
0.476114,0.000173345
0.4761202,0.0001721665
0.4761218,0.0001704279
0.4761412,0.0001224594
0.4761518,0.0001736783
0.4762055,0.0001026087
0.4762528,0.0001351429
0.4762569,0.00010279
0.4762663,0.000101831
0.4762908,0.0001707774
0.4763037,0.000299223
0.4763211,0.0001734062
0.4764353,0.0001279699
0.4764424,7.544009e-05
0.4764598,0.000153048
0.4765132,0.0001374205
0.4765373,0.0001687884
0.4765968,8.554905e-05
0.476597,7.475162e-05
0.4766021,0.0001134449
0.4766069,0.0001287796
0.4766275,0.0001213167
0.4766561,0.0001238361
0.4766634,9.821753e-05
0.4767006,0.0001345217
0.4767178,0.0002861814
0.4767294,0.0001367689
0.4767427,0.000694525
0.4767565,9.997167e-05
0.4767745,0.0001005106
0.4767756,0.0001460072
0.4767934,0.0001328055
0.4768418,1.837401e-05
0.4768785,0.0001283431
0.4769388,0.000103909
0.4769583,0.0001137399
0.4769657,0.0001010366
0.4770477,0.0001064935
0.4770688,0.0002301439
0.4770989,9.514196e-05
0.4771998,0.0001634155
0.4772348,0.009733864
0.4772436,5.611645e-05
0.4773738,9.480996e-05
0.4774141,0.0001334842
0.4774296,0.0001147078
0.4774301,0.0001892124
0.4774927,0.0002484486
0.4775268,9.080448e-05
0.4775358,8.112557e-05
0.4775452,0.000152076
0.4775495,0.0004183871
0.4775864,6.728613e-05
0.4775974,0.0001147226
0.4776042,0.0001910387
0.47761,0.0001003305
0.4776845,0.0001157659
0.477704,0.0001252138
0.477746,0.0001322526
0.4777656,0.0001225305
0.4777741,0.0001013625
0.4777831,0.0001212562
0.4777928,0.0001230999
0.4777934,0.0001285023
0.4778083,0.0001658467
0.4778353,0.0001146747
0.4778565,0.0001317641
0.4778755,2.746967
0.4779235,0.0001065901
0.4779305,6.903138e-05
0.4779579,8.511129e-05
0.4780238,0.0001081865
0.4780319,8.935351e-05
0.4780441,0.0001146034
0.4780497,0.0001964855
0.4780634,0.0001012785
0.4780777,0.0001318044
0.4781186,1.524777e-05
0.4781274,0.0001188262
0.4781323,7.127487e-05
0.4781669,9.677578e-05
0.4781736,0.0001680501
0.4782113,0.0001438451
0.4782238,2.785913e-05
0.4782349,0.0001721147
0.4782374,0.0001570026
0.4782388,0.0001161194
0.4782481,0.0001229896
0.4782485,1.300896
0.4782665,0.0001058035
0.4782798,0.00010507
0.4782804,0.0001829791
0.4782862,0.0001335912
0.4783255,8.49573e-05
0.4783509,0.0001243568
0.4783573,0.0001364865
0.4783716,0.0003993667
0.4783794,0.0002854062
0.4783944,0.0001551016
0.4784909,0.0001019447
0.4784998,0.0001481955
0.4785086,0.0001124641
0.4785154,0.0001125646
0.4785406,0.0001176815
0.4785452,0.0001123791
0.4785919,0.000131429
0.4786758,0.0001435666
0.4786794,0.000164787
0.4786802,0.0001279272
0.4786845,0.0001214842
0.4786886,0.0001323113
0.4787033,7.438271e-05
0.478794,0.0001464094
0.478837,0.0002004213
0.4788373,0.0001253293
0.4788634,0.0001153175
0.47891,0.0001753385
0.4789982,0.0001165579
0.4790252,9.732389e-05
0.4790331,0.0001026985
0.479051,0.0001195561
0.4790567,0.0001272228
0.4790758,1.581692e-05
0.479102,0.0001591297
0.4791937,0.0001491119
0.4792123,8.45524e-05
0.4792236,0.0001385429
0.4792286,4.529231e-05
0.4792392,0.0001123374
0.479254,0.000136391
0.4792635,8.963038e-05
0.4792736,0.1261694
0.4792865,0.0001248133
0.4792903,0.0001064261
0.4792927,0.0001550533
0.4792964,0.0001758269
0.4793236,0.0002343043
0.479344,0.0001177533
0.4793571,0.0001367794
0.4793949,7.881026e-05
0.4794107,0.000243171
0.4794281,0.000156845
0.4794964,9.546447e-05
0.4795239,0.000147372
0.4795543,9.384497e-05
0.4795654,0.0001003264
0.4795668,0.0001368119
0.4795714,0.0001508881
0.4796392,0.0001203842
0.4796485,9.361844e-05
0.4796653,0.0001070401
0.4796937,5.969057e-05
0.4797571,0.000153998
0.4797691,0.0001886481
0.4797835,0.0001792008
0.4798166,0.000112968
0.4798482,0.0002917555
0.4798709,0.0001261125
0.4799445,0.0001274409
0.4799764,0.0001339726
0.4799919,0.0001645257
0.4800754,0.0001212267
0.4801112,0.0001008973
0.4802234,8.517524e-05
0.4802648,0.0001134704
0.480274,0.0002208418
0.4803322,6.576094e-05
0.4803437,0.0001374378
0.4803476,0.0001438019
0.4803542,0.0001315024
0.4804143,9.430406e-05
0.4804155,0.0001988496
0.4804181,0.0001028697
0.4804376,0.0001099062
0.4804557,0.0001302975
0.4804596,0.0001143391
0.4804632,0.0001819038
0.4804691,0.0001375058
0.4805124,0.0001317383
0.4805216,0.0001823705
0.4805578,0.0001305442
0.4805594,0.000203082
0.4805653,0.0001134082
0.4805909,0.0001094163
0.4805947,0.0001378196
0.480599,0.0001194364
0.4806062,0.0001054265
0.4806811,0.0001568653
0.4807222,0.0001350035
0.4807385,0.0001028856
0.4807821,0.000146293
0.4808159,0.0001160357
0.4808271,0.0001441689
0.4808365,8.05856e-05
0.480854,0.000192409
0.480866,0.0001068701
0.4808808,0.0001844142
0.4808862,4.232069e-05
0.4808925,0.0001048282
0.4808975,9.883836e-05
0.480922,0.0001005127
0.48094,0.000118999
0.4809746,0.0001925446
0.4809766,9.572761e-05
0.4809936,0.0001157277
0.4809993,0.0001350723
0.481014,0.0001324196
0.4810186,0.0001295591
0.4810202,0.0001167786
0.4810517,0.0001189286
0.4810688,0.0001186086
0.4810737,0.0001227736
0.4810941,4.183007e-05
0.4811248,8.773109e-05
0.4811283,0.0001722818
0.481129,0.000262592
0.4811575,0.0001040774
0.4811716,8.592958e-05
0.4812195,9.118574e-05
0.4812231,0.0001310169
0.4812299,0.0001340813
0.4812329,0.0001654356
0.4812339,9.184378e-05
0.481383,0.000174271
0.4813954,0.0001196096
0.4814323,0.0001183153
0.4814788,0.0001694402
0.4815013,0.0002024535
0.4815874,7.917387e-05
0.4816172,0.0001174491
0.4816307,8.915005e-05
0.4816363,0.0001177082
0.4816633,5.405234e-05
0.4816696,0.0001024557
0.4816905,0.0001734386
0.4817021,9.629308e-05
0.4817135,0.0001268635
0.4817632,0.00012485
0.4817739,0.0001180142
0.4818186,6.42036e-05
0.4818785,0.0001631003
0.481886,0.0001049916
0.4819232,8.565579e-05
0.481948,0.0001696123
0.4819883,0.0001091379
0.4819896,0.0001230368
0.482003,0.0001159095
0.4820171,9.246226e-05
0.4820459,0.0001359354
0.4820617,0.0001204744
0.4820785,0.0001028742
0.4820996,0.0001312413
0.4821002,0.0001802858
0.4821236,0.0001088385
0.482132,0.0001173087
0.4821339,7.58188e-05
0.4821978,0.0001263838
0.4822161,0.0001170606
0.4822775,9.475154e-05
0.4822782,0.000100648
0.4822948,0.0001171094
0.4823026,0.0001551869
0.4824152,7.807934e-05
0.4824682,0.0001262
0.4824804,0.0001023789
0.4825205,0.0001363555
0.4825219,0.0001279254
0.4825252,0.000139748
0.4825504,0.0001300728
0.4825518,6.589926e-05
0.4825934,0.0001449698
0.4826096,8.558594e-05
0.4826323,9.187328e-05
0.4827304,0.0001124485
0.482743,0.0002034523
0.4827757,7.95224e-05
0.4827972,0.0001480972
0.4828083,0.0001231873
0.4828095,0.00013105
0.4828357,0.000116196
0.4828584,0.0001108167
0.4828635,0.0001229666
0.4828688,0.0001226708
0.4828713,0.0001564305
0.4828722,0.0001202083
0.4828746,0.0001768342
0.4828838,0.0001034861
0.4829101,0.0001126112
0.4829222,0.0002061934
0.4829457,9.598522e-05
0.4829926,0.0002031867
0.4829947,8.193186e-05
0.483,0.0002338979
0.4830014,0.0001475589
0.4830103,0.0001666746
0.4830109,0.0001142962
0.4830258,0.0001669502
0.4830426,0.0001171152
0.4830554,0.0001401781
0.4830762,0.0001634103
0.4830794,0.000179203
0.4831561,0.0004861977
0.4831941,0.0001723556
0.4832047,0.0001562641
0.4832052,1.517081e-05
0.4833176,9.651098e-05
0.4833401,0.00015689
0.4833495,0.000127943
0.4833725,0.0001433764
0.4834154,0.0001428318
0.4834631,0.0001731443
0.4834635,0.0001121503
0.4834981,0.000126248
0.4834994,0.0002063699
0.4835627,0.0001116547
0.4835666,0.0001485452
0.483619,0.0001111942
0.4836556,0.0001681273
0.4836743,0.000138739
0.4836831,0.0001933569
0.4837137,0.0001183003
0.4837351,0.0001691827
0.4837398,0.0001220829
0.4837555,0.0001329538
0.483767,0.0001270854
0.4838418,0.0001692994
0.483863,0.0001060977
0.4838829,8.360663e-05
0.4839156,0.0001414308
0.4839229,1.925972e-05
0.4840238,0.0001245589
0.4840693,8.291008e-05
0.4841147,9.922457e-05
0.4842044,0.0001122755
0.4842164,9.638059e-05
0.484232,0.00011966
0.4842573,0.0001005433
0.484284,6.383178e-05
0.4842859,9.440233e-05
0.4843206,8.160361e-05
0.4843374,0.0001012404
0.4843457,0.000114411
0.4843565,5.988178e-05
0.4843595,9.957064e-05
0.484361,0.0001185409
0.4843827,6.825644e-05
0.4843947,0.0001173946
0.4844202,0.0001726937
0.4844444,9.959217e-05
0.4845096,8.27883e-05
0.4845153,6.81911e-05
0.4846329,0.0001749111
0.4846592,0.0001201836
0.4846641,0.0001802487
0.4846827,0.0001272568
0.4846846,0.0001410568
0.4847458,9.883085e-05
0.4847535,0.0001011167
0.4847586,0.9959212
0.4847628,5.594182e-05
0.4847664,0.0001244726
0.4848572,0.000174528
0.4848919,0.0001161839
0.4849072,0.0001396728
0.4849117,0.0001205391
0.4849722,6.395212e-05
0.4849788,0.0002366002
0.4849915,0.0001274471
0.4850076,0.0001435529
0.4850203,0.0001912552
0.4850549,0.0001232394
0.485057,9.917307e-05
0.4850667,0.0001640443
0.4851208,0.000115107
0.4851585,0.000321049
0.4851775,0.0001333012
0.4851879,0.0001204057
0.4852426,9.938511e-05
0.4852581,0.0001173962
0.4852822,0.0001488187
0.4853054,0.0001748216
0.4853372,7.935165e-05
0.4853922,3.427184e-05
0.4854043,8.875885e-05
0.4854051,0.0002060436
0.4854113,0.0001209
0.4854172,0.0393676
0.4854351,0.0001694437
0.4854526,0.0001569722
0.485466,8.75003e-05
0.485498,0.0001047311
0.485505,0.0001500774
0.4855157,0.0001229423
0.4855757,0.0001066891
0.4856921,0.0001334291
0.4856923,0.0001520015
0.4857582,0.0001397018
0.4857634,0.000137485
0.4857854,0.0001489821
0.4858098,0.0001197598
0.4858745,0.0001563127
0.4858806,0.0001353951
0.4859297,0.0001181069
0.4859382,0.0001038832
0.4859553,0.0001194724
0.4859738,0.0001056365
0.4859958,0.0001070912
0.4860024,0.0001133632
0.4860034,0.0001474599
0.4860272,1.482739e-05
0.4860278,9.606287e-05
0.4860438,0.0001180204
0.486048,9.853621e-05
0.4860775,7.761113e-05
0.4860836,0.0001272356
0.4861004,0.0001099324
0.486124,8.000193e-05
0.486131,0.0001330474
0.4861312,0.0001089666
0.4861319,0.0001036457
0.4861851,0.0002973178
0.4862158,0.0001595213
0.4862251,0.0001036671
0.4862965,0.0001169447
0.4863264,0.0001431301
0.4863407,0.0001535631
0.4863435,0.0001024578
0.486364,0.0001111362
0.4863668,4.978166e-05
0.4863842,0.0001925241
0.4864011,9.800087e-05
0.4864154,8.507251e-05
0.4864252,0.000273668
0.4865063,0.0001945825
0.4865068,0.0001689458
0.4865093,0.0001381111
0.4865257,0.0001924039
0.4865356,0.00109488
0.4865362,0.0001584798
0.4865378,0.0001016266
0.4865559,0.0001252254
0.4865644,0.0001382312
0.486597,0.0001655152
0.4866223,0.000155375
0.4866362,0.0001157803
0.4866375,0.0001787798
0.4867049,0.000149512
0.486726,6.422417e-05
0.4867398,0.0001918257
0.4867416,0.0001585252
0.4867433,0.0001416525
0.4867611,0.0001095885
0.4868101,0.0001737966
0.4868433,0.0001353266
0.4868543,0.0001636502
0.4868738,0.0001196329
0.4869327,0.0001382023
0.4869439,0.0001927497
0.486964,0.0001282797
0.4869747,0.0001069698
0.4870027,0.0001328236
0.4870087,0.000221626
0.4870653,0.0001138982
0.4871168,0.0001618806
0.4871409,0.0001153974
0.487143,9.757154e-05
0.4871433,0.0001055679
0.4871504,0.0001250572
0.4871538,0.0001357549
0.4872269,0.0001812367
0.4872285,0.0001363011
0.4872351,0.0002156581
0.4872982,0.0001954202
0.4873056,0.0001629109
0.4873123,0.0002866793
0.4873489,9.086476e-05
0.4873591,0.0001473799
0.4873616,0.0001345197
0.4873667,0.0001066771
0.4873813,0.0001548518
0.4874662,0.0001600924
0.4874679,0.0001610301
0.487474,0.000151487
0.4874798,0.0001406769
0.4874909,0.0001633964
0.4875598,0.0001090408
0.4875696,0.0001777182
0.4876011,0.0001460165
0.4876177,0.0001256846
0.4876981,0.0001488198
0.4877436,0.0001244677
0.4877612,9.872266e-05
0.4877651,0.0001497892
0.4877982,3.829324e-05
0.4877983,0.0001309801
0.4878005,6.32328e-05
0.4878742,0.0001677116
0.487883,0.0001558411
0.4878854,0.0001481913
0.4879004,0.0001912894
0.4879282,0.0001246954
0.4879503,0.0001483618
0.4879734,0.0004515486
0.4879835,0.0001471545
0.4879967,0.0001549705
0.4879968,8.747009e-05
0.4880241,0.000115759
0.4880871,7.343584e-05
0.4881177,2.655413e-05
0.4881517,0.0001248953
0.4881608,0.0001437531
0.4881614,0.0002101002
0.4881693,5.106248e-05
0.4882033,0.0001729353
0.4882306,0.000104316
0.4882768,0.0001801639
0.4882804,0.0001329491
0.488289,0.0001399699
0.4883071,0.0002378686
0.4883087,0.0001474797
0.4883904,7.789383e-05
0.4883973,0.0001051469
0.4884316,8.999688e-05
0.4884387,0.0002565706
0.4884665,0.0001984838
0.4885421,0.0002037431
0.4885572,0.0001081163
0.488582,0.0001581286
0.4885972,9.159347e-05
0.4886362,0.000324043
0.488652,0.0001522006
0.4886607,0.0001695118
0.4886723,0.0001210807
0.4887018,0.0001433266
0.4887515,0.0001015826
0.4888468,0.0001780045
0.4888764,8.144834e-05
0.4889172,0.0001374841
0.4889476,0.0001282318
0.4889807,7.419144e-05
0.4890037,0.000248193
0.489035,0.0001683715
0.4890459,0.0001347158
0.4890793,0.0001194701
0.4890875,0.000145315
0.4891123,0.0001200835
0.4891227,0.0001306069
0.4891469,0.0003560955
0.4892304,0.0001131429
0.4892674,9.976749e-05
0.4892998,0.0001732509
0.4893095,0.0001721544
0.4893229,0.0001143143
0.489333,0.000118282
0.4893438,0.0001066601
0.4893458,0.000161109
0.4893883,0.0004380242
0.4893969,0.0001214971
0.4894123,0.000185844
0.4894356,0.0001817935
0.4894542,0.0001632852
0.4894761,0.000166568
0.4894788,0.0001237321
0.4895287,0.0001684019
0.489538,0.0001307704
0.4895631,0.0001519105
0.489628,0.0001300445
0.4896543,0.0001229139
0.4896566,0.0001742902
0.489708,0.0001495813
0.4897192,0.0001437837
0.4897225,0.0001230398
0.4897302,0.0001103652
0.4897384,0.0001473723
0.4897786,0.0001120085
0.4898493,7.76454e-05
0.4898654,9.981768e-05
0.4898743,0.0001300397
0.4899184,0.0001308544
0.4899297,0.0001120291
0.4899908,0.0001381503
0.4900127,0.0001186031
0.490028,0.0001167244
0.4900351,4.942672e-05
0.4900654,0.0001020479
0.4900696,0.0001585842
0.4901274,0.0001556062
0.4901416,0.0001246671
0.4901475,0.0001239727
0.4901488,0.0001005677
0.4901507,0.0001278998
0.4901792,2.362321e-05
0.4902086,0.0001458254
0.4902098,0.0001763057
0.4902277,0.0001012347
0.4902406,0.0001604797
0.4902483,0.0001523185
0.490249,8.941042e-05
0.4902565,0.0001082524
0.4902692,0.000168367
0.4902727,0.000620142
0.4903038,9.820338e-05
0.490304,0.0001293096
0.4903076,0.0001402635
0.4903131,0.0001700451
0.4903684,0.0001325442
0.4903841,0.0002626676
0.4904074,0.0001553479
0.4904311,0.0001379135
0.4904392,0.0001042471
0.4904555,0.0002100069
0.490478,0.0001319143
0.4905051,0.0001833802
0.4905059,0.000114885
0.4905196,0.0001551153
0.4905542,0.0001203234
0.4905667,0.0001537847
0.4905729,0.0002480028
0.4906035,0.0001374533
0.4906088,0.000106805
0.490622,0.0001123552
0.4906658,0.0001085354
0.4906786,0.0001310621
0.490686,0.000153265
0.4906912,0.0001009788
0.4907076,0.0001583897
0.4907153,0.0001181069
0.490725,0.0001448529
0.4907666,9.769368e-05
0.490781,7.043269e-05
0.490822,0.0001151372
0.4908245,0.0001557866
0.4908342,0.0001107632
0.4908439,0.000118012
0.4908541,0.0001240826
0.4908617,0.0001183126
0.4908789,0.0001727679
0.490885,0.0001874549
0.490918,0.0001210721
0.490979,0.0001702568
0.4909856,0.0003241468
0.4909889,0.0002094941
0.4910379,0.000215892
0.4910507,0.0006930819
0.491055,0.0001127296
0.4910605,0.0001181772
0.4911059,0.0001523167
0.4911586,0.0001053386
0.4911745,0.0001596617
0.4911844,0.0001448956
0.4911889,0.000194926
0.4912105,0.0001416608
0.4912264,0.00014876
0.4912384,3.913415e-05
0.4912534,0.0001119447
0.4912732,0.0001316239
0.4912781,0.0001489596
0.4912791,3.724072e-05
0.4912857,0.0001355396
0.4913059,0.0001412945
0.4913195,0.0001113128
0.4913397,0.0001460491
0.4913511,0.0001064118
0.4913538,0.0001467653
0.4913606,0.0001287861
0.4913734,0.0001492873
0.491401,0.0002330063
0.4914096,0.0001171492
0.4914324,0.0001538517
0.4914326,0.000150201
0.4914563,0.0001085158
0.4914744,0.0001430402
0.4914882,7.665822e-05
0.4915157,3.096617e-05
0.491522,0.0001101478
0.4915563,0.0001267753
0.4915648,9.287442e-05
0.4915943,0.0002177173
0.4916031,0.0001162032
0.4916318,8.604236e-05
0.4916351,7.939458e-05
0.4916358,0.0001524234
0.4916485,0.0001341231
0.4917025,0.000110285
0.4917086,0.0001441349
0.4917111,0.0001314739
0.4917279,9.210766e-05
0.4917882,0.0001694948
0.4918131,0.0002014994
0.4918221,0.0002059535
0.491902,0.000173583
0.4919157,0.0001372756
0.491918,0.0001504373
0.4919261,0.0001410296
0.4919662,0.0001483729
0.4919998,1.829361e-05
0.4920106,0.0001529705
0.4920613,0.0001380448
0.4921033,0.0001263441
0.4921306,0.0001865099
0.4921454,0.0001425361
0.4921553,0.0001112219
0.492156,0.0001510899
0.4921771,0.0001058036
0.4922094,0.0001329843
0.4922351,0.0001454765
0.4922863,0.0001218035
0.4923301,0.0001000576
0.4923374,0.0001219006
0.4923446,6.862127e-05
0.4924063,0.0001245363
0.4924389,0.0001038078
0.4924433,0.000154471
0.4924538,0.0001365036
0.4924616,7.44691e-05
0.4924958,0.0001183833
0.4925105,0.000163498
0.4925202,0.000156785
0.4925319,0.0001371673
0.4925783,0.0001501564
0.4926278,0.0001618639
0.4926445,0.0001363095
0.4926518,0.0001185969
0.4926594,0.000127654
0.4926803,0.0001500918
0.4927083,0.0002005071
0.492716,8.784256e-05
0.4927943,0.0001097434
0.4928223,0.000108192
0.4928739,0.0001091463
0.4928772,9.878376e-05
0.4928855,0.0001312112
0.4929434,5.276135e-05
0.4929537,0.00012105
0.493026,0.0001650563
0.4931045,0.000132749
0.4931271,0.0001213809
0.4931407,0.0001004923
0.4931738,0.0001690433
0.493223,0.0001381547
0.493271,0.0001822183
0.4932809,0.0001439348
0.4932842,0.000109144
0.4933325,6.621436e-05
0.4933569,7.515019e-05
0.4934075,0.0001946965
0.493433,0.0001262859
0.4934466,0.0001379577
0.4934528,0.0001140584
0.4934815,0.0001227081
0.4934853,0.0001270327
0.4934863,8.838303e-05
0.4934982,0.0001379419
0.493509,9.203342e-05
0.4935567,0.0001095349
0.4935997,0.0002150272
0.4936252,0.0001355448
0.4936521,8.324922e-05
0.4936526,0.0001840264
0.4936591,0.0001341773
0.4936703,0.0001478534
0.4936774,0.0001639148
0.4936778,0.0001585749
0.4937292,0.0001212903
0.4937573,8.928715e-05
0.4938212,0.000189135
0.4938359,0.0001600647
0.4938709,0.0001477211
0.4938897,0.0001805214
0.4939229,0.0001124375
0.4940003,8.339778e-05
0.4940372,0.000127446
0.4940412,0.0001107036
0.4941014,0.0001135198
0.4941216,9.741515e-05
0.4941225,8.343477e-05
0.4941354,0.0001055079
0.4941488,5.999145e-05
0.4941801,0.0001505508
0.4941955,0.0006783115
0.4941956,0.0002199837
0.4941978,0.0001053201
0.4942319,9.360203e-05
0.4942565,0.000155602
0.4942703,0.0002247056
0.4942841,0.000142694
0.4942914,0.0001011438
0.494312,0.0001031539
0.4943652,0.0001452545
0.4944005,0.0001298326
0.494415,0.0002307101
0.4945747,0.0001121466
0.4946744,0.0001016223
0.4947045,0.0001411789
0.4947625,0.0001658444
0.4947644,0.0001073413
0.494786,0.0001194286
0.494802,0.0001494908
0.4948384,0.0001527704
0.4948458,0.0001110061
0.4948863,0.000138664
0.4949069,0.0001344293
0.4949634,0.0001516583
0.4950442,8.661342e-05
0.4950455,0.0002448169
0.4952415,0.0001574475
0.495261,0.0001281568
0.4953262,0.0001760386
0.4953424,0.0001563025
0.4953471,9.835936e-05
0.4953797,0.2832475
0.4954083,0.0002390189
0.4954113,6.15128e-05
0.4954216,0.0001383588
0.4954236,0.0001349602
0.4954361,0.0001815145
0.4954802,0.000103408
0.4955708,0.000110001
0.4956162,9.631387e-05
0.4956354,0.0001017357
0.4956482,9.772461e-05
0.4956563,0.0001213035
0.495714,0.0001680562
0.4957242,9.862351e-05
0.4957564,6.199592e-05
0.495773,0.0001778518
0.4957921,0.000311089
0.4958062,0.0002644304
0.4958884,0.0001700039
0.4959285,0.0001296658
0.495961,0.0001708214
0.4959795,0.0001370536
0.4960065,0.0001352561
0.4960136,0.0001423151
0.4960183,0.0001613927
0.49602,0.0001183665
0.4960295,0.000180129
0.4960409,0.0002105067
0.4960462,0.0001486711
0.4961652,0.0001582535
0.4961905,7.252432e-05
0.4962282,9.261608e-05
0.4962744,0.0007753489
0.4963198,6.17939e-05
0.4964172,0.0001007409
0.496433,0.000146041
0.4964821,0.0001139574
0.4964833,0.000223132
0.4964996,0.0002540606
0.4965236,0.0001003198
0.4965332,0.0002387759
0.4965389,0.0001083165
0.4965504,0.0001035126
0.4965719,0.000110539
0.4966213,0.0001173014
0.4966523,0.0001519157
0.4967158,0.0002576505
0.4967338,0.0001541937
0.4967802,0.0001464691
0.496784,0.000136874
0.4967885,0.0001254307
0.4967912,0.0001378466
0.4968148,0.0001372007
0.4968386,9.926125e-05
0.4968431,0.00011357
0.4968678,0.0001302922
0.4968923,0.0002291767
0.4969201,0.0002230075
0.4969288,3.626167e-05
0.4969442,0.0001155091
0.4969656,0.0001310228
0.4969686,0.000223556
0.4969799,0.0001799689
0.4969856,0.0001453972
0.4970068,0.0001227653
0.4970131,0.0001613381
0.4970222,0.000163913
0.4970303,0.0001385362
0.4970355,0.0001135124
0.4970413,0.0001370579
0.4970439,7.636224e-05
0.4970514,0.0001145457
0.4970534,0.0001477375
0.4970571,9.886967e-05
0.4970621,0.0002074398
0.4970682,0.0001808918
0.4970686,7.485229e-05
0.4970759,0.0001281017
0.4971482,0.0001139833
0.4971922,0.0002799716
0.4972163,0.0001125931
0.4972235,0.0001113515
0.4972499,0.000123494
0.4973416,0.0001107149
0.4973425,0.0001307683
0.4973624,0.0001280729
0.4973962,0.0002859776
0.4974032,0.0001421401
0.4974182,0.0001105928
0.4974361,0.0001723094
0.4974363,3.683485e-05
0.4974637,0.0001229759
0.4974742,0.0001188069
0.4974761,0.000156674
0.497531,0.0001280951
0.4975523,0.0001833383
0.497582,0.0001604733
0.4975935,8.693363e-05
0.4976063,0.0001263468
0.4976147,0.000104573
0.4976346,0.0002344954
0.4976417,0.000122986
0.4976645,0.0002514042
0.4976752,0.0002125362
0.4976863,0.0001447827
0.4977022,0.0008317757
0.4977326,0.0001411735
0.4977501,0.0001208297
0.4977622,0.0002465837
0.4977655,0.0002304839
0.4977838,0.054263
0.4978113,0.0001785395
0.497836,0.0001432496
0.4978388,0.0001557425
0.4978473,8.97175e-05
0.4978535,0.0002083604
0.4979489,0.0002553735
0.4979493,0.0001252237
0.4979709,0.0002281888
0.4980156,0.0001092501
0.4980214,0.0001674182
0.4980315,6.346798e-05
0.4980326,0.0001544658
0.4980513,0.0002601519
0.4980721,0.0001935595
0.4980837,0.0001335375
0.4981084,0.000156183
0.4981338,0.0001106642
0.4981544,0.0001076549
0.4981782,0.0001190961
0.4982003,0.0001971474
0.4982039,0.0001636346
0.4982202,8.084391e-05
0.4982353,0.0002229512
0.498248,0.000122262
0.4982605,0.000138746
0.4982727,0.0001234341
0.4983004,0.000132426
0.4983036,0.000218707
0.4983143,0.0001276984
0.4983337,0.0001112652
0.49834,0.0001496839
0.4983609,0.0001925579
0.4983615,0.0001586872
0.4983785,0.0001547316
0.4984479,0.0002249478
0.4984791,0.0001055404
0.4984951,0.0001035907
0.4985043,0.000144496
0.4985127,0.0002473635
0.4985284,0.0001224722
0.4985319,0.0002039552
0.498551,0.0001180611
0.4985594,0.0001214126
0.498564,0.0001054964
0.4985792,9.976264e-05
0.498633,0.0001305863
0.4986736,0.0001157254
0.4986993,0.0002037381
0.4987,0.0001256024
0.4987141,0.0001378607
0.4987338,0.000185501
0.4987449,0.0001455505
0.4987606,0.0001129463
0.4987831,9.61752e-05
0.4987906,0.0001719502
0.4987926,0.0001525456
0.4987955,0.0001043578
0.4988145,0.0001290645
0.4988471,0.0001478366
0.4988672,0.0001316714
0.4988696,0.0002027629
0.4988876,0.0001768491
0.4988924,8.73325e-05
0.4988938,0.0001624357
0.4989751,0.0001273371
0.4989965,0.0001458648
0.4989972,7.284036e-05
0.4989987,8.840021e-05
0.4990131,0.0001719236
0.4990822,0.0006828554
0.4990919,0.000126504
0.4990978,0.0001295501
0.4991002,0.0001680356
0.4991122,0.0001239257
0.4991174,0.0001400297
0.4991468,9.890111e-05
0.4991511,0.0002702252
0.4991937,0.0002819063
0.4991982,0.0001741328
0.4991992,0.0001102501
0.4992659,0.0001107107
0.4992723,8.766211e-05
0.4993161,0.0001909978
0.499335,0.0002015006
0.4993445,0.0001906306
0.4993514,0.0001346781
0.4993627,0.0001423162
0.4993745,0.0001906308
0.4993946,0.000221692
0.4994496,0.0001173488
0.4994512,6.379484e-05
0.4994559,9.237334e-05
0.4995283,0.000131492
0.4995518,0.0001148878
0.4995687,0.000138738
0.499579,0.0001160955
0.4995883,0.0002155468
0.4995898,0.0002405724
0.499595,0.0001343139
0.4996177,0.0001447584
0.4996284,5.93023e-05
0.4996395,9.947109e-05
0.4996676,0.0001032365
0.4996839,0.000139703
0.4997237,0.0001572014
0.499726,0.0001048951
0.4997273,0.0001532983
0.4997748,0.0001000702
0.499794,0.0001782959
0.4999005,0.0001116811
0.4999294,0.0001274645
0.4999732,0.0001447554
0.4999748,0.0001513228
0.4999789,0.000147299
0.4999868,0.0001284136
0.499988,5.939021e-05
0.500044,0.0001210669
0.500066,0.0001958177
0.5000872,0.000119772
0.5001298,0.000128804
0.5001448,0.0001305477
0.5001524,4.125669e-05
0.5001574,0.0001714264
0.5001881,8.66366e-05
0.500196,0.0001282241
0.500201,0.0001731801
0.500246,0.0001862922
0.5002682,0.0001368299
0.5003663,0.0001319039
0.5003797,0.0001679389
0.5003805,0.0001126849
0.5003847,0.0001543522
0.5004727,0.000114025
0.5004808,0.0001093338
0.500486,0.0001522209
0.5004882,0.0001475757
0.5005164,0.0001198562
0.5005225,0.0001287974
0.5005369,0.0001914516
0.5005702,0.0002073406
0.5005753,0.000117425
0.5006475,0.000106901
0.50066,0.0001946854
0.5006944,0.0001381666
0.5007389,9.956735e-05
0.5007433,0.0001549444
0.5007546,0.0001071145
0.5007601,9.975409e-05
0.5007744,0.0001728808
0.5008558,0.0001051307
0.5008878,7.828473e-05
0.5008898,0.0001223436
0.5009212,0.0001493894
0.5009266,0.0001827399
0.5009436,0.0001462855
0.5009493,9.932325e-05
0.500979,0.000117392
0.5009794,0.0002275422
0.5009878,0.0001126449
0.5010968,0.0001482346
0.5011085,0.0001870101
0.5011575,0.0001054697
0.5011739,0.0001116477
0.5011825,0.0002005718
0.5011896,0.0001546188
0.5011979,0.0001233631
0.5012056,0.0001751034
0.5012566,6.798681e-05
0.5012825,0.0001633123
0.5013149,0.0001551887
0.5013161,0.0001469545
0.5013182,0.0001610494
0.501336,0.000207184
0.5013638,0.0001215094
0.5015013,0.0001872224
0.5015407,0.0001282289
0.5015711,0.0001013495
0.5015717,0.0001851846
0.5015724,0.0001847363
0.5016081,0.0001036602
0.5016618,0.0001324203
0.5016649,0.0002592299
0.5016729,0.0002003097
0.5017159,8.731588e-05
0.501724,0.0001078693
0.50175,0.0001217456
0.5017619,0.0001425218
0.5017849,0.0001924152
0.5017867,5.095747e-05
0.5017905,0.0001248769
0.5018188,0.0001165668
0.5018469,0.000120047
0.5018504,0.0003007462
0.5018731,0.0002772195
0.5018852,6.979273e-05
0.5019125,0.0001216036
0.5019164,0.0001074721
0.501922,0.0001073991
0.5019612,0.0001132978
0.5019807,0.0001429829
0.5020413,0.000106096
0.5020945,0.0001469749
0.5021411,0.0002488899
0.5021595,0.0001091768
0.5021613,0.000105211
0.5021763,0.0001312104
0.5021766,0.0001417223
0.5021865,0.0001128359
0.5022276,9.879405e-05
0.5022289,0.0001074498
0.5022726,0.00014644
0.5022957,0.0001306815
0.5023365,9.754037e-05
0.5023741,0.0001370489
0.5023857,0.0001076528
0.5024127,0.0002045591
0.5024472,0.0001120494
0.5024525,0.0001834564
0.5024599,0.0001721086
0.5024734,9.443233e-05
0.5025182,0.0001292813
0.5025274,0.0001434207
0.5025373,0.0001199347
0.5025423,0.0001206221
0.5025492,0.0001139247
0.5025725,0.0001319817
0.5025811,0.0001669716
0.5025964,9.833257e-05
0.5026529,0.0001324071
0.5027013,0.0001368847
0.5027078,0.0001614663
0.502738,0.0001572692
0.5027626,7.736125e-05
0.5028256,0.0001299263
0.5028576,0.0001405006
0.5028584,9.635358e-05
0.5028616,0.0001550742
0.5028622,0.0001249908
0.5028878,8.62001e-05
0.503022,0.0001604156
0.503068,0.0001733594
0.5031135,0.0001395665
0.5031283,0.000115149
0.5031725,0.0001144129
0.5031763,0.0001451329
0.5031829,0.0001182498
0.5032123,8.990758e-05
0.5032405,0.0001590383
0.5032414,0.0001724302
0.5032451,0.0002440977
0.5032637,0.0001183262
0.5032726,0.0001112019
0.5032995,0.0001330792
0.5033224,0.1261812
0.5033592,0.0001158966
0.5033664,0.0001610734
0.5033762,9.972663e-05
0.503396,0.0001300931
0.5033966,0.0001049375
0.5034026,0.000120383
0.5034158,0.0001218972
0.5034218,0.0001803142
0.5035241,0.0001952179
0.5035736,0.0001557973
0.5035954,0.0001651341
0.5035961,0.0001676706
0.5036163,0.0001307859
0.5036188,0.0001358598
0.5036446,0.0001251913
0.5036483,0.0002030814
0.5036808,0.000145955
0.5036966,6.670046e-05
0.5037128,9.78382e-05
0.503746,0.0001150316
0.5037957,0.0001158034
0.5037966,0.0001039922
0.5038037,0.0001069509
0.5038278,0.0001750639
0.5038971,0.000103221
0.5039977,0.0001685178
0.5040414,0.000120234
0.5040416,0.0001428734
0.5040924,0.000171299
0.5040931,9.545417e-05
0.5041031,0.00017074
0.504105,0.0001204813
0.5041074,0.0001303615
0.504141,9.13387e-05
0.5041581,0.0001108274
0.5041772,0.000102851
0.5041814,0.0001054119
0.5041895,0.0001530852
0.504239,0.0001610153
0.5042415,0.0001567678
0.5042959,0.0001154631
0.5043809,0.0001270387
0.5043832,0.0001296692
0.5043852,0.0001839149
0.5044551,0.0001200351
0.5044649,0.000154048
0.5044762,0.0001293022
0.5044768,0.0001147857
0.5045025,2.483705e-05
0.5045309,0.0001102983
0.504575,0.0001123212
0.5045867,0.0001379735
0.5045956,0.00012751
0.5046234,4.698495e-05
0.5046635,0.000132888
0.5047041,0.0001304221
0.5047495,0.0002051364
0.5048173,0.00011437
0.5048188,0.0001023831
0.504821,8.519208e-05
0.504823,0.0001415987
0.5048423,0.0001528046
0.5048524,0.0001193605
0.5048537,0.0001793313
0.5048738,0.0001481153
0.5048985,0.0001272477
0.5049006,6.290972e-05
0.5049064,0.0001195896
0.5049093,0.0001785736
0.5049184,8.678444e-05
0.5049249,0.0001432406
0.5049443,0.0001489393
0.5049683,0.0001167717
0.5049993,0.0001239553
0.5050007,0.0001314695
0.5050007,0.0001340822
0.5050017,0.00010631
0.5050073,9.823544e-05
0.505035,0.0001293539
0.5050457,0.0002085312
0.5050914,0.0001875183
0.5051193,0.0001578439
0.5051306,0.0001078154
0.5051324,0.0001098924
0.5051327,0.0001251721
0.5051472,0.0001624744
0.5051509,0.0001193823
0.505166,0.0001337495
0.5051661,0.0001108852
0.5052095,0.0001541473
0.5053123,0.0001279928
0.5053217,0.0001469867
0.5053511,0.0001011107
0.505374,0.0001686159
0.5053757,0.0001558271
0.5053996,0.0001194335
0.5054121,0.0002273312
0.5054144,0.0001322012
0.5054178,0.0001661192
0.5054346,0.0001576572
0.5054482,9.509071e-05
0.5054587,7.84733e-05
0.5054668,0.0001229609
0.5054728,0.0001318187
0.5054756,0.0001108588
0.5054875,0.0001649912
0.5055048,0.0001272195
0.5055158,3.44967e-05
0.5055204,0.0001714221
0.5055376,0.0002013541
0.5055438,3.762346e-05
0.5055709,0.0001199138
0.505578,5.085123e-05
0.5055794,0.0001047681
0.5055878,0.0001011534
0.5055976,0.0001530661
0.5056136,0.0001124303
0.5056139,0.0001382453
0.5056333,0.0001418137
0.5056502,0.0001235546
0.5057035,0.0001444366
0.5057068,0.0001776575
0.5057154,0.0001978287
0.5057169,0.0001044534
0.5057356,0.0001101961
0.5057473,0.0001883419
0.5057498,0.0001390615
0.5057643,0.0001075191
0.5057836,9.094582e-05
0.5057844,0.0001412535
0.5058294,0.0001558422
0.5058324,0.0001563873
0.5058347,0.00015913
0.5058429,0.0001167595
0.5058617,0.0001485288
0.5058926,0.0001149171
0.5058954,0.0001734235
0.5059503,0.0001026894
0.5059604,0.0001295762
0.5060057,0.00012689
0.5060184,8.111373e-05
0.5060247,0.0001238551
0.5060811,0.0001136673
0.5061085,0.0001536374
0.506119,0.0001352629
0.5061253,0.0001966611
0.506129,0.0001531552
0.5061325,0.000156585
0.5061436,8.124841e-05
0.5061437,0.0001652379
0.5061774,0.0003704935
0.5061865,8.187212e-05
0.5061896,0.0001571089
0.506223,0.0001674964
0.5062234,0.0001168497
0.5062348,3.464929e-05
0.5062421,0.0001277573
0.5062576,0.0001465236
0.5063375,0.0003002839
0.5063707,0.0001343441
0.5063769,0.0001226401
0.5063826,0.0001222862
0.5063884,0.0001550359
0.5064037,0.0002056408
0.5064048,0.0001084038
0.5064846,8.777661e-05
0.5065005,7.426706e-05
0.5065233,9.114831e-05
0.5065286,9.95877e-05
0.5065321,0.0001366619
0.5065457,0.0001624586
0.5065853,0.0001005074
0.5065973,3.336462e-05
0.5066063,0.0001369024
0.506613,0.0002012473
0.5066189,0.0001181856
0.5066819,0.0001477601
0.5066888,0.0001256499
0.5067239,0.0001790576
0.5067407,0.0001014119
0.506773,0.0001085062
0.5068234,0.0001932841
0.5068502,0.0001541398
0.5068823,0.0001020468
0.5068986,0.0001318156
0.5069382,0.0001019017
0.5069501,0.0001630247
0.5069885,0.0002977046
0.5069965,0.0001321617
0.5070427,0.0001303209
0.5070451,0.0001368116
0.5070537,0.0002543759
0.5071241,0.0001634249
0.5071332,7.722335e-05
0.5071381,0.0001683115
0.5071625,0.0001742716
0.5071688,0.0002085784
0.5071983,0.0001625647
0.507278,0.0005182718
0.5072815,0.0001587535
0.507295,0.0001389275
0.5072981,0.0001291007
0.5073088,0.0008913583
0.5073102,0.0001450874
0.5073466,0.0001412621
0.5073717,0.0001648078
0.5073965,0.0001020404
0.5074175,0.0001863185
0.5074223,5.993418e-05
0.5074435,0.0001344651
0.5075018,0.0001168734
0.507525,0.0001874356
0.5075442,0.0002569241
0.5075464,0.0001799548
0.5075523,0.0001132963
0.507573,0.0001234918
0.5076043,0.0001836548
0.5076586,0.0001401342
0.5076714,0.0001779451
0.507682,0.0001016926
0.5076825,0.0001779484
0.5076964,0.0001226625
0.5077253,0.0001481752
0.507759,8.532518e-05
0.5077644,9.57162e-05
0.5078124,9.936585e-05
0.5078259,0.0001400732
0.5079239,0.0002266253
0.5079811,8.957242e-05
0.5079944,0.00010445
0.5080384,0.0002905837
0.5081286,0.0002540593
0.5081415,0.0001233544
0.5081518,0.0001695809
0.5081522,0.0002464332
0.5081679,0.0001648924
0.5081685,0.0001950032
0.5082477,0.0001242149
0.5082546,0.0002040031
0.5082695,9.424454e-05
0.5082721,0.0001377596
0.5082816,0.0001797966
0.5082867,8.309508e-05
0.5082911,0.0002336461
0.5083041,0.0001644198
0.508328,0.0001435197
0.5083551,0.0001273187
0.5084187,0.0001364389
0.5084593,0.000133493
0.5085655,0.000210863
0.5086244,0.0001634607
0.5086279,0.0001341928
0.5086482,0.0001781385
0.5086631,0.0001002042
0.5087008,0.0001132303
0.5087039,0.0001529136
0.508725,0.0001985248
0.5087515,0.0001279483
0.5087549,0.0001450916
0.508767,0.0001505105
0.5087787,7.895282e-05
0.5087953,9.55974e-05
0.5088049,0.000120128
0.5088369,0.0001553547
0.5088536,9.42336e-05
0.5088581,0.0001638
0.5088819,0.0001276247
0.5088944,0.000221607
0.5089522,0.0001155938
0.508975,0.0001543049
0.5089805,0.000193831
0.5089987,0.0001240474
0.5090317,0.000510994
0.5090621,0.0001585941
0.5090721,0.0001593346
0.5090836,0.000136102
0.5090923,0.0001324585
0.5091319,0.0001897238
0.5091563,0.0001207101
0.5091641,8.80154e-05
0.5091829,0.0001541961
0.5092077,4.351511e-05
0.5092151,0.0001538087
0.5092191,0.0001713492
0.5092674,8.711965e-05
0.5093042,0.0002694374
0.5093759,0.0001357109
0.5094124,0.0001592045
0.5094424,0.0001303627
0.5094614,0.0001030126
0.5094856,0.0001408623
0.5094906,4.343991e-05
0.509492,0.0001548181
0.5095393,9.814697e-05
0.5095536,0.0002321476
0.5095751,0.0001285106
0.5095874,0.0001171577
0.5096061,0.0003024443
0.5096236,4.180671e-05
0.5096276,0.0001282421
0.5096284,0.0001085339
0.5096633,0.0001321728
0.5096861,0.0001498443
0.5097363,7.273629e-05
0.5098011,0.000117293
0.5098293,0.0001616994
0.5098602,0.000178972
0.5098749,0.0001452739
0.5098912,0.0001146404
0.509892,0.0001306922
0.5099186,0.0002191491
0.5099609,0.0005598944
0.5099639,7.950485e-05
0.5100257,0.0001274807
0.5100357,0.0001506752
0.5100515,0.0001564733
0.510103,0.0001356926
0.5101255,0.0001262358
0.5101319,8.63437e-05
0.510137,0.000115214
0.5101585,0.0001191113
0.5102187,9.634404e-05
0.5102839,0.0001160448
0.510294,0.000127566
0.5103083,7.739353e-05
0.5103399,0.0001229809
0.5103785,0.0001411169
0.510392,0.0001259837
0.5103995,0.0002241023
0.5104628,9.536515e-05
0.5104651,9.426909e-05
0.5105557,0.000116396
0.5105918,0.0001503097
0.5105965,0.0001339063
0.5106042,0.000162925
0.5106164,0.0001593539
0.5106328,0.000152297
0.510652,0.0002717653
0.5106966,0.0001230416
0.5107158,0.0001628286
0.51073,0.0001148295
0.5108051,0.0003061016
0.5108179,0.0001617059
0.5108433,0.0002294824
0.5108488,0.0001340832
0.5108525,0.0008943476
0.5108849,0.0001492921
0.5109096,0.0001608559
0.51092,0.0001196185
0.5109323,0.0001190567
0.5109615,9.273176e-05
0.5109653,0.0001426849
0.5109681,0.0001047736
0.5109702,6.782469e-05
0.5110016,0.0001238747
0.5110062,0.0001470827
0.5110589,0.0001042389
0.5110907,0.0001482936
0.5111033,0.0001310736
0.5111348,0.0001069684
0.5111367,0.0001170333
0.5111809,0.0001215613
0.5111844,0.0001493388
0.5111981,8.941581e-05
0.5112119,9.040599e-05
0.5112268,4.530183e-05
0.5112398,0.0001555174
0.5112474,0.0001101358
0.5112985,0.0001639409
0.5113404,0.0002097614
0.5113721,0.0006627007
0.5113952,0.0001082105
0.5114006,0.0001673042
0.5114219,0.0001424685
0.5114359,9.163086e-05
0.5114603,0.0001521861
0.5115126,0.0002137192
0.5115516,0.0009399775
0.5115731,0.0001932237
0.5115869,0.0001293366
0.5116412,0.0001293035
0.5116512,0.0001120958
0.5117005,0.0003042632
0.5117055,0.0001499813
0.5117108,7.656554e-05
0.5118226,0.0001408028
0.5118318,8.657336e-05
0.5118763,0.0001023428
0.5118841,0.0002011609
0.5119085,0.0003521458
0.5119413,0.0001124318
0.5119768,0.0001703261
0.5119838,0.0001043889
0.5119855,0.0001662777
0.5120027,0.6474236
0.5120143,0.0001049185
0.5120869,0.0001091752
0.5120949,0.0001568809
0.5120963,0.0001072439
0.5121033,0.0001614497
0.5121068,0.0001646414
0.5121748,0.0001659101
0.5121985,0.0001212476
0.5122,0.0001507208
0.5122029,0.0001297911
0.512203,0.0001062661
0.512259,0.0007328124
0.5122615,0.000151941
0.5122671,0.0001660116
0.5122818,0.0001385359
0.5122967,0.0001183983
0.5123075,5.827465e-05
0.5123369,0.0001294119
0.512342,3.273759e-05
0.5123637,0.0001049166
0.5123934,0.0001284881
0.5124257,0.0001243728
0.5124455,6.673366e-05
0.5124826,8.294875e-05
0.5124906,0.0001182981
0.5125376,0.0008674298
0.5125615,7.935284e-05
0.5125873,0.000207421
0.5126244,0.0001582628
0.5126368,9.76342e-05
0.5126371,3.585908e-05
0.5126431,0.0001564795
0.5126523,0.0001444234
0.5126524,0.0001152386
0.5126556,0.0001872287
0.5126689,0.0005644241
0.5126843,0.000121122
0.5126941,8.113779e-05
0.5127137,0.0001613527
0.5127223,0.0001569024
0.5127481,0.0001393065
0.5127525,0.0003308143
0.5127822,2.763097e-05
0.5128,0.0001258139
0.5128176,0.0001225411
0.512818,3.477617e-05
0.5128346,0.000110084
0.5128528,0.0001475382
0.5129216,0.0001547616
0.5129255,0.0002358011
0.5129257,0.0001444105
0.5129407,0.0001585215
0.5129408,0.0001367266
0.5129489,0.0002183314
0.5129822,0.0001453893
0.5130264,0.0005717789
0.5130483,0.0002231647
0.5130515,0.0001792691
0.5130623,5.533409e-05
0.5130675,0.0001619973
0.5130729,0.000156248
0.5130975,0.0001716573
0.513124,7.777369e-05
0.5131339,0.0001023594
0.5131504,0.0001459226
0.5131618,0.0001263053
0.513234,0.0003294828
0.5132478,9.209947e-05
0.5132733,0.0001296677
0.5133303,0.0001270821
0.5133309,0.0001333415
0.5133418,8.199788e-05
0.5133668,0.0001427966
0.5133672,7.422418e-05
0.5133693,0.0001308282
0.5133744,4.516919e-05
0.5134053,0.0001450827
0.5134426,0.0001218693
0.5134683,0.0001385642
0.5135161,0.000167213
0.5135853,8.527089e-05
0.5136081,4.784987e-05
0.5136323,0.0001259747
0.5136446,0.0001063349
0.5136477,0.0001058491
0.5137141,0.0001196772
0.5137356,0.0001476216
0.5137948,9.779652e-05
0.5138078,0.0001839449
0.5138102,0.0001107913
0.5138115,0.000250753
0.5138206,0.0002098815
0.5138514,0.0001421631
0.5138757,0.0001648537
0.5138777,0.0002414069
0.5138925,0.0001200967
0.5138959,0.0001514353
0.5139087,0.0001623213
0.5139474,0.0002049547
0.5139651,0.0001485926
0.513997,0.0001161863
0.5140089,0.0001357741
0.5140128,0.0001525971
0.5141014,0.000136715
0.5141654,0.0001054389
0.5141718,0.0001606871
0.5141879,0.0001424569
0.5141928,0.000137494
0.5142168,0.0001724883
0.5142673,0.0001007482
0.5143517,0.0001263801
0.5143695,3.376765e-05
0.5144185,0.0001886174
0.5144511,0.0001510448
0.5144703,0.0001342519
0.5144911,0.0001332044
0.5145144,0.0002967046
0.5145681,0.0001359014
0.5145851,0.0001279594
0.5145864,0.000162136
0.5146117,0.0002097936
0.5146421,0.0001218876
0.5146714,0.000211905
0.5146946,0.0001584996
0.5147161,0.0001494438
0.5147232,0.0001421525
0.5147374,0.0002049223
0.5147433,0.0001217132
0.5147602,0.0001673303
0.514834,0.0003960243
0.514856,0.0001258008
0.5149153,0.0001087044
0.5150241,0.0001293494
0.5150255,9.431194e-05
0.515036,1.597593e-05
0.5150462,0.0001507931
0.5150722,0.0001868996
0.5150898,0.0001145439
0.5150901,0.0003054043
0.5151309,0.00014302
0.5151313,0.0001455065
0.5151744,0.000486354
0.5152058,0.0001720266
0.515221,0.0001819732
0.5152429,0.0001056353
0.5152799,0.000140479
0.5152868,0.0001425097
0.515287,0.0003883022
0.5153251,0.0001725866
0.515329,0.0001897204
0.51537,0.0001753107
0.5153748,0.0001246813
0.5154027,0.0001332976
0.5154043,0.0002481953
0.5154584,0.0001753042
0.5154991,0.000218601
0.5155011,0.0001353762
0.5155141,0.0002743754
0.5155161,0.0001320354
0.5155305,0.0001193967
0.5155312,0.0001501265
0.5155538,0.0001704465
0.515566,0.00017583
0.515574,0.000155711
0.5156279,0.0001495564
0.5156529,0.0001399931
0.5157313,8.434464e-05
0.5157419,1.762171e-05
0.5157568,0.0001689947
0.5157601,0.000134062
0.5157759,0.0001404269
0.515806,0.0002341563
0.5158246,0.0001237645
0.5158458,0.0001881524
0.5158548,0.0001467912
0.5159175,0.0001432468
0.5159395,0.0001094328
0.515956,0.0001165575
0.5159788,9.727749e-05
0.5159836,0.0001695341
0.5160052,0.0001239971
0.5160407,0.0001190628
0.5160443,0.0001144991
0.5160728,0.0001136567
0.5160987,0.0001384064
0.5161173,0.0001372639
0.5162085,0.0001371446
0.5162303,0.0001066559
0.5162359,0.0001159917
0.5162434,0.0001265578
0.5162787,0.000194478
0.5163188,0.0001503158
0.5163299,0.0001058929
0.516336,7.802419e-05
0.5163516,0.0001546348
0.5163587,0.0001638383
0.5163902,0.0001540009
0.5164288,0.00013884
0.5164341,0.0001050148
0.5164593,0.0001048478
0.5164711,0.000191198
0.5164743,0.000156454
0.516477,0.0001264086
0.5165412,0.0001636023
0.5165892,0.0001487226
0.5165945,0.0001840199
0.5166027,0.0002091152
0.5166093,0.0001907421
0.5166124,0.0001442929
0.5166435,0.0001319745
0.5166467,0.0001312029
0.516665,0.0001919284
0.5166858,0.0002951686
0.516699,0.0001227698
0.5167071,0.0001033569
0.5167142,0.000149
0.5167248,0.0001186263
0.5167263,0.0001792322
0.5167421,9.678023e-05
0.5167685,0.00014085
0.516785,0.0001441098
0.5167862,0.0001567004
0.5168009,9.145194e-05
0.5168278,4.144897e-05
0.5168327,0.0001363849
0.5168738,0.0001482738
0.5168804,0.0001211733
0.5168945,0.0001010658
0.5169087,0.0001748135
0.5169093,0.0001161412
0.516917,0.0001058414
0.5169451,0.0001121665
0.5169639,0.0001211244
0.5169672,0.0001122242
0.5169728,9.616634e-05
0.5169778,0.0002870954
0.5170326,7.392493e-05
0.5170478,0.0001038951
0.5170507,8.399433e-05
0.517091,0.0001318539
0.5171475,0.0001472962
0.517189,0.0001327938
0.5172388,0.0001472929
0.5172485,0.0001157439
0.5172573,0.0009592779
0.5172673,0.0001534482
0.5172775,0.0001031808
0.5173125,0.0001051783
0.5173223,8.753314e-05
0.5174266,0.0002418427
0.5174341,0.0001186945
0.5175216,0.0001504599
0.5175465,0.0002499165
0.5175518,0.0001688454
0.517563,0.8416743
0.5175645,0.0001121182
0.5175814,0.0001654884
0.5176005,0.0001442051
0.5176472,0.0001050657
0.5176531,0.0001950772
0.5176682,0.0001477715
0.5176771,0.0001503072
0.5176776,0.0001664877
0.5177049,0.0001229954
0.5177202,0.0001070098
0.5177379,0.0001655269
0.5177429,0.0001924072
0.5177516,0.0002185019
0.5177884,0.0001788938
0.5178071,0.0002346339
0.5178162,0.0001307938
0.5178229,4.587822e-05
0.5178418,0.0001312027
0.5178566,0.0001579791
0.5178612,0.0001229612
0.5178769,0.0001408634
0.5179056,0.0002641992
0.5179492,0.0001693723
0.5179612,0.0001192393
0.5180138,0.0001449848
0.5180665,0.0001455975
0.5180886,0.0001730543
0.5181087,6.914805e-05
0.5181504,0.0001460388
0.518172,0.0002522107
0.5181957,0.0001523389
0.5181994,0.0001111189
0.5182162,0.0003187122
0.5182205,0.0002187558
0.5182446,0.0001293134
0.5182652,0.0001841162
0.5182675,0.0001263138
0.5182856,0.0001110745
0.51832,0.0002115672
0.5183417,0.0001559461
0.5184053,0.0001501253
0.518432,0.0001945371
0.5184453,9.555025e-05
0.5185027,9.517535e-05
0.5185226,0.0005270074
0.5185269,0.0001154416
0.5185272,0.0001620421
0.5185561,0.0001016203
0.518595,9.021819e-05
0.5186003,0.0003402666
0.51868,0.0001081844
0.5187394,0.0001454599
0.5187838,0.000153683
0.5187878,0.0003692322
0.5188094,0.0001556586
0.5188248,0.0001315676
0.5188403,0.0001273798
0.5188562,0.0006391144
0.5188639,0.0002834157
0.5188875,0.0002052332
0.5188962,9.076608e-05
0.5188983,0.0002180851
0.5189087,0.0001562401
0.518922,0.0002296793
0.518941,0.0001391267
0.5189474,9.512493e-05
0.5189762,0.000165899
0.5189831,0.0001012288
0.5189847,0.000127698
0.5190132,0.0001266651
0.5190477,0.0001262872
0.5190765,0.0001199508
0.5191019,0.0002095577
0.5191344,0.000132947
0.5191455,5.837345e-05
0.5191754,0.0001669017
0.5191799,0.0001235291
0.5191871,0.0001699083
0.5191908,7.162796e-05
0.5192094,0.0001232084
0.5192204,7.431352e-05
0.5192222,0.0001495265
0.5192232,0.0001089993
0.5192249,0.0001499313
0.5192276,0.001012955
0.5192458,0.0002741367
0.5192493,0.0001066607
0.5193475,7.954251e-05
0.5193599,0.0001177242
0.5193973,8.017655e-05
0.5194055,0.0002020126
0.5194352,9.738746e-05
0.5194638,0.0002595991
0.5194759,0.0001857751
0.5194794,0.0001276101
0.5194903,0.000136712
0.5195286,6.197474e-05
0.5195571,0.0001559358
0.5195583,0.0001024668
0.51956,9.041974e-05
0.5195605,0.0001374932
0.5195638,0.0001418691
0.5195675,0.0001208071
0.5195996,9.07573e-05
0.519606,0.0001387316
0.5196112,6.616813e-05
0.519612,0.00012584
0.5197137,0.0001728139
0.5198066,0.0002440006
0.5198246,4.803635e-05
0.519828,0.0001363789
0.5198625,0.0001686117
0.5198659,0.0001653762
0.5198732,0.0001533438
0.5198786,0.0001387635
0.5199089,0.000115667
0.5199138,0.0001168112
0.5199177,0.0001120685
0.5199281,9.775338e-05
0.5199339,0.0001231867
0.5199555,0.0001896499
0.5199893,0.0001203179
0.5199937,8.02538e-05
0.5200158,3.597546e-05
0.5200273,0.000111977
0.5200861,0.0001334486
0.5201035,0.0001719091
0.5201175,0.0001591909
0.5201192,0.0003428961
0.5201658,9.517244e-05
0.5201977,8.995705e-05
0.5202073,0.0001296111
0.5202259,0.000121709
0.5202277,0.0001400499
0.5203267,0.0001181121
0.5203497,0.0001528064
0.5203554,0.00022251
0.5203621,0.0001850205
0.5204257,0.000267596
0.5204268,8.208061e-05
0.5204393,0.0001329829
0.5204421,0.0001019112
0.5204509,0.0001819451
0.5204527,0.0001320142
0.5204558,0.0001639967
0.5204574,0.0001192971
0.5205186,0.0001634232
0.5205334,0.00015636
0.5205445,0.0001430349
0.5205457,0.0001319965
0.5205481,0.0001389465
0.5205619,0.0001890595
0.5205634,0.000180469
0.5205657,0.0001706699
0.5206196,0.0002004534
0.5206273,0.0001518155
0.5206618,0.0001509107
0.5206718,0.0001301836
0.520698,0.000154808
0.5207159,0.0001771273
0.5207464,0.0001078949
0.5207473,0.0001852693
0.5207492,1.347787
0.5207581,3.219697
0.5207616,6.620838e-05
0.5207753,0.0002286118
0.5208323,0.0001463743
0.5208619,0.000189905
0.5208794,0.0001296727
0.5208969,0.0001126803
0.5210031,0.000165559
0.5210289,0.0001914642
0.5210473,0.0001421459
0.5210703,0.0001479104
0.521084,0.0002309135
0.5211163,0.000171111
0.521117,0.0001011613
0.5211501,8.079549e-05
0.5211647,0.0001617848
0.5211823,0.0001232596
0.5211835,0.0001640994
0.5212055,0.0001410218
0.5212125,0.0001233928
0.5212711,0.0001610081
0.5212718,0.0001250546
0.5212753,0.0001441299
0.5212831,0.001064365
0.5212888,0.0002146719
0.5213009,0.0003548609
0.5213164,0.0002153349
0.521334,0.0001798908
0.5213426,0.0001177503
0.5213453,3.844771e-05
0.5214563,0.0001642139
0.5215098,0.000108691
0.5215219,0.0001728553
0.5215565,0.0001468393
0.5215896,0.0001186164
0.5215951,0.000127693
0.5216004,5.599048e-05
0.5216234,0.0001953021
0.5216494,9.415064e-05
0.5216715,0.0001331636
0.5216759,0.0002007923
0.5216909,0.0001549294
0.5217357,0.0001190947
0.5217436,0.0001319104
0.5217556,0.0001750027
0.521763,0.0002214626
0.5217691,0.000125567
0.5218061,0.0001713558
0.5218177,0.0001826004
0.521822,0.0001557385
0.5218285,0.0002396626
0.5218333,0.0001717078
0.5218347,0.0001404169
0.5218394,0.0001375584
0.5218803,0.0001074505
0.5219266,0.00012267
0.5219699,0.0001544949
0.5220426,0.0003958408
0.5220514,0.000164627
0.5221085,0.0001943932
0.5221396,0.0001327238
0.5222002,0.0001436793
0.522207,2.458792e-05
0.5222378,0.0001734474
0.5222508,0.0001031231
0.5222695,9.256585e-05
0.5222985,0.0001825795
0.5223073,0.00016803
0.5223103,0.0001184239
0.5223135,4.286693e-05
0.5223379,0.0001450058
0.5223752,0.0002135736
0.5223845,0.0001508725
0.5224895,0.0003382644
0.5225057,8.450346e-05
0.5225796,9.367413e-05
0.5226245,0.0002767182
0.5226726,0.000277999
0.5226803,0.000169155
0.5226837,0.0001780652
0.5226845,0.0002128644
0.5227354,0.0001206448
0.5227956,0.0001460591
0.522805,0.0002086777
0.5228136,0.0002111949
0.5228227,0.0001243839
0.5228236,0.000180667
0.5228307,0.0001505254
0.522839,0.0001437855
0.522859,0.000154835
0.5228869,0.0005049785
0.5229244,0.0001641934
0.5229426,0.0001174586
0.5229431,0.000149057
0.5229612,0.0001144132
0.5229996,0.0001481283
0.5230187,0.0001847848
0.5230576,0.0001617372
0.5230826,0.0001994208
0.5230947,0.0001639815
0.5231076,9.358607e-05
0.5231345,0.0001271397
0.5231353,0.0001540219
0.5231476,0.0001406752
0.5231733,0.0001132247
0.5232309,0.0001065467
0.523231,0.0001970167
0.5232368,0.0001423195
0.5232562,0.000132572
0.5232753,0.0001990364
0.5232896,0.0001187981
0.5232953,0.0001067126
0.5233269,0.0001531895
0.5233525,0.0001480829
0.5233576,0.0001210043
0.5233718,0.0001112937
0.5233852,8.996249e-05
0.5234057,7.098099e-05
0.523425,0.0001702669
0.5234674,0.0001483928
0.5234816,0.0001483691
0.5235124,0.0001241033
0.5235183,0.0001199268
0.5235693,0.0001877133
0.5235716,0.0002114839
0.5235752,0.0001170361
0.5235824,0.000149045
0.5235828,0.0003730872
0.5235862,9.825674e-05
0.5235922,0.0001496649
0.5236459,6.513133e-05
0.5236742,0.0001566315
0.5236807,0.0001066692
0.5236909,0.0001096542
0.5237256,0.0002491806
0.5237332,0.0001377211
0.5237433,0.0002047641
0.5237575,0.0001991266
0.5238202,0.0002169864
0.5238376,6.006105e-05
0.5238408,0.0001409481
0.5238446,0.0001268948
0.523868,0.0001711811
0.5238723,3.384098e-05
0.5239433,0.0001124
0.5239494,0.0001135437
0.5239526,0.0001588298
0.5239543,0.0001054478
0.5239576,0.0001939053
0.5239683,0.0001474055
0.5239815,0.0001255252
0.5239927,0.0001310678
0.5239941,0.0001975933
0.5240217,0.0002713384
0.5240326,0.0001152826
0.5240361,0.0001590179
0.5240489,0.0001481785
0.5240706,0.0001577232
0.524073,0.0001476973
0.5240782,0.0001815337
0.5240859,0.0001320056
0.5240966,0.000120678
0.5240984,0.0002076743
0.5241174,0.0001415544
0.5241938,0.0001011486
0.5242049,0.0001161154
0.524236,1.613119
0.5242927,0.0001477398
0.5243205,0.0001287994
0.5243586,0.0002076837
0.5243765,9.904694e-05
0.5243941,0.0001869701
0.5244325,0.0001628574
0.5244439,0.0004563928
0.5244476,0.0007726288
0.5244504,0.0001008328
0.5245,0.0001151849
0.5245188,9.286459e-05
0.5245553,0.0001375458
0.5245666,0.0001566237
0.5245776,0.0001161267
0.5246156,0.0002543064
0.5246646,0.0001718493
0.5246858,0.0002343692
0.5247065,0.0001414719
0.5247107,0.000197297
0.5247241,0.0001389231
0.5247272,0.0002494119
0.5248047,0.0001260898
0.5248302,0.0002205145
0.5248411,0.0001269917
0.5248415,0.0001215593
0.5248495,0.0001320941
0.5248498,0.0001064817
0.5248641,7.406589e-05
0.5248743,0.0002265925
0.5248956,0.0001722341
0.5249485,0.0001111454
0.5249574,0.0002571422
0.5249668,0.0001835926
0.5249704,0.0001705023
0.5250198,0.0001365528
0.5250277,0.0001364299
0.52503,0.0001498994
0.5250458,0.0001038794
0.5251154,0.0001458764
0.5251346,0.0001115043
0.5251465,0.0001216743
0.5251535,0.0001399008
0.5251818,0.0002023124
0.5251907,3.36133e-05
0.5252188,0.0001724745
0.5252277,0.0001361574
0.525322,0.0001920855
0.5253237,0.0001495191
0.5253319,0.0001403126
0.5253583,0.0001951941
0.5253793,9.787646e-05
0.5254241,0.0002165501
0.5254582,0.000144438
0.5254661,0.0001383694
0.5254735,0.0001161982
0.5254821,0.0001486772
0.5254909,0.0001157369
0.5256006,0.0001833718
0.5256236,0.0001194346
0.5256569,0.0001890135
0.5256747,0.0001578709
0.5256761,0.0001157435
0.5257813,0.0001894837
0.5259082,0.0001321933
0.5259261,0.0001535587
0.5259335,0.0001170841
0.5259339,0.0001366356
0.5259401,0.0001183933
0.5260001,0.0001329938
0.5260057,0.0001295618
0.5260213,0.0002014548
0.5260284,0.0004031916
0.5260315,0.0001587121
0.5260409,0.0002686682
0.5260565,0.0001895217
0.5260707,0.0001103029
0.5261006,0.0001817983
0.5261156,0.0002188806
0.5261673,0.0003404819
0.5261677,0.0002544716
0.5261797,0.0001120496
0.5261928,0.0001180853
0.5262607,0.000117938
0.526298,0.0001915525
0.5263554,0.000128686
0.5263698,0.0001325979
0.5263914,0.0002109598
0.5264249,0.0001051035
0.5264441,0.0001332357
0.5264578,0.0001852703
0.5264656,0.0002031355
0.5264803,0.0001288467
0.5264872,9.578537e-05
0.5265069,0.0002120515
0.5265331,6.982524e-05
0.5265422,0.0002134809
0.5265687,0.0003876385
0.5265711,0.0002176991
0.5265904,0.0001354847
0.5265968,0.0002050546
0.5266007,0.0001856959
0.5266433,0.0001579655
0.5266572,0.0001641263
0.5266636,0.0001077331
0.5266865,0.01389123
0.5267208,0.0002215325
0.5267336,0.0001512036
0.5267475,0.0001658712
0.5267872,0.0001230067
0.5267959,0.0001132135
0.5268308,0.0002037669
0.5268396,0.0001182606
0.5268412,0.0001022429
0.5268703,0.0001619304
0.5268731,0.0001419383
0.5268826,0.0001223479
0.526893,0.0001501869
0.5269164,0.0001276548
0.5269536,0.0001402257
0.5269923,9.9657e-05
0.5270182,0.07617501
0.5270547,0.0001696069
0.5270697,0.0001453795
0.5270833,0.0001045614
0.5270863,0.0001298864
0.5270901,0.0001673242
0.5271809,0.0001725971
0.5272068,0.0001171886
0.5273469,0.0001252501
0.5273892,0.0001330439
0.5274523,0.000167284
0.5274534,0.0009052339
0.5274626,0.0001213758
0.5274694,0.0001469338
0.5274836,0.0001475117
0.5275105,0.000115926
0.5275121,0.0001429083
0.527514,0.0001102546
0.5275519,0.0001449204
0.527564,0.000165337
0.5275821,0.000122777
0.5277302,0.000190847
0.527737,0.000165755
0.5278404,0.0001255925
0.5279558,0.0001428754
0.5279578,0.0001551285
0.5279586,0.0001395131
0.5280148,0.0001480181
0.5281058,8.069285e-05
0.5281066,0.000163727
0.5281705,8.782165e-05
0.5282076,0.0001324171
0.5282431,0.0001260786
0.5282579,0.0001347929
0.5283106,0.0001414141
0.5283394,0.0001987558
0.5284534,9.857275e-05
0.5285234,0.0001272755
0.5285762,0.0001415945
0.5286279,0.0001225649
0.5286393,0.000144224
0.5286946,0.0001286588
0.5287157,0.0001231469
0.5287335,9.783189e-05
0.5288193,0.0001969423
0.5288387,0.0001954503
0.5288636,0.0002032664
0.5289358,0.0002407914
0.5289585,0.0001309165
0.5289772,0.0001175092
0.528981,0.0001847567
0.529085,0.000116646
0.5291155,0.0001405058
0.5291247,0.000232881
0.5291513,0.0001453232
0.5291651,0.02353278
0.5291735,0.0001546847
0.5291829,0.0001231528
0.529184,0.0001429508
0.529223,0.0001377429
0.5292642,0.0001637891
0.5292894,0.0001066505
0.5293007,0.000125804
0.5294148,0.0001273575
0.52947,0.0001009288
0.5294742,0.0001078365
0.5294748,0.0002374683
0.5295017,0.0001687627
0.5295466,0.0001128405
0.5295482,0.0001219025
0.5295501,0.0001493888
0.5295624,0.0003547623
0.5295718,0.0002162181
0.5295943,0.0002860089
0.529597,0.0001002643
0.5296205,8.016124e-05
0.5296826,0.0001268398
0.5296953,0.0001165868
0.5297027,0.0001032771
0.5297629,0.0001121929
0.5297792,0.0001935447
0.5297863,0.0002414819
0.5297872,0.0001204606
0.5297985,0.0001869554
0.5298379,0.0001388668
0.5298776,0.00013228
0.5299273,0.000141414
0.529947,7.245231e-05
0.529959,0.000147041
0.529996,0.0001393622
0.5300131,5.909861e-05
0.5300179,0.0001173439
0.5300435,0.000164096
0.5300723,0.0002907286
0.5300977,8.014113e-05
0.5301336,0.000164333
0.5301358,0.0002056423
0.5302521,0.0001493685
0.5302573,7.762017e-05
0.5302743,0.0001490321
0.5302747,6.341939e-05
0.5302963,0.0001427985
0.530316,9.28537e-05
0.5303527,0.0001209833
0.5303792,0.000124236
0.5304313,0.0004271821
0.5304599,0.0001103581
0.5305089,0.0001269601
0.530516,0.0002449964
0.5305247,8.567583e-05
0.5305262,0.0001241935
0.5305728,0.0001275406
0.530624,8.617154e-05
0.5306994,0.0001360553
0.5307037,0.0001806518
0.5307201,0.0001101561
0.530771,0.0001540725
0.5308805,0.0001536907
0.5309212,0.0001929175
0.5309314,0.0001370466
0.5309425,0.0001233477
0.5309497,0.0001023637
0.5309647,9.227363e-05
0.5310269,0.0001407416
0.5310716,0.0001784505
0.5310853,0.0001609983
0.5311069,0.000207681
0.5311142,0.0001193846
0.5311393,0.0001295935
0.5311577,0.0001435041
0.5311923,0.0001326548
0.5311969,0.0001185415
0.5312287,0.0001273033
0.5312591,0.0001364029
0.531285,9.719032e-05
0.5312936,0.0001355369
0.5313013,0.0001065009
0.5313115,0.0001151586
0.5313183,0.0001767521
0.5313298,0.0001541443
0.5313536,0.000139346
0.5314525,0.000173209
0.5314602,0.0001211505
0.5314659,0.0002121792
0.5314813,0.0001489656
0.5314875,0.00012655
0.5315225,0.0001318881
0.5315505,0.0001467237
0.5316199,0.0001509925
0.5316691,8.359484e-05
0.5316783,0.0001524509
0.5317212,9.726e-05
0.5317425,0.0001879762
0.5317457,0.0001090966
0.5317827,0.0001957435
0.5318037,0.0001351461
0.5318044,0.0002575843
0.5318249,0.0001497691
0.5318581,0.000134467
0.5318702,0.0001626322
0.5318977,0.0001679015
0.5319186,0.0002176616
0.5319653,0.0002494194
0.5319724,0.0001646439
0.5319918,0.0001327523
0.5320268,0.0001903176
0.5320529,0.0001837584
0.5320557,0.0001384864
0.5320596,0.000119803
0.5321329,0.0001292208
0.5321484,8.78859e-05
0.5321952,0.0001655551
0.5322421,0.0001609835
0.5322679,0.0002079824
0.5322902,0.0001066527
0.5323068,0.0001616293
0.5323165,0.0001124942
0.532322,0.0001406867
0.5323277,0.0001817469
0.5323603,8.971045e-05
0.5324203,6.59494e-05
0.5324356,0.0001436341
0.5324582,0.0001724269
0.5324763,0.0001717374
0.5325212,0.0004594453
0.5325551,0.0001154469
0.5325585,0.0008115101
0.53256,0.0001813763
0.5325602,0.0001523848
0.5326045,0.0001248861
0.5326164,0.000123222
0.5326644,0.0001343007
0.5326656,0.0001234802
0.5326695,0.0001866218
0.5326707,5.641759e-05
0.5326826,9.704623e-05
0.5327588,0.0001231633
0.5327687,0.0001374904
0.5328155,0.0001000782
0.5328912,0.0001002991
0.5328984,0.0001393848
0.5329598,0.0001743567
0.53297,0.0001049308
0.5329875,0.0001225664
0.5329975,0.0001710889
0.5330053,0.0002351394
0.5330129,0.0001695022
0.5330225,0.0001939943
0.5330394,0.0001252035
0.533052,0.0001199472
0.5330831,0.000182153
0.533092,8.449069e-05
0.5331633,0.0001680864
0.533179,0.0002715148
0.5332006,0.0001736356
0.5332033,0.0001078882
0.5332158,0.0003563101
0.5332925,0.0001082758
0.5332956,0.0001660693
0.5333546,0.0001842145
0.5333669,0.000119651
0.533382,0.0001351818
0.5333875,0.0001530042
0.5334537,0.0001419868
0.5334663,0.0001496127
0.5334839,0.000136025
0.5334949,0.0001563159
0.5334985,0.0001551144
0.5335273,0.0001108139
0.5335721,0.0001127633
0.5336034,0.0001821079
0.5336101,0.0001428593
0.5336282,0.0001636587
0.5336353,0.0001058133
0.5337061,0.0002266431
0.5337133,0.0002145909
0.5337288,0.0001443977
0.5337424,0.0001508696
0.5338485,0.0001184191
0.5338543,0.0001451438
0.5338645,0.0001565996
0.533878,0.0001457166
0.5339634,5.017698e-05
0.5340108,9.182761e-05
0.5340953,0.0001857496
0.534099,0.0001739198
0.5341395,0.0001248598
0.5341541,0.0001379181
0.534215,0.0001821367
0.5342473,0.0001792809
0.53425,0.0001191627
0.5342728,0.0001849405
0.5343264,0.0001619937
0.5343798,0.0001858036
0.5344226,0.0001927061
0.5344555,0.8962193
0.5344836,0.0001502341
0.5344904,0.0001138325
0.5345325,0.0001526173
0.5345787,0.0002595973
0.5345847,8.968842e-05
0.5345945,0.0001721515
0.5346795,0.000133323
0.5346922,0.0001381306
0.5347294,0.0001077441
0.5347378,0.0001318313
0.5347722,0.0003371478
0.5347866,0.0002032783
0.5348002,0.0002601381
0.5348256,0.0001562139
0.5348658,7.907545e-05
0.534876,0.0003236307
0.5348803,0.0002268966
0.5349031,0.0001774864
0.5349088,0.0001830561
0.5349384,0.000144303
0.5349575,0.0006351076
0.5349705,0.0001667005
0.5349839,0.0001391735
0.5349947,0.0002099144
0.535006,0.0002650073
0.5350312,0.0001988231
0.5350378,0.0001452504
0.5350971,0.0001465284
0.535152,0.0001317137
0.5351576,0.0004453138
0.5351631,3.011384e-05
0.5351795,0.0002430615
0.5352051,0.0004034224
0.5352522,0.000172293
0.5352561,0.0001985064
0.5352722,0.0001387323
0.5352754,5.349648e-05
0.5352794,0.0001779884
0.5352978,0.0001608298
0.5353079,0.0001348378
0.5353208,0.0001494377
0.5353211,0.0001276913
0.5353236,0.0001119722
0.5353432,0.0001172991
0.5353702,0.0001714385
0.535399,2.860078e-05
0.5354123,0.0001703756
0.5355149,0.0001342026
0.5355263,0.0001546877
0.5355626,0.0002535155
0.53558,0.0001044059
0.5355891,0.0001201325
0.535596,0.0002286584
0.5356011,7.556522e-05
0.5356164,0.0001464488
0.535619,0.000164451
0.535652,0.0001220187
0.5356664,0.0001470674
0.5357265,0.0001894711
0.5358143,0.0001120045
0.5358228,2.514134e-05
0.5358276,0.0001211565
0.5359036,0.0001210634
0.53591,0.0002335787
0.53592,0.0003276539
0.5359615,0.0001542271
0.5359651,0.0001824529
0.5359809,0.0001822382
0.5359873,0.0002042929
0.5360143,0.0001510381
0.5360171,0.0001353116
0.5360261,0.0002474481
0.5360839,0.0001552351
0.5361573,0.0001042711
0.5361856,0.0001672488
0.5362048,0.9862725
0.5362241,0.0001596004
0.5362414,0.0001249579
0.5362495,0.0001297104
0.5362567,0.0001491562
0.5362837,0.0001933722
0.5362882,0.0001794403
0.5362974,0.000167967
0.5363329,0.0001894249
0.5363742,0.0002073909
0.53639,0.0001208705
0.5364645,0.0001615094
0.5364881,0.000131604
0.5365232,0.00013233
0.5365257,0.0002396527
0.5365371,0.000112478
0.536549,0.0001405167
0.5365583,0.8762953
0.5365639,0.0001385643
0.5366239,0.0001725433
0.5366274,0.0001389616
0.5366839,0.0001580424
0.5367156,0.0001441528
0.5367263,0.0001359638
0.5367581,0.0001304962
0.5367939,0.000205888
0.5367999,0.000122875
0.5368084,0.0001364263
0.536811,0.0002101737
0.53682,0.0001532996
0.5368327,0.0001440933
0.536886,0.0001671428
0.5369424,0.0002476966
0.5369511,0.0008480308
0.537012,0.0001632368
0.5370255,6.006135e-05
0.5371009,0.0001468414
0.5371172,0.0002235977
0.5371358,0.000153622
0.5372077,0.0002595954
0.5372249,0.0001061116
0.5372381,0.000112494
0.53727,0.0001090333
0.5372716,0.0001369312
0.5372801,0.0001127782
0.5373678,0.00019603
0.5373693,0.0001193547
0.5373725,0.0001992629
0.5373933,0.0001228681
0.5374563,0.0001115236
0.5374995,0.0001459674
0.5375459,0.000250602
0.5375805,0.0001181833
0.5375893,0.0002490674
0.5375898,0.0001034909
0.5376338,0.0001024675
0.5376873,0.0001650344
0.5377347,0.0001596434
0.5377429,0.0001113517
0.5377657,7.992964e-05
0.5377745,0.0001630165
0.5377755,0.0001245032
0.5377791,0.0001130813
0.5377851,0.0002033555
0.5378014,0.0001160772
0.5378782,0.0001566261
0.5378858,0.0001585401
0.537899,5.769603e-05
0.5379066,0.0001901566
0.5379093,0.0001596295
0.5379367,0.000182957
0.5379523,8.469295e-05
0.5379863,0.0002177977
0.53799,0.0002379862
0.5379959,0.0001347582
0.538032,0.0001507666
0.5380583,0.0001578392
0.5380808,0.0001570801
0.5381179,0.0001520481
0.5381255,0.000196891
0.5381556,0.0001821006
0.5381672,0.0001574793
0.5381736,0.0002718625
0.5381969,0.0001419894
0.538197,0.0002090265
0.5382005,0.0001974569
0.5382168,0.0001579325
0.5382384,0.0001169423
0.5382562,0.0002129408
0.5382583,0.0001205062
0.5382892,0.0002083338
0.5382939,0.0001361231
0.5383037,0.0001717058
0.5383292,0.0001371706
0.5383314,0.000164339
0.5383332,8.285214e-05
0.5383338,0.0001545767
0.5383781,0.0001993839
0.5383781,0.0001353402
0.5384177,4.731867e-05
0.5384285,0.0001578777
0.5384558,0.0001762782
0.5384783,0.0001250061
0.5384893,0.0001023091
0.5385321,0.0002406558
0.5385754,0.0001527012
0.538589,0.0001014441
0.5385994,0.0001559271
0.5386084,0.0001317019
0.5386369,0.0001464721
0.5386447,0.0001181979
0.538738,0.0001075768
0.5387493,4.189105e-05
0.5387599,0.0001534833
0.5387629,0.000167486
0.5387661,0.0002438947
0.5388044,0.0001528476
0.5388117,0.0001471223
0.5388138,0.0002376088
0.5388198,0.0001274815
0.5388654,0.0003130869
0.538866,0.0002086162
0.5388755,0.00011249
0.5388878,0.0002862087
0.5388913,0.0001622593
0.538892,0.0002176866
0.5389549,0.0001444892
0.5390901,0.0001450448
0.5391148,0.0001500531
0.5391179,0.0002167491
0.539136,0.0001467439
0.5391423,0.0001004597
0.5391426,0.0001600657
0.5391631,0.0001595794
0.5391918,0.00021802
0.5392017,0.0001061543
0.5392034,0.0001365147
0.5392195,0.000127066
0.5392217,0.000151564
0.5392617,0.000133416
0.5392637,0.0001022591
0.5393028,8.728221e-05
0.5393108,0.0004581639
0.5393445,0.0001735448
0.5393495,0.0001566432
0.5393744,4.070109
0.5393805,0.0001067064
0.5393882,0.0001335835
0.5394001,8.870308e-05
0.5394659,0.0001335098
0.5394878,0.0001310119
0.5394971,0.0001132961
0.5395018,0.0001189463
0.5395048,0.0002156204
0.5395821,0.0001486325
0.5396228,0.0001905181
0.5396338,0.0001614079
0.5396438,0.0001281037
0.5396451,0.0002194732
0.5396534,0.0001306396
0.539666,8.595774e-05
0.5396676,0.0001498376
0.5396878,0.0001263416
0.5397305,0.0001463695
0.5397376,4.034381e-05
0.5397537,0.000186383
0.539789,0.0002994444
0.5398968,0.0001276512
0.5399008,0.0004038466
0.5399059,0.0001475001
0.5399126,0.0001875561
0.5399421,0.000136943
0.5399636,0.0001251113
0.5399839,8.427873e-05
0.5399914,0.0001450455
0.5400123,0.000153058
0.5400428,0.0001401131
0.540064,0.0001408155
0.5400981,0.01827723
0.5400982,0.4182765
0.5401034,0.0001571915
0.5401099,0.0001801007
0.5401311,0.0002413432
0.540193,0.0001793417
0.5402043,0.0001261379
0.5402131,0.0001256596
0.5402343,0.0001739386
0.5402505,0.0001385781
0.5402871,0.000143439
0.5402884,0.000181245
0.5403759,0.0001340944
0.5403786,0.0002495541
0.5403922,0.0001793896
0.5404088,0.0002559525
0.5404534,2.092914e-05
0.5404585,0.0001304684
0.5404875,0.000120073
0.5404921,0.0001349753
0.5405117,0.0002234141
0.5405127,0.0001808608
0.5405136,0.0001191496
0.5405401,0.0001828737
0.5405851,0.0001644713
0.5406045,9.528065e-05
0.5406076,0.0001317925
0.5406131,0.0001502117
0.5406151,0.0001384027
0.5406696,2.676077e-05
0.5407153,9.453858e-05
0.5407463,0.0001403615
0.5407527,0.0005902336
0.5407597,0.0001945631
0.5407657,0.0001246219
0.540782,0.0001842956
0.5407921,0.0002507352
0.5408123,0.02445104
0.5408506,0.0001348708
0.5408531,0.0001044831
0.5408729,0.0001535095
0.5408828,0.0001205935
0.5408937,0.0002065762
0.540923,0.0001654863
0.5409611,0.0001775593
0.5409644,0.0001536835
0.5409757,0.000170154
0.5410142,0.000130781
0.5410231,8.284894e-05
0.5410489,0.0001718554
0.5410647,0.0001608412
0.5410987,0.0001656992
0.541106,7.82774e-05
0.5411093,0.000158741
0.5411233,0.0001156367
0.5411439,0.0001522766
0.5411484,0.0001729556
0.5411958,7.387913e-05
0.5412048,0.0001491911
0.5412078,0.0001660982
0.5412321,0.0001252822
0.5412383,0.0001656117
0.5412648,0.000238762
0.5412802,0.0001386133
0.5412846,9.334459e-05
0.5412948,0.0002360669
0.5413311,0.0001187499
0.5413405,0.0001509989
0.5414057,0.0001994507
0.5414426,0.0001755228
0.5414674,0.0001491047
0.5414749,6.97454e-05
0.5414761,0.0001582757
0.5416104,0.0001449369
0.5416681,0.0002182375
0.5416765,0.0001287789
0.5416993,0.000262965
0.5417122,0.0001277722
0.541733,0.0001507299
0.5417351,0.0001741503
0.5417441,0.0001316845
0.5417626,0.0001464672
0.5417741,0.0002220093
0.5417756,0.0001077674
0.5418022,0.0001809926
0.5418045,0.0002156353
0.5418064,0.0001485063
0.5418295,0.0001253695
0.5418392,8.763089e-05
0.5418468,0.000188376
0.5418613,0.0003199835
0.5418718,0.0001863829
0.541888,0.0001165376
0.5419207,0.0001769025
0.5419312,0.0001096417
0.5419481,0.0001766349
0.5420341,0.0001467042
0.5420384,0.0001621015
0.5420761,0.0001450354
0.5420964,0.0001369264
0.5421143,0.0001550387
0.5421277,0.0002093642
0.5421415,0.0001195033
0.5421439,0.0001387939
0.5421463,0.0002329371
0.542157,0.0001546667
0.5421634,0.0002250879
0.5421782,0.0001985964
0.5422016,0.0002471872
0.5422217,0.000136582
0.5422245,0.0001750407
0.5422245,0.0001105171
0.5422485,0.0001750654
0.5422534,0.0001707881
0.5422689,0.000103147
0.5422868,0.0001466224
0.5422917,0.0001171835
0.5423018,9.788225e-05
0.5423038,0.0002261814
0.5423446,0.0001036625
0.5423542,0.0001440859
0.5424198,0.0001164335
0.5424601,0.0002354198
0.5425047,0.0001682171
0.5425076,0.000148571
0.5425162,0.0001322704
0.5425458,6.795041e-05
0.5425463,0.0002246811
0.5425507,0.0001925965
0.5425545,0.0002041107
0.5425802,0.0001156823
0.5426363,0.0001277476
0.5426551,0.0002165241
0.5426801,9.933464e-05
0.5426842,0.0001296097
0.5426885,0.0001069121
0.5426958,0.0001568538
0.5427265,8.807079e-05
0.542757,0.0001333853
0.542819,0.000114138
0.542845,0.0001078879
0.5428631,0.0001470251
0.5428876,0.0001530147
0.5428895,0.000526925
0.5428901,0.0001241722
0.5429085,0.0001639066
0.5429284,0.0001342624
0.5429467,0.000109626
0.5429586,0.0001204809
0.5429723,0.0001379536
0.5429978,0.0001772274
0.5430104,0.0001201435
0.5430467,0.0001192723
0.5430762,0.0004146537
0.5430917,0.0001311242
0.5431361,0.000106348
0.5431637,6.15599e-05
0.5432068,0.0001902822
0.5432075,0.0001700039
0.5432152,0.0001413551
0.5432339,0.0001754629
0.5432512,2.973079e-05
0.5432754,0.0001217578
0.5433054,0.4639457
0.5433454,0.0001321777
0.543368,0.0002249141
0.543409,0.0002029122
0.5434405,0.0002121643
0.543465,0.0001363947
0.5434876,0.0001284575
0.5434923,0.0001777698
0.5435067,8.93104e-05
0.5435134,0.000210666
0.54356,0.0001749618
0.5435845,0.0001124303
0.5435938,0.0001852656
0.543594,0.0001538919
0.5435978,0.0001851202
0.5436035,0.0001692372
0.5436258,9.244868e-05
0.5436286,0.0001839086
0.5436288,0.0001298045
0.5436422,0.0001342781
0.5436978,0.0001592892
0.5437095,0.0001683085
0.5437266,9.598406e-05
0.5437467,0.0002804753
0.5437491,0.0001029216
0.5437538,0.0001317963
0.5437821,0.0001313932
0.5437909,0.0002412016
0.5438662,0.0001412272
0.5438936,0.0001238476
0.5438946,0.0001331585
0.5439035,8.11467e-05
0.5439464,0.0002037609
0.5439836,0.0001387179
0.5439873,0.0001006533
0.5440091,0.0001307594
0.5440691,0.0001521778
0.5441387,0.0001110671
0.5441437,0.0002299307
0.5441687,0.0001783792
0.544173,0.000129127
0.5441961,0.0001364211
0.5442042,7.689447e-05
0.5442148,9.937869e-05
0.5442552,0.0001582741
0.5442558,6.718885e-05
0.54428,0.0003277005
0.5442849,0.000137001
0.5443146,0.0001700434
0.5443385,0.000296727
0.5444015,0.0001862254
0.5444472,0.0001351186
0.5444597,0.0001835567
0.544504,0.0001178938
0.5445043,0.000152001
0.544574,0.0001411172
0.5446532,0.0001102621
0.5446634,0.0001600399
0.5447207,0.0001206002
0.5447286,0.0001840567
0.5447353,0.0002197006
0.5447794,0.0001906009
0.5448301,0.0001487276
0.5448424,0.0001815687
0.5448429,0.000107075
0.5448808,0.0001596318
0.5448828,0.0002096376
0.5449012,0.0002188431
0.5449336,0.000191699
0.5449342,0.0001007385
0.5450118,0.0001892831
0.5450271,0.0001200441
0.5450345,0.000112311
0.5450737,0.000255487
0.5451046,0.0001563195
0.5451341,0.0003102827
0.5451442,0.0001088869
0.5451462,0.0001235288
0.5451676,0.0001144653
0.5452384,0.000169391
0.5452542,0.000186902
0.5452775,0.0001454723
0.5452903,0.000134813
0.545326,0.000172012
0.5454067,9.855795e-05
0.54545,0.0001024491
0.545467,0.0002134712
0.5455034,0.0001970064
0.5455863,0.000286717
0.5455894,0.000141052
0.5456297,0.0001981208
0.5456468,0.0001284876
0.5456685,0.0001988793
0.5457088,0.0001179681
0.5457294,0.0001727617
0.5457735,0.0002096161
0.5457736,8.797605e-05
0.5457821,0.0001417368
0.5457964,0.000140047
0.5458075,0.0002152734
0.545894,0.0001883819
0.5459197,0.000101928
0.5459766,0.0001110209
0.5459878,0.0001167648
0.5459924,0.0001483234
0.5460416,0.0001420037
0.5460538,0.0001898456
0.546088,0.0001344908
0.5460905,0.0002134809
0.5461422,0.0001545912
0.5462123,0.0003176309
0.5462143,0.0001279818
0.5462289,0.0001408293
0.5462872,0.0001395207
0.5463988,0.0001243671
0.5464047,0.000141013
0.5464138,0.0001649985
0.54647,0.0001998195
0.5464748,3.798332e-05
0.5465477,0.0002652839
0.5465606,0.0001144423
0.5465625,0.0002063932
0.5465851,0.0001287397
0.5466491,0.0001727145
0.5466722,0.0001165592
0.546684,0.0002018861
0.5467001,0.0001486633
0.5467183,0.0001258044
0.5467228,0.0001120607
0.5467408,0.0001575494
0.5467458,0.0001376813
0.5468428,0.0001409298
0.5468745,0.0001028557
0.546876,0.0001576664
0.5468921,0.0001719307
0.5469004,0.000133323
0.5469004,0.0001559462
0.5469261,0.0001413555
0.5469465,0.0002535136
0.5469711,0.0001094225
0.5469886,0.0001701877
0.5470058,0.0001964533
0.5470186,0.0001783166
0.5470246,0.0008835201
0.5470381,0.000212507
0.5470425,0.0003237144
0.5470873,0.0001489013
0.5471274,0.0001739787
0.5471652,9.077731e-05
0.5471657,0.000203291
0.5471846,0.0001288466
0.5472223,0.0001596901
0.5472355,0.0001269384
0.547243,0.0001504465
0.547278,0.0001276248
0.5472796,0.0002564049
0.5472885,0.0001710537
0.5472887,0.0001448735
0.5472901,0.0001380145
0.5473372,0.0002165153
0.5473595,0.0001373335
0.5473791,0.0001319544
0.5473924,0.0001378786
0.547398,0.0002318791
0.5474031,0.0002399753
0.5474048,0.0001398423
0.5474209,0.0002623828
0.5474589,0.0001594568
0.5474852,0.0001658047
0.5475025,0.0001351768
0.5475273,0.0001984105
0.5475405,0.0001418663
0.5475449,0.0001506725
0.5475718,0.0001630779
0.5475742,0.1817567
0.5475891,0.0003773563
0.5476139,0.0001262421
0.5476419,0.0001003444
0.5476488,0.0001900619
0.5476632,0.0001285871
0.5477018,0.0001778426
0.5477101,0.0001132378
0.5477386,0.0002232463
0.5477391,9.084422e-05
0.5477427,0.0001370771
0.547807,0.0001316399
0.5478398,0.0001533883
0.5478506,0.0001258862
0.5478732,0.000113065
0.547879,0.0001062724
0.5479192,9.755945e-05
0.5479229,0.0001662489
0.5479577,0.0001744505
0.5479681,0.0004568894
0.5480061,0.0001050171
0.5480798,0.0001790508
0.5480903,0.0001577924
0.5481163,0.0001374022
0.5482186,0.000148251
0.5482227,0.000123098
0.5482836,0.0001233084
0.548305,0.0001847831
0.5483734,0.0001477372
0.5484337,0.0001466651
0.5484398,0.000201736
0.5484827,0.0001209918
0.5484906,0.0001480241
0.5485032,0.0001720602
0.5485136,0.00054859
0.5485291,0.0001377927
0.548563,0.0001406497
0.5485815,0.0001103561
0.5486383,9.454804e-05
0.5486631,0.0002019389
0.5486637,0.0001331323
0.5486993,0.0001539321
0.5487424,0.0001930532
0.5487543,0.0002211033
0.5487607,0.0001306555
0.548779,0.0001107079
0.5488065,0.0002270895
0.5488498,0.0001877159
0.5489085,0.0001571807
0.5489194,0.0001026492
0.5489257,0.0001635996
0.5489488,0.0001737772
0.548973,8.406327e-05
0.5489737,0.0001331539
0.5490048,0.0001554343
0.5490628,0.0001476908
0.5490766,0.0001694167
0.5491068,9.886571e-05
0.5491148,0.0001898333
0.549135,0.0001319054
0.5491511,0.0001205637
0.5491552,0.0001955706
0.549175,0.000157275
0.549189,0.0001163595
0.5491988,0.0001465762
0.5492389,0.0001015134
0.549275,0.0001758515
0.5493708,0.0001332941
0.5494188,0.0001862024
0.5494379,0.0001103804
0.5494957,0.0001584751
0.5495196,0.0001152878
0.5495598,0.00018827
0.5495982,0.0004735872
0.5495984,0.0001295473
0.5496461,0.000216227
0.5496552,0.0001257275
0.5496736,0.0001370534
0.5496938,0.0001333861
0.549813,0.0001583131
0.5498502,0.000154306
0.5498809,0.0001307758
0.5498934,0.0001350728
0.5498964,0.0001560071
0.5499184,0.0001807435
0.549928,0.0001646139
0.5499406,0.000151349
0.5499812,0.0001324434
0.5499965,0.000156181
0.5500555,0.0002398401
0.5500874,0.0002245349
0.5501162,0.0003209373
0.5501329,0.0001274187
0.5501592,0.0001686966
0.5501631,0.0001319348
0.5501831,0.0001718631
0.5502315,0.0001964037
0.5502623,0.0001105437
0.5502865,0.0001063572
0.5503545,0.0001468118
0.5503871,0.0001669684
0.55046,0.0003892091
0.5504701,0.0001484676
0.5505579,0.0001486256
0.5505961,3.160075e-05
0.5506198,0.000203677
0.5506367,4.371781e-05
0.5506555,0.0002094388
0.5506596,0.0001079689
0.5506715,0.00018506
0.5506784,0.0001035364
0.550697,0.0001471656
0.5506977,0.0001436838
0.5506996,0.0001544447
0.5507083,0.0001322817
0.550745,0.0001127411
0.5507474,0.0002100154
0.5507956,0.0001460156
0.5508217,8.425017e-05
0.5508592,0.0001403408
0.5508751,0.00022409
0.5508894,0.0005032608
0.5508904,0.0001456219
0.5509317,0.0002396103
0.5510132,0.0001134531
0.5511178,4.732524
0.5511241,0.3003891
0.5511422,0.0001337734
0.5511456,0.0001841878
0.5511562,0.0002479549
0.5511762,0.0002882428
0.5511889,0.0001763756
0.551198,0.0001732519
0.5512147,0.0001247944
0.5512246,0.0001991331
0.5512387,8.612746e-05
0.5512426,0.0001615432
0.5512583,0.0001832987
0.5513028,7.671279e-05
0.551307,8.332186e-05
0.5513251,0.0001194622
0.5513484,0.000181271
0.5513506,0.0001387613
0.5513602,0.0001634499
0.5513759,0.0001444059
0.5514162,0.0001620061
0.5514163,0.0001111813
0.551424,0.0001314571
0.5514486,0.0001956462
0.5514563,0.0002613609
0.5514681,0.000167854
0.5514802,0.2364852
0.5514982,7.96698e-05
0.551508,0.0006799764
0.5515259,0.0001738414
0.5515561,0.0003349678
0.5516213,0.0001285502
0.5516306,0.0001409233
0.5516971,0.0001785589
0.5517327,0.0001542605
0.5517485,0.0001643144
0.5517774,0.000159089
0.5518147,8.345557e-05
0.551819,0.0001502344
0.5518403,0.0001564296
0.5518751,0.0001423904
0.5518892,0.0001808378
0.5518912,0.0001533786
0.5519199,0.0002034709
0.5519284,0.0001383374
0.5519385,0.0001877473
0.5519451,0.0001553852
0.5519453,6.684585e-05
0.5519893,3.244261e-05
0.5520017,0.0001716867
0.5520551,0.0001858286
0.5520648,0.0002039591
0.5520917,0.0001027684
0.5520955,0.0001478026
0.5521613,1.525221e-05
0.5522327,0.0001515717
0.5522479,0.0001317559
0.5522782,0.0001548741
0.5522951,0.0001230669
0.552319,8.566024e-05
0.5523779,0.0001291788
0.5523888,9.28956e-05
0.552396,0.0001653069
0.5523968,0.0001202827
0.5524067,0.0001687696
0.5524739,0.0001224507
0.5525106,0.0002156902
0.5525126,0.0001514984
0.5525144,8.720096e-05
0.5525469,0.0002105426
0.5526105,0.0001398186
0.5526272,9.296187e-05
0.5527139,0.0002787137
0.5527289,0.0002483201
0.552781,0.0002268766
0.5527999,0.0001008068
0.5528294,0.0002458406
0.5528338,0.0001474263
0.5528585,0.0002121703
0.5528867,0.0001496394
0.5529588,8.307926e-05
0.5529684,0.0001403405
0.5529838,0.0001934899
0.5530083,0.0002634824
0.553023,0.0002331905
0.5530863,9.800686e-05
0.5530959,0.0002547424
0.5531177,0.0001172909
0.5531226,0.0002904421
0.5531541,0.0001486035
0.5531705,0.0002595831
0.5531874,0.0001620175
0.5532066,0.0001368692
0.5532315,0.0002119494
0.5532914,0.0001544629
0.5532978,0.0002065725
0.5533562,0.0001879005
0.5533722,0.0001529844
0.5533965,0.0001218242
0.5534039,0.0001464371
0.5534053,0.0001435889
0.5534503,0.0001717007
0.5534588,0.0001039125
0.5534632,0.0002096344
0.5534966,0.0001933195
0.5535024,0.0002488869
0.5535126,0.0001159782
0.553524,0.0002553027
0.5535432,0.0001526385
0.55356,0.0003446534
0.5535652,0.0002044975
0.5535673,0.0002580949
0.5536159,0.0003063357
0.5536394,0.0001761957
0.5536714,0.0002054143
0.5536812,0.0002517386
0.5537346,0.000175911
0.553791,1.211525e-05
0.5538,0.000150626
0.5538303,0.0001361623
0.5538606,0.0001332504
0.5538675,0.0001013708
0.5538968,0.0001260099
0.5539377,0.0002086275
0.5539619,6.797829e-05
0.5539682,9.192641e-05
0.5539696,0.000108563
0.5539729,0.0001792966
0.5539768,0.0001321758
0.5540124,0.000150045
0.5540406,0.0002729046
0.5540673,0.0002736365
0.5540782,0.0002202964
0.5540943,0.0001431635
0.5540945,0.0001834706
0.5541161,0.0002125662
0.5541383,0.0002981069
0.5541426,0.0001791917
0.5541502,0.0001559945
0.5541728,0.0001310575
0.5541925,0.000120357
0.5542029,0.000210622
0.5542063,0.0001495818
0.5542188,0.0001398552
0.5542303,8.400853e-05
0.5542337,6.401169e-05
0.554244,0.0001371385
0.5542442,0.0001502624
0.5543021,0.0002140834
0.554316,0.0001745449
0.5543329,0.0001185662
0.5543587,0.0001533568
0.5544089,0.0001532324
0.5544117,0.0002079183
0.5544781,0.0001299042
0.5544928,0.0001760884
0.5544971,0.0002896814
0.5545074,0.0002827281
0.5545299,0.0001550028
0.5545334,0.0002219238
0.5545378,0.0001803779
0.5545627,0.0001289885
0.5545922,0.0001294857
0.5546373,0.0001125984
0.5546754,0.0001473383
0.5546898,0.0001586597
0.5547834,7.660186e-05
0.5547882,0.0001027168
0.554799,0.0002140917
0.5548385,0.0001907336
0.5548404,0.0001489494
0.5548412,0.000128967
0.5548839,0.0001174104
0.55489,0.0002240589
0.55494,8.509866e-05
0.5549744,0.0001381191
0.5549893,0.0001062723
0.5550191,0.0001687005
0.5550442,0.0001547061
0.5550489,0.5477395
0.5550494,0.000140277
0.555051,0.0001737375
0.5550604,0.0001408878
0.5550625,0.0001931935
0.555064,2.859792e-05
0.5551085,0.0001128236
0.5551247,0.0002871519
0.5551355,0.0002260476
0.5552216,0.0002544306
0.5552329,0.00011084
0.5552617,0.000131384
0.5552758,8.861357e-05
0.5552852,0.0001809869
0.5552926,0.0001639968
0.5552931,0.0001633743
0.5553012,0.0001158846
0.5553314,0.0001204119
0.5553334,0.000176613
0.5554375,0.0001629907
0.5554624,8.173024e-05
0.5554627,0.0002488181
0.5554826,0.0002544951
0.5554916,0.000299865
0.5555276,0.0001857866
0.5555382,0.0002026242
0.5555576,7.978987e-05
0.5555756,0.0002070322
0.5556218,9.402014e-05
0.5557007,0.0001902369
0.555715,0.0003995139
0.5557452,0.0002440386
0.5557633,0.0002950633
0.5557787,0.0001437968
0.5557939,0.0002197621
0.5558236,0.000126936
0.5558332,0.000167947
0.5558341,0.0001713426
0.5558683,0.000201593
0.5558766,0.0002028558
0.5558914,0.0001263833
0.5560262,0.0001560343
0.5560362,0.0001955273
0.556062,0.0001645046
0.5560708,0.0001360456
0.556098,0.0004857783
0.5561312,0.000381406
0.5561508,0.0002961375
0.5561543,0.0002559678
0.5561827,0.0001225984
0.5561846,0.0001544957
0.5561991,0.0001609738
0.556278,0.0002463672
0.5563013,0.000327387
0.5563096,0.0001130442
0.5563647,0.0001397724
0.5563839,0.0001350009
0.5563893,0.001795527
0.556394,0.0001808969
0.5564023,7.410604e-05
0.5564324,0.0001351079
0.5564826,0.0001203384
0.5565009,0.0002080871
0.556511,0.0001678971
0.5565131,0.0001496899
0.5565727,0.0001343586
0.5565916,0.0002751175
0.5566412,0.0001225304
0.5566589,0.0001355679
0.5566852,0.0001992788
0.5567272,8.466868e-05
0.5567592,0.0001648826
0.5567701,0.000183706
0.5567946,9.914962e-05
0.556805,0.0001135066
0.5569174,0.0001254902
0.5569278,5.781669e-05
0.5569328,0.0001315736
0.5569337,0.0001576368
0.5569348,0.0001592106
0.5569392,0.0001724016
0.5569565,0.000160962
0.5569741,0.0001693641
0.5570492,0.0001272344
0.5570666,7.687659e-05
0.557108,0.000112074
0.5571173,0.0001237672
0.5571216,0.0001465333
0.5571623,0.0001304004
0.5571694,0.0002041487
0.5571972,0.0001639029
0.55733,0.0001508333
0.5573345,0.0001332166
0.5573846,0.0001841006
0.5574173,0.0001584907
0.5574203,0.0001716519
0.5574748,0.0001891515
0.5575103,0.0001423641
0.557561,0.0001611534
0.5575966,0.000143351
0.5576259,0.0002006293
0.5576277,0.0001817592
0.5576295,0.0002365175
0.5576519,0.0002644922
0.5576574,0.0002192883
0.5577115,9.606049e-05
0.5577251,0.0001756388
0.5577267,0.0001914403
0.5577299,0.0001476493
0.5577315,0.0002158583
0.5577319,0.0008302812
0.5577425,0.0001365823
0.5577534,0.0001596693
0.5577763,2.750863e-05
0.5578083,0.0001506133
0.5578332,0.0002121156
0.5578373,0.000217931
0.5579008,0.0001499353
0.5579121,0.0001901916
0.5579518,0.0001223841
0.5580032,0.0001489974
0.5580052,0.0001592979
0.5580575,0.0001236426
0.5580989,8.906209e-05
0.5581559,0.0001262244
0.5581584,0.0001825295
0.5581948,0.0002336357
0.5582219,0.0001043429
0.5582442,0.0001115349
0.5582632,0.0001438097
0.5582653,0.000290343
0.5583041,0.0001479036
0.5583238,0.0001914063
0.558328,6.749303e-05
0.5583529,0.0001536862
0.5583578,0.0002267806
0.5583748,0.0001376297
0.5583915,0.0001174304
0.5584152,0.0002000343
0.5584165,0.0001541489
0.558479,0.0001397248
0.5584902,0.0002079093
0.5585068,0.0001372239
0.5585154,0.0001413759
0.5585707,0.0001934591
0.5586703,6.615845e-05
0.5586805,0.0001242473
0.5587478,0.0002320498
0.5587548,0.0001265729
0.5587848,0.0001575081
0.5587851,7.415149e-05
0.5588005,0.0001609801
0.5588312,0.000134861
0.5589195,0.0001957891
0.5589305,0.000144899
0.5589416,0.0001643014
0.5589739,0.0002750488
0.558983,3.273604e-05
0.5589942,0.0001109787
0.5589989,0.0001704332
0.5590222,0.0001628691
0.5590267,0.0001552312
0.5590312,0.0001786673
0.5590468,0.0002300987
0.5590961,9.835469e-05
0.5591082,0.0001902857
0.5591275,0.0001561022
0.5592111,0.0001573452
0.5592248,0.0001359545
0.5592394,0.0002302973
0.5592455,0.0001616008
0.5592533,0.0001721379
0.5592573,0.0001434073
0.5592758,0.0006439321
0.5592782,0.0001349447
0.5593256,3.51613e-05
0.5593593,0.0002129913
0.559366,0.0001061804
0.5593765,0.0001196123
0.5593966,0.0001298331
0.5594109,0.0001846943
0.5594184,0.0001332051
0.559485,0.0001068345
0.5594928,9.723295e-05
0.5595239,9.336736e-05
0.559577,0.0001958557
0.559617,0.0001159395
0.5596309,3.895413e-05
0.5596513,3.15337e-05
0.559655,9.992084e-05
0.5596744,0.0001106646
0.5596957,0.0003523074
0.5597159,0.0002264749
0.5597573,0.0002468423
0.559819,0.0001450322
0.5598191,0.0001652116
0.5598381,0.0001575321
0.5598463,0.0001345013
0.5598961,0.0001976213
0.5599105,0.0002229861
0.5599295,7.956573e-05
0.559937,0.0001169051
0.5599795,0.0001652004
0.5599863,0.0002260093
0.5600001,0.0001411081
0.5600172,0.0001614513
0.5600262,0.0001831647
0.5600438,0.0001319107
0.5600499,0.0001339582
0.5600667,0.0001676769
0.5600693,0.0003753788
0.5600867,0.000150082
0.5601334,0.0001132065
0.5601552,0.0001701964
0.5601719,0.0001260682
0.5602444,0.0001397001
0.5602776,8.966714e-05
0.5603299,0.0001394011
0.5603326,0.0001218903
0.5603493,0.000132573
0.5603589,0.0002092729
0.5603799,0.0001827988
0.5604189,9.606886e-05
0.5604204,0.0001696865
0.5604249,0.0001374144
0.5604374,0.0001046223
0.5604404,0.000209689
0.5604438,0.0001458075
0.5604486,0.0001222712
0.5604535,0.4758344
0.560461,0.0001917396
0.5604662,0.0001560565
0.5605053,0.0001580588
0.5605131,0.0001563263
0.5605341,0.0001265508
0.5605425,0.0001359508
0.560543,5.830673e-05
0.5605491,0.0001641015
0.560553,0.0001267801
0.5605717,0.0002391635
0.5605992,0.0001164776
0.560625,0.0001865704
0.5606503,0.0001406187
0.5606722,0.000135864
0.5606908,0.0001141755
0.5607179,9.373201e-05
0.5608016,0.0001444448
0.5608045,0.0001221601
0.5608388,0.0001419749
0.560865,0.0001477112
0.5609067,0.0001457581
0.5609479,0.0001600795
0.5609635,0.0001338191
0.5609666,0.000118051
0.560976,0.0004202547
0.560999,0.0001668969
0.5610678,0.0002022271
0.5611044,0.000161919
0.5611829,0.0001405772
0.5611867,0.000163087
0.5611931,0.0001475983
0.5612022,0.0001710165
0.5612319,0.000265945
0.5612342,0.0001528346
0.5612822,0.0001775741
0.5613074,0.0001801154
0.5613424,0.0002057619
0.5613639,0.0001331604
0.5613652,0.0002006338
0.5614021,6.300501e-05
0.5614047,7.902604e-05
0.5614159,0.0002344989
0.5614207,0.0001336926
0.5614213,0.0002387132
0.5614352,0.0001166359
0.5614578,0.0002361012
0.5614673,0.0001933363
0.5614738,0.0001278147
0.5614943,0.0001945423
0.5615196,0.0001091871
0.5615567,0.0001311184
0.5615655,7.888713e-05
0.5616004,0.0001113558
0.5616207,0.0001297949
0.5616215,0.0001624325
0.5616223,0.0001247413
0.5616244,0.0002001706
0.5616436,0.0001523662
0.5616596,0.0001277531
0.5616651,0.0001890964
0.5616954,0.0001646577
0.5617115,0.0001332223
0.5618185,0.0001679119
0.56185,7.175543e-05
0.5618999,0.000230484
0.5619121,0.0001366722
0.5619352,0.0001625354
0.5619838,0.0001684417
0.5619954,0.0001464853
0.5619998,0.00019709
0.5620073,0.0001658135
0.5620238,0.0001706665
0.5620419,0.0001544697
0.5620548,0.000162534
0.5620625,0.0002974808
0.5620707,0.0001834415
0.5621367,0.0001373044
0.562143,0.0001612798
0.5621874,0.0001377202
0.5622216,0.0001516743
0.5622368,0.0002544472
0.5622418,0.0002020807
0.5622591,0.0001299374
0.5622631,0.0001238929
0.562271,0.0001473813
0.5622988,0.0001844813
0.5623062,0.0001606096
0.5623131,0.0001149602
0.5623478,0.000284647
0.5623596,0.0001687281
0.5623619,0.0001244014
0.5624235,0.0001932165
0.5624449,0.0001401582
0.562448,0.0001019057
0.5624484,9.125411e-05
0.5625501,0.0002061307
0.5625594,0.0001724661
0.5625994,0.0001338816
0.5626243,5.836813e-05
0.5626808,0.0001487506
0.5626981,0.000275319
0.5627974,0.0001875984
0.5628018,0.0001454553
0.562879,0.0001696301
0.5628825,0.0001352167
0.562923,0.0001108175
0.5629362,0.000160971
0.5629405,0.0001280524
0.5629601,0.0001906308
0.5629603,0.0003352832
0.5629652,0.0001310875
0.5629752,0.0003299614
0.5630011,0.0001665726
0.5630286,0.0005847743
0.5630326,0.0001597373
0.563034,0.0002704275
0.5630438,0.0005556895
0.5630696,0.0003467305
0.5630835,0.0001222456
0.5630842,0.0001768513
0.5631353,0.0001696014
0.5631381,0.0001899825
0.5631711,9.655739e-05
0.5632367,0.0001559144
0.5632632,0.0006340606
0.5632702,0.0001467643
0.563293,9.031806e-05
0.5632988,0.0001400198
0.563319,0.0003181499
0.5633475,0.0001154761
0.5633904,0.0001523969
0.5634419,0.0001943763
0.5634772,0.0002266893
0.5634833,0.0001233876
0.5635089,0.0002682724
0.5635395,0.000170121
0.563568,0.0001020055
0.5636292,0.0001063852
0.5636303,0.000126546
0.5636331,0.0002926686
0.5636516,0.0001157665
0.5637196,0.00012314
0.5637257,0.000135575
0.5637481,0.0001541723
0.5637795,0.0001169249
0.5638337,0.0001375202
0.5638803,0.0005738206
0.5638964,0.0001114034
0.5639112,0.0001542759
0.5639536,4.747629e-05
0.5639762,0.0001468505
0.5639777,0.0001932646
0.563992,9.768403e-05
0.5640061,0.0001573642
0.5640072,0.000166288
0.5640156,0.0001218216
0.5640476,0.0001609306
0.5640683,0.0001933571
0.5640727,0.0002259053
0.5640793,0.0001310595
0.564081,7.697007e-05
0.5641086,0.0001470705
0.5641275,0.0001502512
0.5641472,0.0002378519
0.5641765,0.0001107572
0.5641821,0.0002028568
0.5641906,0.0001510237
0.5642118,0.0001186267
0.5642294,0.000598352
0.5642774,0.0001458361
0.5642887,0.0001406536
0.5643064,0.0001631546
0.564316,9.192855e-05
0.5643169,0.0001297711
0.5643763,0.000154274
0.5643983,0.0001340938
0.5644009,0.0001655964
0.564404,0.3674736
0.5644204,0.0002314061
0.5644228,0.0001131284
0.5644616,0.0001123257
0.564496,0.0002156973
0.5645133,0.0001534208
0.5645163,0.0001586594
0.5645264,0.0001104885
0.5645379,0.0001442817
0.5645832,0.0001402134
0.5645846,0.0001695723
0.5646306,4.377704e-05
0.5646541,0.0001750881
0.5646657,0.0008053299
0.5646756,0.0002045934
0.5646878,0.0001573146
0.5647039,0.0001297894
0.5647224,0.0001497106
0.5647823,0.0001330348
0.5647892,0.0002018137
0.5648394,0.0001849988
0.5648432,0.0001660498
0.5648649,0.0001623736
0.5648922,0.0001472398
0.5648953,0.0001546998
0.5649219,0.0002231785
0.5649426,0.0001427617
0.5650089,6.080514e-05
0.5650156,0.0001783426
0.5650398,0.0001613256
0.5650607,0.0001715164
0.5650644,0.0001079418
0.5650787,0.0004155109
0.5650811,0.0002071038
0.5651389,1.400097
0.5651407,0.0002010303
0.565151,0.0002608361
0.5652031,0.0001470611
0.5652052,0.00018859
0.5652432,0.0001120554
0.5652697,0.0001537586
0.5652996,0.0001986107
0.5653189,0.0001294302
0.5653232,0.0001999928
0.565332,0.0001388129
0.5653387,0.0001359057
0.565379,0.000144683
0.5654801,0.000183447
0.5654868,0.0001441803
0.5654879,4.866471e-05
0.5655454,0.0001922405
0.5655537,0.0001255535
0.565554,0.0001693257
0.5655643,0.0002268097
0.565585,0.0001174749
0.5655978,0.0002859511
0.5656116,0.0001542253
0.5656364,0.0002198614
0.5656838,0.0001598606
0.5656884,0.0001587349
0.5656955,0.000171623
0.5657203,0.0002129031
0.5657371,0.0002186717
0.5657517,0.0001483006
0.5657536,0.0002437739
0.5657673,0.0001611304
0.5657734,0.0001204468
0.5657849,0.000103401
0.5657902,8.34985e-05
0.5658265,5.246826e-05
0.5659013,8.9678e-05
0.5659364,0.0001350735
0.5659434,0.0001850638
0.5659663,0.0001978327
0.565973,9.938196e-05
0.5659963,0.0001940566
0.5660036,9.922563e-05
0.5660039,0.0001634465
0.5660044,0.0003510637
0.5660297,0.0001610795
0.5660774,0.0001467036
0.5661222,0.0001887407
0.566132,0.0001379201
0.5661527,0.0002105778
0.566156,0.0001433696
0.5661685,0.0001605432
0.5661973,0.0001485698
0.566224,0.0001692629
0.566251,0.000153576
0.5663163,0.0001641962
0.5663306,0.000190441
0.566348,0.0001530135
0.5663599,0.0001803746
0.5663686,0.0001077935
0.5663949,0.000266459
0.5663971,0.0001425769
0.5664279,0.0001579334
0.5664712,0.0002058593
0.566478,0.0001850218
0.5665191,0.0001981239
0.56653,0.0001489523
0.5665355,0.0004085212
0.5665476,0.0001570474
0.5665929,0.0001637456
0.5666092,6.11524e-05
0.5666547,0.0002526677
0.5666689,0.0002588483
0.5666714,9.609498e-05
0.5666797,0.0001567551
0.5666965,0.0001681664
0.5667124,0.0001209846
0.5667188,0.0002237566
0.5667987,6.871978e-05
0.5668015,0.0001393088
0.566881,0.0001186606
0.5669382,0.000136122
0.5669398,0.0001327462
0.5669571,0.0001632234
0.5669785,0.0001016212
0.5669886,9.95513e-05
0.5670006,0.0001273911
0.5671012,0.0002715636
0.567154,0.0001817035
0.5671569,0.0001997689
0.567161,0.0001758754
0.5671901,0.0001548423
0.5672153,0.0002923484
0.5672178,4.178775e-05
0.5672267,0.0001970435
0.5672326,0.0001116227
0.567247,0.0001937285
0.5672536,0.0001952372
0.5672584,0.0001466574
0.5673252,0.0002332065
0.5673764,0.0001801079
0.5674333,0.0001745277
0.567444,0.0001516656
0.5674531,0.000252028
0.5675374,0.0001729221
0.5675756,0.000148081
0.567579,0.000167275
0.5676078,0.0001209153
0.5676132,0.0001614098
0.5676202,0.0001783937
0.5676455,0.0001205229
0.5676742,1.848225
0.5677121,0.0001071038
0.5677181,0.0001678301
0.567719,0.0001691595
0.5677205,0.0002363413
0.5677326,0.0001517469
0.567744,0.0001107181
0.5677599,0.0001829485
0.5678002,0.0001565389
0.5678151,0.0001293443
0.5678456,0.0001546148
0.5678493,7.473881e-05
0.5678574,0.0001511032
0.5678811,6.323586e-05
0.5679584,0.0002070591
0.5679641,0.0001261192
0.5679869,0.000130545
0.5680215,0.0001542363
0.5680465,0.0001181574
0.5681007,4.843572e-05
0.5681713,0.0001586715
0.5682741,0.0001345385
0.5682767,0.0001683639
0.5682877,0.0002565547
0.5682965,0.0002615744
0.5683079,0.0001530073
0.5683622,0.0001915039
0.5683852,0.0002642523
0.5684083,0.0001568521
0.5684197,0.0001671873
0.5684581,0.0001866055
0.5684799,0.0001772548
0.5685076,0.0004411339
0.5685099,0.0001026273
0.5685412,0.0001333826
0.5685498,4.424789e-05
0.568553,0.000132392
0.5686008,0.0001020257
0.5686254,0.0002261012
0.5686259,0.0001474139
0.568662,0.0001390172
0.5686811,0.0001661634
0.5686947,0.000131883
0.5687075,0.0001437591
0.5687595,0.0003293319
0.568794,6.438835e-05
0.5688087,0.0001083512
0.5688344,0.0001059327
0.5688388,0.0001363453
0.5688661,0.0001958476
0.5688831,0.0001080738
0.5689182,6.04747e-05
0.5689244,0.0002574937
0.5689276,0.0001180695
0.568932,0.0001396548
0.5689438,0.0001977911
0.568944,0.0001862806
0.569019,0.0002024865
0.5690438,0.0002891223
0.5690597,0.0001587429
0.5690764,0.0001400273
0.5690923,0.0001402407
0.5691122,0.0001588108
0.5691224,0.0001554802
0.5691564,0.0003081972
0.5691745,0.0001514766
0.5692,0.0002456381
0.5692047,0.0001808285
0.5692253,0.0001866525
0.569245,0.0001256496
0.569253,0.000131537
0.5693139,0.0002240453
0.569333,0.0001194414
0.5693343,9.97667e-05
0.5693475,0.0001403314
0.5693682,0.0001478242
0.5693691,0.0001831437
0.5693722,0.0002061179
0.5693848,0.0001485033
0.569427,0.0002390065
0.5694368,0.000159088
0.5694382,0.000140775
0.5694395,0.0002340003
0.5694429,0.0001733414
0.569447,0.0004376367
0.5695036,0.0001502152
0.569516,0.000173286
0.569521,0.0001161214
0.5695777,0.0002739481
0.5695834,4.887062e-05
0.5696211,0.0001907666
0.5696442,5.399335e-05
0.5696877,0.0003487372
0.5697511,0.0001332102
0.5697633,0.0001720639
0.5697706,9.08202e-05
0.5697797,0.0001186443
0.5698183,2.328736e-05
0.5698296,0.0001502692
0.5698546,0.0002271065
0.5699135,0.0001084215
0.5699159,0.0001211511
0.5699429,0.000140079
0.5699779,0.0001449503
0.5700126,0.0001561887
0.5700405,0.0002309765
0.5700415,8.319951e-05
0.570079,0.0001248593
0.5700951,0.0002431813
0.5701059,0.0001062421
0.5701241,0.0003674351
0.5701282,0.000180702
0.5701358,0.0002276314
0.5701364,0.0001308089
0.5701831,0.0001731822
0.5702,0.0001227846
0.5702266,0.0002146293
0.5702294,0.0003070129
0.5702556,0.0002630546
0.5702614,0.0002037716
0.5702766,0.0002464514
0.5702888,0.0001124902
0.5703431,0.0001057552
0.5703439,0.0002070436
0.5703535,0.0001337727
0.5703828,0.0002202416
0.5704174,0.000144159
0.5704396,0.0001426943
0.5704839,0.0001185519
0.5704998,0.0001615054
0.570528,0.0001387304
0.570528,0.0001998315
0.5705481,0.0001807924
0.570573,0.0001501451
0.5705833,0.000137006
0.5705894,0.0002595554
0.570626,0.0001241411
0.5706293,0.0001231313
0.5706379,0.0002630377
0.570646,0.0001045934
0.5706518,0.0001116147
0.5706936,0.0001688658
0.5707758,0.000233618
0.5707879,0.0001122499
0.5708271,0.000164203
0.5708324,0.0002305172
0.5708549,0.0005434728
0.5708673,0.0001430364
0.5709112,0.0001413237
0.5709216,0.0001406944
0.5709233,0.0001464846
0.5709262,0.0001987728
0.570932,0.9749347
0.5709865,0.0001191
0.5710556,4.155472e-05
0.5710918,5.159841e-05
0.5711051,0.0001302128
0.5711136,0.0001857878
0.5711138,0.0001392025
0.5711169,0.0001984804
0.5711331,0.0001117442
0.5711361,0.0001624463
0.5711442,0.0001518256
0.5711583,8.639628e-05
0.5711641,0.0001227986
0.5711848,0.000169797
0.5712374,7.078151e-05
0.5712762,0.0001730186
0.5713006,0.0001338317
0.5713061,0.0001682509
0.5713243,0.0001440081
0.5713961,0.0001685359
0.5714232,0.0001290532
0.5714372,0.0001858805
0.5714792,0.0001994508
0.5714797,6.765559e-05
0.5714958,6.898401e-05
0.571497,0.0001194914
0.571503,0.0001556225
0.5715365,0.0001639098
0.5715384,0.0001597647
0.5715438,0.0002505177
0.5716428,0.0001600186
0.5716599,0.0001440212
0.5717348,0.0001673469
0.5717651,0.0001611542
0.5717676,2.297298e-05
0.5717693,0.0001624705
0.5717883,0.0001673587
0.571851,0.000163347
0.5718659,0.0002022721
0.5719031,0.0001603091
0.5719132,0.0001508016
0.5719156,0.0002202952
0.5719284,0.0001785541
0.5719695,0.0001814066
0.5720043,0.0001525756
0.5720868,0.0001884192
0.5721037,0.000112494
0.5721546,8.768716e-05
0.5721857,0.0001382069
0.5721964,0.0001823425
0.5722742,0.0003859905
0.5723211,0.0001137567
0.5723416,0.0002336514
0.5723506,0.0001104108
0.5723891,0.0001570151
0.572397,0.0002176902
0.5724182,0.0001776757
0.5724207,0.0001250002
0.5724379,0.0001369662
0.5724404,0.0001394141
0.5725018,0.0001184441
0.5725282,0.0001866095
0.5725857,0.0001385299
0.5725946,0.0002152149
0.5726708,9.664536e-05
0.5727167,0.0001619208
0.5727175,0.0001688245
0.5727245,0.5894026
0.5727872,0.0001714134
0.5728018,7.755664e-05
0.5728081,0.0001778347
0.5728087,0.0001267662
0.5728142,0.0001818234
0.5728307,0.0001400164
0.5728729,0.0002055008
0.5728855,0.0001601475
0.5729544,0.0001717734
0.5730074,0.0001987484
0.5730395,0.0001437636
0.5731196,0.0001827006
0.5731217,0.0001057014
0.57313,0.0001165274
0.5731889,0.0001136037
0.5731928,0.000258595
0.5732462,0.0008282003
0.5733022,0.0001863261
0.5733755,0.0001366398
0.5733782,0.0001460005
0.5733789,0.0002260842
0.5734009,0.0001290309
0.5734029,0.0001611634
0.5734562,0.0001365234
0.5734653,0.0001272048
0.5735033,0.0002193252
0.5735035,0.0001112123
0.5735185,0.0002605946
0.5735306,0.0001172492
0.5735497,9.654947e-05
0.573572,0.0001140933
0.5735886,0.0001323759
0.5735905,0.0001295136
0.5736048,0.0001671313
0.5736248,0.0002918001
0.5736393,0.0002772758
0.5736427,0.0001243287
0.5736787,0.0002697219
0.573714,0.0002480691
0.5737389,0.0001312633
0.5737564,0.0002858413
0.5737753,0.0001386152
0.5737777,0.0001189272
0.5737799,0.0001961326
0.5738027,0.0001513857
0.5738108,0.0001340446
0.5738168,0.0002962649
0.5738414,0.0001847522
0.5738787,0.0001502263
0.5738814,0.0001233511
0.5738885,0.0001437622
0.5738915,0.0001140238
0.5739419,0.000128483
0.5739477,0.0001691245
0.5739633,0.0001543123
0.5739686,0.0001240172
0.5739811,0.0001650574
0.5739812,0.0001407238
0.5740144,0.0001573037
0.574016,0.0001457865
0.574033,0.000257234
0.5740624,0.0001984695
0.5740728,0.0001430348
0.5740909,0.0001126461
0.5741016,0.0001156231
0.5741391,0.0004144166
0.5741521,0.0001024988
0.5741674,0.0002229222
0.5742104,0.000133288
0.5742493,8.463801e-05
0.5742521,0.0002624054
0.5742637,0.0001129829
0.5742804,0.0002568955
0.5743119,0.0001396071
0.5743786,0.000278727
0.5743974,0.0001677261
0.5744608,0.0001140063
0.5745117,0.0001407609
0.5745134,0.0001731671
0.5745397,0.0001685912
0.5745854,0.0001851264
0.5745962,0.000145606
0.5746146,0.0001806176
0.5746274,2.614186e-05
0.5746676,0.0001259238
0.5746741,0.000129589
0.5746925,0.0001654351
0.5747246,0.0001366504
0.5747657,0.000402941
0.5747902,0.000296348
0.5748113,0.0001421927
0.5748609,9.244667e-05
0.5748989,0.0001859999
0.5749438,3.887791e-05
0.5749732,0.0002124615
0.5750269,0.0001745784
0.5750813,0.0001657493
0.5750956,0.0002211506
0.5751195,0.0001416455
0.5751246,0.0001427266
0.5751662,0.0001768169
0.5751715,0.0001294311
0.5751911,0.0001731514
0.575193,0.0002017496
0.5753459,0.0001680262
0.575366,0.0001466419
0.575381,0.0001396973
0.5753877,0.0001525507
0.5755221,0.000161282
0.5755392,0.0002863181
0.5755702,0.0001231106
0.5755833,0.0002557654
0.5755905,0.0002140864
0.5756276,0.0002341699
0.5756381,0.0001667694
0.5756864,0.00016531
0.5757217,0.0001391334
0.5757353,0.0001569828
0.5758115,0.0002120529
0.5758231,0.0001215336
0.5758315,0.0001422011
0.575841,0.0001371458
0.5758621,0.0001776053
0.575874,0.0001614912
0.5759203,0.0002571888
0.5759307,0.0001817926
0.5759413,0.0001124674
0.5759572,0.0001912244
0.5759875,7.091898e-05
0.5759879,0.000159241
0.5760071,0.000128308
0.5760894,0.0001367363
0.5760894,0.0001549106
0.5761001,0.0002357385
0.5761238,0.0001473861
0.5761993,0.0004003751
0.5762067,0.0001577033
0.5762188,0.0001500997
0.5762213,0.0001411414
0.5762321,0.0001143409
0.576247,0.0002401765
0.5762498,0.0001798353
0.5762616,0.000340792
0.5762823,0.000224448
0.5763236,0.0001594529
0.5763288,0.0004173425
0.5763564,0.0002032149
0.5764163,9.851911e-05
0.5765,0.0008757123
0.5765871,0.0002435962
0.5766208,0.0001693681
0.5766318,0.0001570457
0.5766565,0.0001360884
0.5766612,0.0001271485
0.5768058,0.0001861772
0.576811,0.0001180161
0.5768201,0.0001211228
0.5768276,0.000192397
0.5768629,0.000197851
0.5768876,0.0004669096
0.576932,0.0003120216
0.5770087,0.0002273424
0.5770184,0.0001265298
0.5770828,0.0002382609
0.5771025,0.0002422272
0.5771317,0.0002582773
0.5771371,0.0002561627
0.5771427,0.0002580377
0.5771814,0.0001687389
0.5771927,0.0001317796
0.5771933,0.0001038786
0.5771963,0.0001674958
0.5772371,0.0001546298
0.5772555,0.0002539939
0.5772747,0.0001019397
0.5772968,0.0002039675
0.5773178,0.0001826378
0.5773314,0.0001152639
0.5773998,0.0001394596
0.5774589,0.0001087002
0.5774708,0.0001493075
0.5775083,0.0001520483
0.5775297,0.0003044114
0.5775318,3.541738e-05
0.5775766,0.000173443
0.5775911,0.0002074699
0.5775984,0.0001151067
0.5776119,0.0002347913
0.5776216,0.0002029854
0.5776975,0.0001903938
0.5777465,2.361657e-05
0.5778028,0.0001852206
0.5778085,0.0002115588
0.5778112,0.0001311076
0.5778475,0.0002348495
0.5778981,0.0002077561
0.578013,0.0001569123
0.5780552,0.0001654341
0.5780892,0.0001651625
0.5781068,0.0001801915
0.5781158,0.000298521
0.5781928,0.0001704466
0.5781946,0.0001124882
0.5782076,0.0004086831
0.5782349,0.000148387
0.5782745,9.616886e-05
0.5783109,0.0001275383
0.5783162,0.0002584608
0.5783656,0.0001604069
0.5783722,0.0001637399
0.5784101,0.0002930088
0.5784467,0.0002255082
0.5784767,0.0001739589
0.5785115,0.000271235
0.5785318,0.0001696431
0.5785725,0.0001564378
0.5785767,0.0001759442
0.5786569,0.000551048
0.5786626,0.0001939741
0.5786936,0.0002103206
0.5787293,0.0002025434
0.5788293,0.0002162635
0.5788327,0.0001480528
0.578855,0.0001459789
0.5788648,0.0002250023
0.578873,0.0001821795
0.5789765,0.0001845856
0.5789954,0.0003088382
0.578997,0.0002077952
0.5790035,0.0002129665
0.579043,0.0001278142
0.5790526,0.0002201735
0.5790529,0.0001793784
0.579092,0.0002226296
0.579124,0.0001665852
0.5792269,0.0002856185
0.5792923,7.158631e-05
0.5793337,0.0001771981
0.5793445,0.0003286893
0.57939,0.0002054531
0.5794134,0.0001197733
0.5794421,8.179599e-05
0.5794564,9.67274e-05
0.5794801,0.0001755413
0.5795211,0.00023452
0.5795504,0.0003142401
0.5795534,0.0001390053
0.5795662,0.0001773754
0.5795787,0.0002724515
0.5796015,0.0001750206
0.5796039,0.0001672327
0.5796213,0.0002794357
0.5796429,0.0001246952
0.5796521,0.0001467708
0.5796776,0.0001382065
0.579695,0.0002376131
0.5796986,0.0002705329
0.5797569,0.0002000374
0.5797588,0.0001163805
0.579786,0.0002195007
0.5797923,0.0001143456
0.5798391,0.0001478102
0.5798796,0.0001359227
0.579886,0.0001241818
0.5799199,0.0003733185
0.5799299,0.0003493672
0.5799356,0.000277855
0.5799541,0.0002635811
0.5799935,0.0001282134
0.5800016,0.0001597865
0.5800463,0.0002427744
0.5800465,0.0001825714
0.5800784,0.0001663895
0.5800821,0.0002111991
0.5801228,0.0002249771
0.5801333,0.0001743625
0.5801841,0.0001682808
0.5802731,0.0001031525
0.5803607,0.0001622978
0.5803657,0.0001963858
0.5804407,0.0001870556
0.5804426,0.0002224664
0.5804439,0.0001178871
0.580448,0.0002639417
0.5804748,0.0001342643
0.5804793,0.000185201
0.5804921,0.0001135928
0.5805059,0.0001842906
0.5805243,0.0001354822
0.5805253,0.0001476585
0.5805838,0.0001085903
0.5805994,0.0001293147
0.5806047,0.000235978
0.5806078,0.0002279193
0.5806527,0.0001930338
0.5806611,0.0001243397
0.5806612,0.0001648843
0.5806749,0.0002125113
0.5806867,0.0002457343
0.5807,0.0002724897
0.5807078,0.0002110146
0.5807096,0.0001437928
0.5807149,0.0001425504
0.5807216,0.0001755721
0.5807878,0.000130415
0.5808223,0.0002146143
0.5808387,0.0001767095
0.5808998,0.000204093
0.5809052,0.000229504
0.5809104,0.0001551793
0.5809885,0.0003120909
0.5810973,0.0002386901
0.5811213,0.0001448432
0.5811394,0.0004177508
0.5811703,0.0002411651
0.5812441,0.0002130513
0.5813471,0.0001533536
0.5813538,0.0001812663
0.5813937,0.0002124373
0.5814025,0.0001919969
0.5814359,0.0001430842
0.5814614,0.0001286732
0.5815179,0.000297267
0.5815644,0.0002112878
0.581593,0.0002592147
0.5816113,0.0001454376
0.5816331,9.55202e-05
0.5816534,0.0003494216
0.5816539,4.206613e-05
0.5816664,0.0002758807
0.5816889,0.0001840217
0.5817285,0.0001520721
0.5817312,7.234571e-05
0.581767,0.0001917432
0.5818095,0.0001708569
0.5818817,0.0001121416
0.5818984,0.0001830657
0.5819086,0.0001957524
0.5819414,9.933145e-05
0.58197,0.0002173351
0.5819743,0.0001787592
0.5819752,0.000186631
0.5819799,0.0001665558
0.5820264,0.0001663883
0.5820321,0.0001549886
0.5820332,0.0002843383
0.5820342,0.0001492412
0.58208,0.0002219619
0.5820975,0.000263491
0.5821002,0.0002389738
0.5821257,0.0003082866
0.5821465,7.956088e-05
0.5821578,0.0001986601
0.5821608,0.0001853335
0.5822382,0.0001556818
0.5823427,0.0001378763
0.5823445,0.0002065833
0.5823551,0.000164867
0.5823628,0.0001534815
0.5824486,0.000305344
0.5825311,0.000185673
0.5825489,0.0002429573
0.5827079,0.0001113694
0.5827166,0.0001570475
0.5827221,0.0001449441
0.5827405,0.0002115842
0.5827445,0.0001817765
0.5827929,0.0001714691
0.5828272,0.000175867
0.5828326,0.0001587434
0.5828479,0.000244432
0.5829083,0.0002059421
0.5829282,0.0001908816
0.5829297,0.0001903262
0.582947,0.0001466827
0.5829489,0.0001214968
0.5829741,0.0001287006
0.5829813,0.0001635054
0.5829884,0.0002141615
0.5831491,0.000173351
0.5831549,7.542984e-05
0.5831615,0.0001520607
0.5831733,0.0001533928
0.5831761,0.000126736
0.583181,0.0001161841
0.5831832,0.0001375557
0.5832086,0.0001966772
0.5832313,0.0001796719
0.5832586,0.0001990172
0.5832675,0.0002032173
0.5833072,0.0001864276
0.583327,0.000185302
0.5833398,0.0002527214
0.583373,0.0001662452
0.5834066,0.0001499735
0.5834447,0.000115503
0.5834547,0.0002511967
0.5834922,0.0002515254
0.5834975,3.230472e-05
0.5835143,0.0001427404
0.5835384,0.0002193794
0.5835683,0.0006710204
0.5836233,0.0001631695
0.5836272,0.0001397225
0.5836401,0.0001277229
0.5836546,0.0002475244
0.5836629,8.984255e-05
0.5836736,0.000156104
0.583674,0.0001314819
0.5836782,0.000117512
0.583763,4.572548e-05
0.5837671,0.0002060047
0.5837846,0.0001234757
0.5838152,9.123915e-05
0.5838205,0.0001001596
0.5838468,0.0001808876
0.5838743,0.0001884331
0.5838902,0.000238404
0.5838924,0.0003790061
0.5838969,0.0001694375
0.5839308,0.0002723043
0.5839728,0.0001211955
0.5839757,0.0001648111
0.5839831,0.0002134196
0.5839876,0.0001729881
0.5841768,0.0001140327
0.5842124,0.0001658082
0.5842167,0.0001634675
0.5842345,0.0001723134
0.5842434,9.070832e-05
0.5842595,0.0004769781
0.5842687,0.0001507572
0.5842775,0.0001715271
0.5843032,0.0001016199
0.5843617,2.041922
0.5843724,0.0001183064
0.5843855,0.0001851807
0.5843871,0.0001706917
0.5844032,0.0001677573
0.5844083,0.0001820168
0.584452,0.0001485106
0.5844937,0.0002069408
0.5845159,0.0001372377
0.5845445,0.0001807264
0.5845584,0.0002004332
0.584569,0.0001936521
0.5846328,0.0002479473
0.5846333,0.0001091192
0.5846777,2.07836e-05
0.5846844,0.0001582837
0.5846958,0.0002647522
0.5847251,0.0002428653
0.5847596,0.0001307184
0.5848183,0.0002973083
0.5848595,0.0001907851
0.5848745,0.0001364562
0.5849038,0.0002111036
0.5849383,0.0001666684
0.5849413,0.0002407015
0.5849649,0.0001398423
0.5849665,0.0002116323
0.5849739,0.0001585243
0.5849837,0.0001047135
0.5849859,0.0001755569
0.5849971,0.0002015373
0.5850294,0.000221365
0.5850632,0.0001192102
0.5851035,0.0002111631
0.5851886,0.000103368
0.5852111,0.0001651988
0.5852236,0.0002148319
0.5852536,0.0002189632
0.5852786,0.0001708632
0.5852919,2.163596e-05
0.5853099,0.0001467811
0.5853297,0.0001571344
0.5853444,0.0001787775
0.5853624,0.0002636205
0.5854037,0.0001330775
0.5854111,0.0001332235
0.5854185,0.0002256041
0.5854427,6.133944e-05
0.5854705,0.0001667082
0.5854794,0.0001044122
0.5855144,0.0002874646
0.5855204,0.0001695231
0.5855951,0.000164715
0.5856246,0.0001500073
0.5856693,0.0001502696
0.5856987,0.0002408604
0.5856988,0.0002237458
0.5857322,0.0001532423
0.5857672,0.0002639689
0.5858346,1.892298e-05
0.5858563,0.0002413675
0.5859239,0.0001844192
0.5859478,0.0001380625
0.5859699,0.0002456706
0.5860063,0.0001188523
0.5860198,0.0001356331
0.5860846,0.0001415156
0.5861233,0.0001798084
0.5861302,0.0002645988
0.5861658,0.0001797109
0.5861701,0.0001294514
0.5861863,0.0001072225
0.5862026,0.0002010755
0.5862694,0.0001162875
0.5863019,0.0001354437
0.5863052,0.0001504722
0.5863238,0.0001374682
0.5864428,0.0001938451
0.5864987,0.0001260634
0.5865113,0.0001545557
0.58652,0.0001989142
0.5865672,0.0002264388
0.5865683,0.0001559695
0.5865737,0.0001256848
0.5865873,0.0002230339
0.5865979,0.0002842179
0.586619,0.0001090375
0.5866281,0.0002817956
0.5866476,0.0001698316
0.5866526,0.0001826736
0.5866818,0.0001818319
0.5866886,4.161081e-05
0.586709,0.0002806503
0.5867221,0.0002536468
0.5867317,0.0001858409
0.586732,0.0001630993
0.5867374,0.0001847916
0.5868212,0.0002097773
0.5869154,0.0001344973
0.5869162,0.0001894207
0.5869189,0.0002299176
0.5869513,0.0002021756
0.5869568,0.0002397189
0.5869747,0.0001890848
0.586997,0.0002487705
0.5870032,0.000236078
0.5870458,0.0001708968
0.587051,0.0001533927
0.5870971,0.0001787957
0.5871503,0.0001677181
0.5871619,0.0001252957
0.5871689,0.0001355184
0.5871915,0.0003118441
0.5872222,0.0001887205
0.5872377,0.0001267226
0.587238,0.0001441023
0.5872471,0.0001422253
0.5872718,0.0002042167
0.5872846,3.02094e-05
0.587323,0.0001422613
0.5873573,0.0001152621
0.5873666,0.000146697
0.5873729,0.0001827988
0.5874339,0.0001679271
0.5874478,0.0002078964
0.5874652,0.0001674684
0.5874783,0.0001232993
0.5874851,0.0001719023
0.5874923,0.000174831
0.5875069,0.0002406276
0.5875438,0.0001964752
0.5875441,0.0002033744
0.5875537,9.002793e-05
0.5875669,0.000164237
0.5875842,0.0001998249
0.5876312,0.0002053204
0.587665,0.0001467027
0.5877051,0.0001758613
0.5877079,0.0002498681
0.5877652,0.000173853
0.5877711,0.0001305172
0.5877857,0.0002302298
0.5877986,9.835114e-05
0.5878543,0.0001918929
0.5879281,0.0003788599
0.5879495,5.282932e-05
0.5880291,8.219604e-05
0.588065,0.0001817722
0.5880685,0.0001348942
0.5881655,0.0002227326
0.5881836,0.0001911178
0.5881943,0.0002289917
0.5882496,0.0002818317
0.5882726,0.0001924124
0.5882772,0.0001188833
0.5883291,0.000141205
0.5883389,0.0001890861
0.5883468,0.000226542
0.5883514,0.2487632
0.5884404,0.0002244113
0.5884635,5.484412e-05
0.5884796,0.0002410196
0.5885224,0.0002886126
0.588647,0.00024196
0.588699,0.0001533809
0.5888118,0.0001111543
0.5888226,0.0004060703
0.5888682,0.0001331407
0.5888699,0.0003649641
0.5889452,0.0001815481
0.5889505,0.0001162911
0.5889594,0.0002144672
0.5889643,0.0001367765
0.5889761,0.000252164
0.5889959,0.0001465767
0.5890266,0.000129583
0.5890447,0.0001866478
0.5890518,0.0001759258
0.5890885,0.00013167
0.5891066,0.0001819561
0.5891356,0.000191379
0.5891687,0.000189798
0.5891942,3.334657e-05
0.5892179,0.0003754991
0.5892738,0.0001973066
0.5893059,0.000159388
0.5893262,0.0001608116
0.5893312,0.0002046304
0.589377,0.0001892125
0.5894211,0.0003085886
0.5894769,0.0001643886
0.5895668,0.000140644
0.5895733,0.000112518
0.5895818,0.0001525491
0.5896218,0.0001405791
0.589638,0.000203762
0.589645,0.0002041274
0.5896916,0.000102823
0.5897632,0.0002185873
0.5898154,0.0001388365
0.5898713,0.0002746945
0.5898786,8.353163e-05
0.5899193,0.0004914477
0.5899238,0.0001748493
0.5899327,0.0001142542
0.5899519,0.000192768
0.5899544,0.0001058795
0.5899562,0.0002021906
0.5899583,0.0002264196
0.5900263,0.0001688274
0.5900288,0.0001386433
0.590076,0.0002058336
0.5901079,0.0001585701
0.5901349,0.0001877571
0.5901564,0.0001746024
0.5901751,0.0002607705
0.5902311,0.0001672947
0.5902414,0.0002843683
0.5902665,8.480575e-05
0.5902692,0.0001955542
0.5903183,0.0001567325
0.5903546,0.000294232
0.5903869,0.0002068489
0.5903928,0.0001553024
0.5904016,0.0001939329
0.5904161,0.0001444397
0.5905195,0.0001883938
0.5905212,0.000184373
0.5905343,0.0001813899
0.5905803,0.0002222008
0.5905829,0.0001987976
0.5906267,8.997171e-05
0.5906478,0.0001334359
0.5906486,0.0002401886
0.5906708,0.0001710306
0.5906787,0.0001263231
0.5906797,0.0002707019
0.5907099,0.0001439219
0.5907208,0.000132423
0.5907869,0.0001796683
0.5907898,0.0003065511
0.5907934,5.540499e-05
0.590801,2.673885e-05
0.5908075,0.0002021818
0.590811,0.0001887004
0.5908185,0.0001775148
0.5908484,0.0003542423
0.5908557,0.0001814417
0.590983,0.000249339
0.5910099,0.0001575279
0.5910173,0.0001548281
0.5910803,0.0001728469
0.5911031,0.0002037197
0.5911137,9.893942e-05
0.5911145,0.0001294728
0.591117,0.000210052
0.5911478,0.0001831801
0.5911494,5.752508e-05
0.5911565,0.0001566257
0.5911647,0.0001536762
0.5911809,0.0002283841
0.5912402,7.139976e-05
0.5912493,9.853514e-05
0.5912642,6.187867e-05
0.5912967,0.0003598932
0.5913687,0.0002142866
0.5913834,0.0001716541
0.5913942,0.0001547961
0.5914106,0.0002379376
0.591411,0.0001624712
0.5914807,9.595558e-05
0.5914961,0.0001710899
0.5915235,0.0002450905
0.5915405,0.0001754027
0.5915407,0.0001799478
0.591562,0.0002020327
0.5915691,0.0001838666
0.5915941,0.0001844698
0.5915972,0.0001943883
0.5915996,0.000127924
0.5916355,0.0002208726
0.5916509,0.0001759358
0.5916656,0.0001725053
0.5916657,0.0001396396
0.5916732,0.0001137015
0.5916784,0.0001023406
0.5916814,0.0002675778
0.5916979,0.0001443628
0.591765,0.0002261766
0.5917953,0.0001982554
0.5918171,0.0001212686
0.5918419,0.0001255938
0.5918664,0.0001423846
0.5918939,0.0002724671
0.5919098,0.0002186085
0.5919203,0.0002726307
0.5920278,0.0001827043
0.5920294,0.000187473
0.592068,0.0002189636
0.5920831,0.0001480537
0.592106,0.0002632973
0.5921164,6.161038e-05
0.5921327,4.377999e-05
0.5922381,0.0002086114
0.5922667,0.0002172625
0.5923067,0.0004629041
0.5923179,0.000176731
0.5923421,0.0001380064
0.5923582,0.0002131245
0.5923612,0.0001679152
0.592378,0.0002238722
0.5923896,0.00012785
0.5924583,0.0001906658
0.5924857,1.635823e-05
0.5925031,0.0001599645
0.592532,0.0002726847
0.5925438,0.0002390816
0.5925811,0.0001581634
0.5926692,0.0001366923
0.5927568,0.1750771
0.5927591,0.0001838703
0.59282,0.000159853
0.5928601,0.0002004099
0.5928658,0.0006327947
0.5928888,0.0003297631
0.5929004,8.685052e-05
0.592905,0.0001965455
0.592972,0.0002514591
0.5929837,0.0001266933
0.5929903,0.0001910405
0.5929973,0.0009792335
0.5930333,0.0002349755
0.5930575,9.614463e-05
0.5931137,0.0001830431
0.5931261,0.0001286666
0.5931628,0.0001366094
0.5931685,0.0001951188
0.5932653,0.0001340168
0.5932737,0.0001629119
0.593275,0.0002306236
0.5932827,0.0001638814
0.5932981,0.0002041401
0.5933291,0.0002855003
0.5933326,8.962341e-05
0.5933812,0.00014688
0.5933992,0.0002312545
0.5934175,0.0001255476
0.5934649,0.0002953739
0.5934752,0.0001859821
0.5934918,0.0002739576
0.5935364,0.0001262574
0.5935547,0.0003566615
0.5935659,0.0001581434
0.5936184,0.0001617881
0.5936454,0.0001329162
0.5936753,0.0001528734
0.593798,0.0003987614
0.5938612,0.0001084488
0.5938789,0.0001682329
0.5938936,0.0001180834
0.5938988,0.0002475057
0.5939195,0.0001543358
0.5939201,0.0002125036
0.5939358,0.000222222
0.5939491,0.0001537263
0.5939929,0.0001966342
0.5940163,0.0003472197
0.5940167,0.0002122107
0.594035,0.0001972176
0.5940439,0.0002311881
0.5940852,0.0001958778
0.5942214,0.000153485
0.5942499,0.0002904021
0.5942507,0.0004408055
0.5942588,0.0001431567
0.5942845,0.0002393132
0.5942993,0.0001789585
0.5943061,0.0003403462
0.5943216,0.0001822234
0.5943365,0.0001637197
0.594385,0.0002308561
0.5943924,0.0001599494
0.5944076,0.0001354535
0.5944929,0.0001666418
0.5945176,0.0001933443
0.594548,0.0002035354
0.5945782,0.0001648804
0.5946325,0.0002688165
0.594634,0.0001698835
0.5947599,0.000225913
0.5947645,0.0001553645
0.5947825,9.31762e-05
0.5948026,4.680231e-05
0.5948355,0.000309321
0.5948411,0.0002357376
0.5948504,0.0001300289
0.5949015,0.0001049672
0.5949131,0.0002141566
0.5949206,0.0002122949
0.5949878,0.0001741559
0.5949916,0.0001783087
0.5950137,0.0001449318
0.5950238,0.000317085
0.5950281,0.0002276327
0.5950389,0.0001347508
0.5950664,0.0001995111
0.5950764,9.895131e-05
0.5950813,0.0001394745
0.5950829,0.0002126222
0.5951143,0.0001432377
0.59516,0.0002563456
0.5951781,0.0002097778
0.5951867,0.0002497772
0.5952042,0.000186891
0.5952057,0.0001146543
0.5952121,0.0001659337
0.5952175,0.0001328566
0.5952433,4.897513e-05
0.5952536,8.190198e-05
0.5952943,9.006513e-05
0.5953432,0.0001756212
0.5953447,0.0001242373
0.5953645,0.0002010033
0.5953684,3.835257e-05
0.5954006,0.000258455
0.5954254,0.0002146267
0.5955511,0.000183453
0.5957016,0.3381636
0.5957975,0.0001109154
0.5958049,0.0001395801
0.5958198,0.0002207317
0.595838,0.0003996004
0.5958461,0.000378909
0.5959278,0.000162963
0.5960064,0.0001543536
0.5960268,0.0002755615
0.5960824,0.0001359848
0.5961046,0.0001813777
0.5961446,0.0002985034
0.5961818,0.0002673549
0.596222,0.0002448752
0.5962256,0.0001923811
0.5962287,0.0003390761
0.5962536,0.0002103967
0.5962672,0.0002050253
0.5963563,0.0001769426
0.5964025,4.680711e-05
0.5964525,0.0001800401
0.5964702,0.0001298947
0.5964826,0.0001688919
0.5964895,0.0001301279
0.5965312,0.0001702142
0.596602,0.0001832218
0.5966901,0.0002306468
0.5967064,0.000209164
0.5967388,0.0002891021
0.5968409,0.0001552706
0.5968772,0.0001197468
0.5969677,0.0001471896
0.5969769,0.0001741351
0.5969797,0.0001376767
0.5970135,0.0001691498
0.5970446,0.0003115617
0.5970676,0.0001712763
0.5970976,0.0001455459
0.5971025,0.0001526687
0.5972042,0.0001892455
0.597206,0.0001051682
0.5972062,8.710344e-05
0.5972159,0.0001449002
0.5972186,0.000271734
0.5972289,0.000187673
0.5972579,0.0001729416
0.5972906,0.0001721803
0.5973324,0.0001252799
0.5973662,0.0002155155
0.5974119,0.0001251613
0.5974445,0.0001611101
0.5974593,0.0002771955
0.5974798,0.000126124
0.597514,0.0002022501
0.5975149,1.022384
0.5975419,0.0001246574
0.5975425,0.0002431898
0.5975486,0.0002048059
0.5975515,0.0002521876
0.5975583,0.000225538
0.5975721,0.0001972308
0.597612,0.0001749612
0.5976417,0.0002055189
0.5976588,0.0003171862
0.5976824,0.000135904
0.5977658,0.000229293
0.5978356,0.0001682946
0.5978503,0.0001552305
0.5978641,0.0001517391
0.5978889,0.0002507237
0.5978908,0.0001583203
0.5978925,0.0001895611
0.5979109,0.0001533195
0.5979566,0.0001006404
0.5979756,0.0001727655
0.5979924,0.000274645
0.598013,0.0001286198
0.5980154,0.0001579621
0.5980175,9.127542e-05
0.5980251,7.235167e-05
0.5980352,0.000233032
0.5980662,0.0001343394
0.5981274,0.0002243905
0.5981342,0.0002992494
0.5981383,0.0001249905
0.598143,0.0001590995
0.598227,0.0001280081
0.5982503,8.11939e-05
0.5982781,0.000125795
0.5983667,0.0005423838
0.5983844,0.0002244771
0.5984082,8.216424e-05
0.5984487,0.0002135476
0.5984985,0.0001743688
0.5985004,0.000145384
0.5985323,0.0001159663
0.5985962,0.0002229034
0.5986394,0.152952
0.5986407,0.0001481293
0.5986995,0.0001943686
0.5986999,0.0001719523
0.5987033,0.0001837024
0.5987036,0.0001380149
0.5987138,0.0002820887
0.598756,0.0001713035
0.5987949,0.0001668894
0.5987979,4.559111e-05
0.5988184,0.0001458223
0.5988526,0.0002058786
0.5988549,0.0001504498
0.5988669,0.0002263617
0.5988845,0.0001507361
0.5988994,0.000206515
0.5989027,0.0001412147
0.5989109,0.0001422525
0.5989732,5.739159e-05
0.5989892,0.0002573398
0.599027,0.0001274375
0.5990509,0.0002661284
0.5990735,0.0001615516
0.5990956,0.0002277371
0.5991355,0.000311614
0.5991688,0.0002445728
0.5992047,0.0001460261
0.59922,0.000165109
0.5992324,0.0003491682
0.5992408,0.0002584065
0.5992712,0.0001244686
0.5992742,0.0001258226
0.5993072,0.0001834039
0.5994124,0.000137496
0.599424,0.0002625631
0.5994287,0.0002025168
0.5994338,0.0002642998
0.5994887,0.0002077766
0.5995595,0.0002941639
0.5995722,0.0002125988
0.5995886,0.000139236
0.5996079,0.0001143137
0.5996594,0.0002595723
0.5996649,0.0001381798
0.5996845,0.0001926925
0.599722,0.0001737123
0.5997499,0.0001879019
0.5997612,0.0001726711
0.5997618,0.0002948884
0.5997728,0.0001586283
0.5997787,0.0001668767
0.5998007,0.0001781397
0.5998077,0.0001476002
0.599928,0.0002108036
0.5999344,0.0001596869
0.5999351,0.0001507305
0.5999906,0.0001744669
0.600007,0.0001997869
0.6000738,0.0001758664
0.6001126,0.0002038777
0.6001267,0.0001723846
0.6002017,0.0002067309
0.6002563,2.800206e-05
0.6003042,0.0001552904
0.6003345,0.0002583474
0.6003484,0.0001972272
0.6003511,0.0002322229
0.6003521,7.92089e-05
0.6003646,0.000183532
0.6003702,0.0002373428
0.6003719,0.0001105081
0.600373,0.0002189672
0.6003756,0.0002346628
0.6003891,0.0002609819
0.6003915,0.0002098877
0.6003948,0.0001999201
0.6004057,0.0001984659
0.6004429,0.0002583007
0.6004568,0.0001927956
0.6004675,2.453467e-05
0.6004834,0.000286291
0.6005067,0.00028171
0.6005219,0.0001485224
0.6005288,0.0002768373
0.6005291,0.0003248857
0.60054,0.0001224868
0.6006142,0.0001621983
0.6006236,0.0001753972
0.6006348,0.0004176953
0.6006414,8.644532e-05
0.6007249,0.0001859786
0.6008075,0.0001260452
0.600837,0.0001269037
0.6008472,0.000152371
0.6008545,0.0001681103
0.6009044,0.0001726501
0.6009145,0.0002554244
0.6009387,0.0001135075
0.600989,0.000138522
0.6010262,0.0001797599
0.6011014,0.0002180952
0.6011022,0.0001989671
0.6011299,0.0001446153
0.6011761,0.0001542398
0.6012594,0.0001964381
0.6013064,9.975797e-05
0.601311,0.0001712073
0.6013685,0.0001612496
0.6015072,0.0001414318
0.6015137,0.0001470548
0.6015307,0.0002701356
0.6015474,0.0001618155
0.6015509,3.071231
0.6015925,1.186753
0.6016394,0.0001415395
0.6016475,0.0001352961
0.601657,0.0001418256
0.6016731,0.0001425349
0.6016781,3.187198e-05
0.6017079,0.0002036445
0.6017594,9.263172e-05
0.6017887,0.000118467
0.6018527,0.0003662662
0.6019084,0.0001484346
0.6019436,0.0001732725
0.6019448,0.0002298141
0.6019647,0.0002398891
0.602008,0.0002426374
0.6020965,0.000224777
0.6021064,0.000128502
0.6021188,0.000302663
0.6021228,0.0001635802
0.6021836,0.0001724537
0.6021845,0.000246068
0.6022267,0.000312923
0.6022694,0.00012953
0.6022699,0.0001791654
0.602304,0.0002665621
0.6025148,0.0002371384
0.6025475,0.0003227046
0.6025521,0.000238821
0.6025898,0.0002987543
0.6026354,0.0001798843
0.602707,0.0001286966
0.6027119,8.629475e-05
0.6027172,0.0001688227
0.6027448,0.0001556998
0.6027471,0.0001871885
0.6027657,0.0002539305
0.6028078,0.0001729484
0.6028796,0.0002813241
0.6029012,0.0001746385
0.6029998,0.0001548053
0.6030543,0.0004338498
0.6031296,0.0001696784
0.6031427,0.0001765487
0.6031461,7.05856e-05
0.6031961,0.0002005965
0.6032088,8.840846e-05
0.6032158,0.0002275072
0.6032227,0.0001419177
0.6032518,0.0007020399
0.6032605,9.886183e-05
0.6033048,0.0004102973
0.603311,0.0001603937
0.6033127,0.0001995309
0.6033447,0.0003421201
0.6033536,0.0001186938
0.6033555,0.0001779518
0.6034364,0.0002233857
0.6034499,0.0001711516
0.6035063,9.592889e-05
0.6035065,0.0001810009
0.6035355,0.0002665154
0.6035482,0.0001511321
0.6036446,0.0004019096
0.6036481,0.0001715083
0.6036685,0.0001989056
0.603669,0.0002464072
0.6036724,0.0001287318
0.6036728,0.0003895508
0.6036764,0.0002661049
0.603682,0.0002236508
0.6037208,0.0003778921
0.6037534,0.0001925383
0.6037895,0.000245767
0.6037971,0.0001600636
0.6038545,0.000205895
0.6038634,0.0002433508
0.6039348,0.0001378795
0.603937,0.0001351793
0.6039475,0.0001116351
0.6040718,0.0001614333
0.6040927,0.0001279503
0.6041307,0.0001476823
0.6041502,0.0001925454
0.6042022,0.0001095323
0.6042305,0.0002571422
0.6042428,0.0002273385
0.6042947,0.0001742439
0.604319,9.920013e-05
0.6043966,0.000179301
0.6044012,0.0001715195
0.6044183,0.0004180158
0.6044897,0.0001935168
0.6045139,8.485254e-05
0.6045162,0.000335338
0.6045256,0.000151208
0.6045418,0.0001864294
0.6045476,0.0001854098
0.6045553,0.0001519641
0.604601,0.0002190164
0.6046629,0.0004258946
0.6047149,0.0001060509
0.6047377,0.0002168164
0.6048027,0.0001832696
0.604885,0.0002239321
0.6049225,0.9657782
0.604931,7.993368e-05
0.604959,0.0001616071
0.6049612,0.0001933509
0.6050358,0.0001983486
0.6050446,0.0001219331
0.605067,0.0002242295
0.6051295,0.0001802953
0.6051309,4.759058e-05
0.605144,6.778348e-05
0.6051807,0.000246319
0.6051825,0.000187799
0.6052158,0.0001525967
0.605252,0.0001216047
0.6052748,0.000380977
0.6052801,0.000225569
0.6053045,0.0003583528
0.6053095,1.117914
0.6053252,0.0001815945
0.6053392,5.643124e-05
0.6054021,0.0002342849
0.6054049,0.0007316709
0.6054808,0.0002019338
0.6055104,0.0001272262
0.6056035,0.000168256
0.605653,0.0001835897
0.6057112,0.0001625719
0.6058226,0.0001701641
0.605848,0.0001404181
0.6058924,0.0001616453
0.6059151,6.60265e-05
0.6059507,0.0003018878
0.6059589,4.474003e-05
0.605962,0.0001857294
0.6060035,0.0002589877
0.6060477,0.0002397357
0.6060523,0.0001998193
0.6061237,0.000157795
0.6061309,0.0001279657
0.6061667,0.0002728912
0.6062005,0.0002891265
0.6062081,0.0001283287
0.6062279,0.0002631378
0.6062596,0.0006075454
0.6062702,0.000183496
0.6062811,0.000107426
0.6063212,6.063217e-05
0.606396,0.0003129766
0.6064277,0.0001727914
0.6064357,0.0001787733
0.6064674,0.0002351665
0.6065186,0.0007788207
0.6065298,0.0001938588
0.6065444,0.0002311473
0.6065736,0.0001878396
0.606583,8.529211e-05
0.6065962,0.0001388455
0.6066489,0.0001298541
0.6066496,0.0001168964
0.6066939,0.0004148417
0.6067021,0.0001870273
0.6067069,0.0002195183
0.6067821,1.02169
0.6068059,0.0002571016
0.6068574,0.0001915069
0.6068733,0.000158047
0.60694,2.123055e-05
0.6070778,0.0001190318
0.6071069,5.954174e-05
0.6071095,0.0002697643
0.6071465,0.0001209763
0.6071724,0.000124597
0.6071817,6.336424e-05
0.6071972,4.727905e-05
0.6072227,0.0001670898
0.6072651,0.0002200056
0.6073105,0.0002540994
0.6073726,0.0002340294
0.607398,0.0001895709
0.6074934,2.789992e-05
0.6075072,0.0003027088
0.6075158,0.0001177367
0.6075463,0.0001544633
0.6075603,0.0002089567
0.6075867,0.0001146097
0.6076301,0.0002992785
0.6076711,0.0001732062
0.6076764,0.000228806
0.6076799,0.0001614633
0.6077069,0.0002078724
0.6077387,0.0002154468
0.6077843,0.0001446223
0.6078035,0.0001533177
0.607825,0.00019166
0.607861,0.0004587796
0.6078824,0.0002423877
0.6078896,0.0002133254
0.6079409,0.0001321389
0.6080262,0.0003482361
0.6081622,4.05333e-05
0.6081725,0.0001707659
0.6081893,0.000184052
0.6082118,0.0003371574
0.6082208,0.0001558023
0.608247,0.0001730117
0.6082528,0.0002827753
0.6082985,0.0001393777
0.6083379,0.0001376685
0.6083521,0.0001478764
0.6084085,0.0001584766
0.6084825,0.0002540865
0.6085136,0.0001341394
0.6085157,0.0001762413
0.6085277,0.0002364105
0.6085449,0.0002757553
0.6085871,4.753039
0.6085907,0.0001447305
0.6086175,0.0001224312
0.6086413,0.0001666709
0.6086679,0.000129071
0.608747,0.0002466323
0.6088081,0.0001918986
0.6088277,7.011422e-05
0.6088499,0.0002626056
0.6088883,0.0001733072
0.6088985,0.0001615457
0.6089051,0.0001813289
0.6089243,0.00012716
0.6089523,0.0002166726
0.6090502,0.0002050808
0.6091921,0.0001863761
0.6092632,0.0001136583
0.6092787,0.0001925474
0.6093373,0.0002483084
0.6093595,0.0001978964
0.6093846,0.0001441118
0.6094064,0.00011635
0.6094339,0.0001447912
0.6095109,0.0001749537
0.6095549,7.357142e-05
0.609557,1.035905e-06
0.6095593,0.0001481176
0.609597,0.0003299052
0.6096896,0.0001545808
0.6096995,0.000159542
0.6097184,7.148397e-05
0.6098249,0.0001571878
0.6098648,0.0001256745
0.6098948,0.0002751659
0.6099015,0.0001787932
0.6099761,0.0002004258
0.6099992,0.0002010301
0.6100619,0.0001585496
0.6100913,0.000148764
0.6101186,0.0001332105
0.6101235,0.0002464782
0.6101535,0.0003651609
0.6101798,0.0001915976
0.6102678,0.0001145713
0.6102744,8.587306e-05
0.6102929,0.0002189476
0.6103018,0.000103501
0.6103128,0.0003421125
0.6103476,0.000222222
0.6103625,0.0001104172
0.610369,0.0004629501
0.6103749,0.0001465546
0.6104123,0.0002113419
0.610443,0.0003497723
0.6104433,0.0001927708
0.6104778,0.000204188
0.6104883,0.0001418811
0.6105201,0.0001947104
0.610533,0.0001764046
0.610548,0.0001921605
0.6105959,0.000130512
0.6105998,0.0002047377
0.6106371,0.0002286052
0.6106372,0.0002163251
0.6106376,0.0002166522
0.6106791,0.0002888611
0.6106954,0.0001643119
0.6107112,0.0003650177
0.6107259,0.0002382564
0.6107461,0.0002448457
0.6107496,0.0001758831
0.6107511,0.0001906312
0.6107652,0.0001952658
0.6107661,0.0001554094
0.6107842,0.000188789
0.6107904,0.0001294301
0.6107935,0.0002633683
0.6107935,0.0002654817
0.6108176,0.0001943821
0.6108177,0.0002899381
0.6108264,0.0001557633
0.6108274,0.0001827999
0.6109035,0.00017841
0.6110194,0.0002210163
0.6110497,0.0002655416
0.6110536,0.0001997993
0.6110547,0.0002092274
0.6110604,0.0001975481
0.611064,0.0001494203
0.6110865,0.0001785574
0.6111296,0.0001376473
0.6111643,0.0002141046
0.6111793,0.0001309488
0.611213,2.881786e-05
0.6112232,0.000135018
0.6112712,0.0001345938
0.6113339,7.088157e-05
0.6113693,0.0001546347
0.6113709,0.0003483085
0.6114216,0.0001304474
0.6114281,0.0002056239
0.6114311,0.0002983001
0.6114491,0.0001561715
0.6114545,3.237179e-05
0.6114658,0.0001718744
0.6114864,0.0002118398
0.6115113,0.0001660601
0.6115169,0.0002598402
0.6115171,0.0002373789
0.6115426,0.0002562454
0.6115545,0.0001417773
0.6117237,0.0001194786
0.6117529,0.0001617881
0.6117809,0.0001376543
0.6118007,0.0001558378
0.6118276,0.0002742727
0.6118766,0.0002800055
0.6118904,0.0005351004
0.611894,0.0001845994
0.6119022,0.0001527258
0.6119066,0.0001514707
0.611921,0.0001764827
0.6119233,0.000156862
0.6119707,0.0001500419
0.6119961,0.0001773116
0.6120473,0.0001560123
0.6120527,0.0002167152
0.6120607,0.0001874618
0.6120771,0.0001704931
0.6120772,0.0002030677
0.6121196,0.0001294934
0.6121549,0.0002027581
0.6121693,0.0003890544
0.612177,0.0001515252
0.6121771,0.0001691541
0.6121856,0.0002157727
0.6121924,0.0003220087
0.6122279,0.001136505
0.6122859,2.311917
0.612295,0.0001514684
0.6123132,2.387505e-05
0.6123262,0.0003421186
0.6123438,0.0001859075
0.612363,0.0005088132
0.6124095,0.0002121898
0.6124478,0.0001512917
0.6124479,0.0002426501
0.6124504,0.0003296069
0.6124805,0.001007669
0.6124812,0.0001347868
0.6124925,7.566136e-05
0.612503,0.0001113696
0.6125252,0.0001579294
0.6125376,0.0001133845
0.6125929,0.000108794
0.6126335,0.0001081769
0.6126395,0.0002385466
0.6126689,0.0001934663
0.6126766,0.0001419163
0.6127426,0.0001751175
0.6128823,0.000236633
0.6128934,0.0001428402
0.6129071,0.0001980223
0.6129082,0.0001449043
0.6129223,0.0001527423
0.6129938,0.0002780318
0.6130297,0.0002935945
0.6130419,0.0001857763
0.6130969,0.0001496178
0.6131108,0.000161229
0.6131674,0.0001205088
0.6131769,0.0001602305
0.6131989,9.830524e-05
0.6132397,0.0002767965
0.6133204,9.187456e-05
0.6133623,0.0002633588
0.6133713,0.0001683005
0.6134007,0.0001687778
0.6134198,0.0002889873
0.6134313,0.0001553156
0.6134496,0.0001004737
0.6134703,0.0001332434
0.6135515,0.0001295692
0.6135731,0.0001948023
0.6135735,0.0001829081
0.6135848,0.0006127892
0.613609,0.0001012075
0.6136159,0.0001823439
0.6137009,0.0001277661
0.6137548,0.0001640785
0.6138387,0.0001274356
0.613906,0.0001758158
0.6139475,0.0001422934
0.6139649,0.0002038586
0.6139732,0.0004160043
0.6139783,0.0002063259
0.6139866,0.0001583256
0.6139867,0.0001284247
0.6140429,5.729083e-05
0.6140453,0.0001614432
0.6140468,0.0001838548
0.6140572,0.0002851725
0.614068,9.074016e-05
0.6140707,0.0001337092
0.6140896,0.0001320047
0.6141186,0.0001524953
0.6141784,0.0001756292
0.6142145,0.0001751517
0.6142583,0.0001265689
0.6142985,0.0002211123
0.6143208,0.0001455175
0.6143281,0.0001899571
0.6143429,0.0001916006
0.6143596,0.0001462643
0.6143833,0.0001780799
0.6143896,6.71348e-05
0.6144358,0.000306884
0.6144385,0.0002056526
0.6144637,0.0003306692
0.6145449,0.000120172
0.614608,0.0001595395
0.6146185,0.0001730889
0.6146648,0.0001771249
0.6146692,0.0003314076
0.6146824,0.0002549337
0.614715,0.0001392777
0.6147695,0.0002151275
0.6148035,0.0001518774
0.61487,0.000123701
0.6149332,0.000248049
0.6150187,0.0004244554
0.6150274,0.0002634865
0.6151718,0.000200968
0.615204,0.0001729856
0.6152437,0.0001364353
0.6152467,0.0002089749
0.6152807,0.3645089
0.6152906,0.0001961338
0.6152986,0.0001248224
0.6153093,0.0001230201
0.6153122,0.0002706445
0.6154242,0.0001667568
0.6154432,0.0001071094
0.6154463,0.0001456183
0.6154915,8.50203e-05
0.615492,0.0001298282
0.6155126,0.0002670354
0.6155201,0.0002757554
0.6155332,0.0001463745
0.6155933,0.0001650953
0.6156139,0.0001485769
0.6156725,0.0001733721
0.6156858,0.0002086125
0.6157181,8.981011e-05
0.6157595,0.0002006135
0.6157964,0.0001410672
0.6158459,0.0002346837
0.6158816,0.0001428267
0.6158819,2.947693e-05
0.6159018,0.000198855
0.6159155,0.0001898927
0.6159312,0.000105993
0.6159512,0.0003087854
0.616018,0.0001857227
0.6160207,0.000199968
0.6160331,0.05052282
0.6160333,0.0001018398
0.6160634,0.0002075168
0.6161157,0.0002221199
0.6161308,0.0001986654
0.6161895,0.000186802
0.6162622,0.0001965214
0.6162953,0.0002087869
0.6163154,0.0001099793
0.6163679,0.000179094
0.6163743,0.0002867269
0.6163788,0.0002581424
0.6163797,0.0001272361
0.6163893,0.000143047
0.616411,7.973774e-05
0.6164238,0.0002250169
0.6164389,0.0005420534
0.616454,9.912949e-05
0.6164557,0.0004648999
0.616556,0.0001938799
0.6166191,0.0002175721
0.6166438,0.0002748905
0.6166814,0.0005118508
0.6166868,0.0002181955
0.616707,0.000194031
0.6167356,6.238317e-05
0.6167628,0.0001719396
0.6167769,0.0002561371
0.6167853,0.0002229362
0.6167892,0.0001438922
0.6168141,0.0002219137
0.6168163,0.0002332891
0.6168244,0.000209894
0.6168329,0.0002417284
0.616849,0.0002036532
0.6168819,7.475819e-05
0.6168838,0.0001397687
0.6168913,0.0001895794
0.6168993,0.0004697994
0.6169851,3.472942e-05
0.6171494,0.0001903186
0.6172212,0.000186339
0.6172924,0.0001676137
0.6173247,0.0001781828
0.6174268,0.000147458
0.6175717,0.0001774784
0.6176059,0.0001916009
0.6176118,0.0001553148
0.6176258,0.0001475143
0.6176804,0.0001443871
0.6177773,2.614672e-05
0.6178082,0.0002261371
0.6178313,0.0001971362
0.617893,0.06190607
0.6179414,0.0001462533
0.6179491,0.0001115017
0.6179704,0.0001800991
0.6179708,0.0001124471
0.6179802,0.0001777006
0.6179828,0.0005463316
0.6180125,0.0002059759
0.6180686,0.000190095
0.6181452,0.0001198419
0.6181623,0.0001609559
0.6182179,0.0001290158
0.6182703,0.0001867342
0.6182927,0.0002104482
0.618319,0.0003741448
0.6183774,0.0001070164
0.6183801,0.000120368
0.6184103,0.000160658
0.6185485,0.0002160222
0.6185721,0.0005942417
0.6186627,0.0003017495
0.6187974,0.0002505649
0.6188107,0.0001718023
0.6188343,0.0001251241
0.6188515,0.0001337536
0.6188615,0.0002136668
0.6188746,0.0002258797
0.6189042,9.934196e-05
0.6189669,5.408193e-05
0.6189968,1.026614
0.6190451,0.0003411995
0.6190576,0.0001299528
0.6190683,0.0002057311
0.619094,0.0001931473
0.6191283,0.0002952335
0.6191325,6.588679e-05
0.6191501,0.0001117203
0.6191708,0.0002588029
0.6191836,0.0001406197
0.6191919,0.0001538628
0.6192442,0.0001253327
0.6192788,0.0001372282
0.6193317,0.000101834
0.619414,0.0002343608
0.6194574,0.0001580289
0.6194728,0.0003352505
0.6195995,9.126545e-05
0.6196194,0.0002480243
0.6196681,0.0001225072
0.6197393,0.0001926117
0.6197711,0.0001959504
0.6197724,0.0001730437
0.6197801,0.0001865451
0.6197875,0.0001834434
0.6197963,0.0001737935
0.6198169,0.000324343
0.6198249,0.0002452175
0.6199162,0.0001678449
0.6199344,0.0001682241
0.6200323,0.0001366347
0.6200673,0.0002265495
0.6200684,0.0001930229
0.6200795,0.0001440421
0.6201058,0.0001419685
0.6201236,0.000205037
0.6201415,0.0002138765
0.6201422,0.0002413061
0.6201673,0.0001884101
0.620177,7.566506e-05
0.6202201,0.0001311679
0.6202453,0.0001536041
0.6202531,0.000138342
0.6202989,0.0004075686
0.6203617,0.0001513688
0.6203719,0.00022059
0.6203781,0.0001668611
0.6203791,0.0001931743
0.6204082,0.0001567602
0.6204426,0.0001989024
0.6204888,0.0001626178
0.6204931,3.047968e-05
0.620506,0.0003676404
0.6205255,0.0001915364
0.6205397,0.0001804778
0.6205506,5.660258e-05
0.6206917,0.0003308576
0.6207096,7.370882e-05
0.6207617,0.0001631588
0.6208312,0.0001964456
0.6208366,0.0001690032
0.6208758,0.0001432779
0.6208956,0.000145801
0.6209314,0.0002171498
0.6209352,0.0001505255
0.6209389,0.0001496227
0.6211993,0.0003020217
0.6212323,0.0001907177
0.6212383,0.0001415609
0.6212467,0.8848534
0.621262,0.0001246947
0.6212816,0.0001982901
0.6212881,0.000183378
0.6212981,0.0002879575
0.6213241,0.000222697
0.6213282,0.0002151485
0.6213586,0.0001385889
0.6213768,0.0001173972
0.6213877,0.0003706969
0.6213999,0.0001554138
0.6214082,0.0001384185
0.6214697,0.0004735631
0.6215171,6.190917e-05
0.6215205,0.0001858788
0.6215361,0.0001869132
0.6215365,0.0001692542
0.6215695,0.0002880436
0.6215848,0.0001870933
0.621585,0.0001509871
0.6215929,0.0002057251
0.6216198,0.000243436
0.6216487,0.0001710656
0.621669,0.0002265373
0.6217223,0.0002047678
0.6217701,0.0003298528
0.6218176,0.0004022917
0.6218214,0.0001508887
0.6218889,0.0002064811
0.6218973,0.0002570694
0.6219505,0.0002256872
0.6219739,0.0002008841
0.6219757,0.0001852869
0.6220019,3.138628e-05
0.6220125,0.0001731186
0.622013,0.0001614908
0.622017,0.000151244
0.622025,0.000184117
0.6220388,0.0002087142
0.622045,0.0001866567
0.6220684,0.0002491784
0.6220803,0.000183231
0.6220831,0.0001396339
0.622134,0.0003206309
0.6222022,0.0001153608
0.6222721,0.0001319938
0.6222821,0.0001941158
0.6222842,0.0001541403
0.6223002,7.771191e-05
0.6223074,0.0001978914
0.6223097,0.0002074923
0.6223161,0.0001128909
0.622333,0.0001111902
0.6223733,0.3566861
0.6223993,0.0001141559
0.6224471,0.0002674429
0.6225238,0.0001899704
0.6225267,0.0001973397
0.6225639,0.0001217244
0.6226245,0.0003702283
0.622644,0.000234613
0.6226518,0.0002705997
0.6227049,0.0001524144
0.6227215,7.838414e-05
0.6227257,0.0001772903
0.6227816,0.0004716888
0.6228316,0.0003727436
0.6228336,0.0002189786
0.6228394,0.0001307252
0.6228644,0.0001520209
0.6228772,0.0001670916
0.6229582,0.000146984
0.6229596,4.448462e-05
0.623027,0.0001428846
0.6230846,0.0003442679
0.6230859,0.0001713334
0.623121,0.0002776714
0.6231515,0.000176615
0.62318,0.0003551448
0.6232738,0.0001464819
0.623296,0.0003385764
0.6233284,0.0003122933
0.6233769,0.0001873512
0.6234013,0.0001905952
0.623413,0.0001346334
0.6234136,0.0002351386
0.6234385,0.0001420451
0.6234453,0.0001359468
0.623484,0.6573784
0.6236783,0.0001966735
0.6237234,0.0001487557
0.6238988,0.0001452984
0.6239129,0.0001688709
0.6239326,0.0002083744
0.6239403,0.0002131289
0.6239538,0.0003896274
0.6239727,0.0001846761
0.6240025,0.000201924
0.6240196,0.0001995997
0.6240384,0.0001346031
0.6240969,0.0002304219
0.6241071,0.0001692739
0.6241426,0.0002375823
0.6242299,0.0001427947
0.624249,0.0002445354
0.6242499,0.0001716733
0.6242787,0.0001500239
0.6244163,0.0001752285
0.6244338,0.0001288459
0.6244381,0.0001208921
0.6244494,0.0001238628
0.6244918,0.0001896782
0.6245023,0.0001638018
0.6245301,0.0003355643
0.6245402,9.714254e-05
0.624604,0.000257255
0.6246163,0.0002429379
0.6246265,0.0002085679
0.624773,0.0001966506
0.6248241,0.0002412063
0.6248258,0.0001503871
0.6248689,0.0001158884
0.62487,0.0001448873
0.6248886,0.0001220791
0.6249049,0.0001470241
0.6249192,0.0002033004
0.6249405,0.0001406105
0.6249511,0.0002517966
0.6249692,0.0001559075
0.6249931,0.0001442131
0.6249994,0.0001353357
0.6250033,0.0001515396
0.6250452,0.0002192912
0.625093,0.0002918819
0.6250979,0.0002320782
0.6251113,0.000128585
0.6251464,7.121114e-05
0.6251598,0.0001201616
0.6251704,0.000171869
0.6251751,0.000146368
0.6251845,0.0002030688
0.6251913,0.0001480063
0.6252518,0.0001888184
0.6252959,9.521915e-05
0.6253124,0.0004967639
0.6253456,0.0002412032
0.6253546,1.37153
0.6254002,0.0001867411
0.6254086,0.0003004087
0.6254667,0.000136756
0.6255872,0.0001245194
0.6256101,0.0001538368
0.6256378,0.000187731
0.6256384,0.0001603128
0.6256498,0.0001864691
0.6256861,0.0001621211
0.6257696,0.0001742729
0.6258101,0.0001036804
0.6258383,0.0002287213
0.6258907,0.0001784131
0.6259074,6.163415e-05
0.625908,0.0001772309
0.62591,0.0001937431
0.6259262,0.0001359246
0.6259471,0.0001954472
0.625953,0.0002161612
0.6259712,0.0001422344
0.6260266,0.0001755165
0.6260504,1.430491e-05
0.6260794,0.0001680289
0.6260835,0.000173502
0.6261191,0.1922592
0.6261578,0.0001499454
0.626166,0.0001938584
0.6262186,0.000144747
0.6262436,0.0001438632
0.6262534,0.0002030711
0.626312,0.0003326119
0.6263698,0.0001891674
0.6264498,0.0001770001
0.6264724,0.0001887072
0.6264789,0.0001900063
0.6265088,0.0002655553
0.6265251,0.000116414
0.6265391,0.0001624649
0.6265972,0.0003274153
0.6266035,0.0001596224
0.6266428,0.0002040662
0.6266655,7.52574e-05
0.6266683,0.0001486336
0.6266981,0.0001263282
0.6267037,0.0003114642
0.6267097,0.0003555534
0.6267196,6.613827e-05
0.6267401,0.000262156
0.6267619,0.0001163736
0.6267691,0.0001734984
0.6267788,0.0002429693
0.6267941,0.000167874
0.6268578,0.1075221
0.6269143,0.0001315797
0.6269521,0.0001417734
0.626964,0.0002444895
0.6270025,0.0001750324
0.6270571,3.709103e-05
0.6271091,0.0001821396
0.6271204,0.0001125303
0.6272584,8.677276e-05
0.6272746,0.0002408161
0.6272793,0.0001281792
0.6272898,0.0001967488
0.6274165,0.0002464131
0.6274492,0.0003816531
0.6275537,0.0001806811
0.6275838,0.0001768173
0.6276187,0.0001959373
0.6276515,0.000172892
0.6276527,0.0003042794
0.6276619,0.0002202958
0.627684,0.0001671864
0.6277442,0.0001960715
0.6277831,0.0002580638
0.6277912,0.0001846273
0.6279962,0.0001638454
0.6281286,0.0001529709
0.6281312,0.0001096653
0.6281389,0.0001873975
0.6282124,0.0002143243
0.6282879,9.645881e-05
0.6283783,0.0001765555
0.6283914,0.0003441749
0.6284176,0.0001553934
0.6284385,0.0001390226
0.6284416,0.0001257627
0.6285005,0.0001270636
0.6285211,0.0002631197
0.6285397,0.0001383277
0.6285961,0.0001311072
0.6286418,6.578877e-05
0.6287076,6.35527e-05
0.6287913,9.730752e-05
0.6287966,0.0002643499
0.6288007,0.0001431881
0.6288077,0.0002511746
0.628827,0.000249328
0.6288949,0.0002115008
0.6289337,0.0002988703
0.6289939,0.0002592948
0.629016,0.0003484006
0.6290193,0.0001670617
0.6290243,0.0001194007
0.6290881,0.0001248268
0.6291012,0.000154591
0.6291167,0.0002116873
0.6292913,0.0001547863
0.6293973,0.0002556903
0.6294487,3.283142e-05
0.6294562,0.0001994239
0.6294617,0.000194137
0.62947,0.0002588629
0.6294976,0.0001534795
0.6295097,0.0001719264
0.6295235,0.0001685475
0.6295294,0.0001829432
0.6296027,0.0002106575
0.6296709,0.0002063726
0.6297072,0.000183045
0.6297125,0.0001833546
0.6297135,0.0001641554
0.6298073,0.0002646775
0.6298268,0.0001374542
0.6298285,0.0001085165
0.6298292,0.0002703313
0.6298779,0.0001152225
0.6299489,0.0001283496
0.6299962,0.0001769446
0.6302173,7.093547e-05
0.6302386,0.0003358788
0.6303356,0.0002026997
0.630363,0.0002093264
0.6304201,0.0001517287
0.6304225,0.000261314
0.6304348,9.157552e-05
0.6304457,0.0001288475
0.6304606,1.552057e-05
0.6304624,0.0001899647
0.6305401,0.0002244315
0.6305885,0.0001705358
0.6305945,0.0001617418
0.6306093,8.789715e-05
0.6306775,9.952335e-05
0.6307831,0.0002062887
0.6308295,0.0001104853
0.630881,0.0001999442
0.6309019,0.0001441888
0.6309506,0.0001328029
0.6309834,0.0002439853
0.6309923,0.0002397102
0.6309947,4.097846e-05
0.6310441,0.0002100688
0.6310819,0.0001349195
0.6311458,5.154772e-05
0.6311644,8.682459e-05
0.6313289,0.0001919825
0.63134,0.00013002
0.6313869,0.0001658669
0.6313903,0.0001945343
0.6314476,0.0002112031
0.631454,0.0001637341
0.631466,0.0001789939
0.6314813,6.810221e-05
0.6315034,0.0001309034
0.6315266,0.0001874119
0.6315458,0.0002442698
0.6315887,0.0001984219
0.6316188,0.0001248275
0.6316881,0.0003262014
0.631712,0.0004203231
0.6317279,0.7685481
0.631742,0.0003304794
0.6318668,0.000925744
0.6318679,0.0001293229
0.6318735,0.0002277428
0.6318879,0.0001099593
0.6319355,0.0001592826
0.631938,0.0001250508
0.6319875,0.0001025207
0.6320143,0.0002250364
0.6320558,0.0001409548
0.6320677,0.0002460451
0.6320739,0.00017416
0.6320975,4.335894e-05
0.6321572,3.575533e-05
0.6321865,0.0002049079
0.6321946,0.0003140964
0.6322244,7.474367e-05
0.632246,0.0001667152
0.6322785,0.000161953
0.6323253,0.0001761902
0.6323326,0.0002781292
0.6323678,0.0002198371
0.6323997,0.0001381353
0.6324496,0.0002158968
0.6324503,0.0002493978
0.6324668,0.0001951606
0.6324831,0.0002659721
0.6324955,0.0001813562
0.6325794,0.0001696355
0.6327072,0.0002639338
0.6327125,4.315013e-05
0.6327676,0.0002308258
0.6327676,0.0002568937
0.6327874,0.0002506504
0.632817,0.0001475305
0.6328542,0.0001495083
0.6328699,0.0001841529
0.6328729,0.0001921819
0.6329751,0.0001124271
0.6329892,0.0002424843
0.6330055,7.847095e-05
0.63303,0.0001889516
0.6330711,0.0004405589
0.6331189,0.0002436771
0.6331207,0.0001825097
0.6331656,0.0001683811
0.6331731,0.0001483089
0.6332147,0.0002267809
0.6332411,0.2051245
0.633254,0.0002116363
0.6332657,0.0003601243
0.6333176,0.0001785072
0.6334046,0.0002312102
0.6334109,0.0002554279
0.6334805,0.000110118
0.633489,0.0001853107
0.6335117,0.000134072
0.6335188,0.0001859286
0.6335464,0.0001299218
0.633558,0.0002322704
0.6335832,1.775479e-05
0.6335986,0.000208478
0.6336533,9.729026e-05
0.633669,0.000180564
0.6336727,0.0001879014
0.633698,0.0001589891
0.6337537,0.0001715957
0.6338961,0.0002602827
0.6339063,0.0001352564
0.6339333,9.938081e-05
0.6339346,0.000204576
0.6339468,0.0002623829
0.6339509,0.0003196582
0.6339895,0.0001309624
0.6340132,0.0002064344
0.6340545,9.830169e-05
0.6341477,0.0002414545
0.634156,0.0002526108
0.634165,0.0004344585
0.6341861,0.0001824247
0.6342463,0.0001611372
0.6343218,0.000160519
0.6343629,0.0001652724
0.6343755,5.899695e-05
0.6344007,0.000288053
0.6344569,0.0001641595
0.6344787,0.0003912319
0.6345667,0.0002641958
0.6346606,0.0002253222
0.6346671,0.0003119021
0.6347197,0.000139842
0.6347412,0.0002283023
0.6347463,0.0001344255
0.6348003,0.0001465605
0.6348988,0.0001469561
0.6349095,0.0001258809
0.634942,0.0002254392
0.6349528,0.0002227077
0.6350063,0.0003804448
0.6350183,0.0001739937
0.6351346,7.812469e-05
0.635186,0.0002614935
0.6352272,0.0002525388
0.6352594,5.217084e-05
0.6352616,0.0001555002
0.6352755,0.0002030307
0.6352891,9.009313e-05
0.635309,0.0001139704
0.6353181,0.0001451242
0.6353418,0.0002064295
0.6353513,0.000353493
0.6354876,0.0002240314
0.6355225,0.0002921821
0.6355252,0.0001607218
0.6356077,0.0001692989
0.6356382,0.0002006098
0.6356573,0.0002565058
0.6356602,0.0001982667
0.6356803,0.0001625314
0.6356869,0.00010959
0.6357119,0.000128461
0.6357377,0.0001545839
0.6357549,0.0001822279
0.6357697,0.000197133
0.6357745,0.0003699104
0.635798,0.0001736782
0.6358241,0.0001519095
0.6359388,0.0002554999
0.6360139,0.0001257434
0.6360217,7.322629e-05
0.6360695,0.0002144919
0.6361434,0.0001317868
0.6361467,0.0003039743
0.636189,9.6964e-05
0.6363224,0.0001464182
0.6364232,0.0001903591
0.636454,0.0001422646
0.6364567,0.0001133896
0.6364653,0.0001334174
0.6365055,0.0003967477
0.6365891,0.000147693
0.6365917,0.0003393963
0.6366026,0.0001397753
0.6366523,0.0002316173
0.6366547,0.0001901983
0.6366772,0.0001912604
0.636687,0.0001867465
0.6367459,0.0001977443
0.636821,0.0001951548
0.6368508,0.0002187876
0.6368623,0.0002695128
0.6368661,0.0001317955
0.6369202,7.354475e-05
0.6369333,0.0002058064
0.6369383,0.0002026669
0.6369912,2.302081e-05
0.6370071,0.0001632127
0.6370375,0.0002130335
0.637134,0.0002076906
0.6372089,0.0001502024
0.6375075,8.032472e-05
0.6375856,0.0001488629
0.6376192,3.588905e-05
0.637625,0.0002103513
0.6376325,0.0001522569
0.6377345,0.0002157012
0.6378273,0.0001846189
0.6378557,0.0001607203
0.6378637,6.461867e-05
0.6378745,0.0003500518
0.6379337,0.0002234838
0.6379394,0.0001935991
0.6379712,5.854476e-05
0.6380139,0.0001744679
0.6380253,0.0001353071
0.6380651,0.0002813994
0.6381052,0.0001994045
0.6381422,0.0001555708
0.638172,0.0002589058
0.638187,0.0002034246
0.6382523,0.0001047612
0.6382865,0.0001785769
0.6383113,0.0001746485
0.6383557,0.0007234518
0.6384691,0.0004372707
0.638486,0.0001909636
0.6385522,0.0002321216
0.6385625,8.030183e-05
0.6386104,0.0002089841
0.638626,0.0001960431
0.6386932,0.0003162945
0.6387241,0.0001576173
0.63873,0.0002453533
0.6388294,0.0002425795
0.6389014,0.0001604675
0.6389249,0.0001692414
0.6389546,0.00026486
0.6389949,0.0001268339
0.6390079,0.0001941381
0.6390247,0.0002053893
0.6390496,0.0001781173
0.6391311,0.0001533579
0.6391836,0.0001215561
0.6391962,0.000214138
0.6392424,0.0001969832
0.639334,0.0001426497
0.6394356,0.0003509682
0.6394736,0.0001693481
0.6395387,8.072001e-05
0.6396033,0.0002032804
0.6396183,0.0001565392
0.6396561,0.0002888043
0.6396998,0.0002144115
0.6397669,0.0001650929
0.6397968,0.0001914873
0.6398423,0.0001394659
0.6398743,0.0001361586
0.6399175,0.0001932248
0.6399217,0.0002735218
0.639933,0.0001265563
0.6399342,0.000162448
0.6399377,0.0001785028
0.6399379,0.0002870949
0.6399396,0.0002807262
0.6400266,0.0001614952
0.6400565,0.0002291782
0.6401184,0.0001474406
0.6401303,0.0003409177
0.6402087,0.0001372387
0.6402726,0.000185646
0.6402979,0.0001716649
0.6403077,0.0003448263
0.6403329,0.0001539419
0.6403673,0.000179781
0.6404011,0.008061573
0.6404096,0.0003035979
0.6405188,0.0001956154
0.6405756,0.0001791441
0.6405989,0.0001475505
0.6406143,7.007043e-05
0.6406198,0.0001756501
0.6406481,0.0001896415
0.6406494,0.0003282987
0.6406916,0.000101153
0.6407824,0.00022539
0.6408105,0.0004666867
0.6408201,0.0001862312
0.6408828,0.0002132841
0.640885,0.0002225287
0.6409237,0.0001990657
0.6409383,0.0002534049
0.6409845,0.0001596483
0.6410557,0.0001162925
0.6410708,0.0001430324
0.6410768,0.0002580595
0.6411504,0.0004930412
0.6411625,0.000103882
0.6411712,0.0002369928
0.6411968,0.0002270251
0.6412203,0.0002287461
0.6412588,0.0003089706
0.6412666,0.0005158341
0.6412987,0.0001657239
0.6413522,0.0001876458
0.6414143,0.0002978597
0.6414203,0.0001808683
0.6414265,0.0001587225
0.6414841,0.0001690499
0.6415274,0.0001180125
0.6415878,0.0001862863
0.6416175,0.0002114178
0.6416546,0.0002852891
0.6416998,0.0001677915
0.6417979,0.0002511042
0.6418137,0.0001805056
0.6418391,0.0001965675
0.6418483,0.0002388147
0.6419384,0.0001940149
0.6419384,0.0001643088
0.6419632,0.0002048063
0.6420124,0.0003936231
0.6420312,0.0002374494
0.6420437,0.0002983725
0.6420789,0.0002475763
0.6420977,0.0001958122
0.6421201,0.0002318005
0.6421517,0.0002607305
0.6421658,0.0001850249
0.6421835,0.0001422498
0.6422063,0.0001048915
0.6422077,0.0002156697
0.6422366,0.0001987772
0.6422638,0.0001316986
0.6422706,0.0001636488
0.6423153,0.0002063788
0.6423251,0.0001459425
0.6423463,0.0001586348
0.6423545,0.0001842281
0.6423571,0.0001576982
0.6423576,0.0001926008
0.6423702,0.000243517
0.6424485,0.0001097443
0.6425447,0.0001418581
0.6425746,0.0001378583
0.6426198,9.692095e-05
0.6426713,0.0001451563
0.642694,0.0002458754
0.6427001,0.0001868271
0.6427374,0.000231542
0.6427643,0.0003289558
0.6428041,0.000180427
0.6428145,0.0002206075
0.6428161,0.0001183435
0.6428277,0.0002254922
0.6429101,0.000231114
0.6429117,0.0001354837
0.6429133,0.0001835725
0.6429257,0.0001920034
0.64303,0.0001678504
0.643032,0.0001747313
0.6431301,0.0001766419
0.6431502,0.0002314195
0.6432173,0.0001391114
0.6432298,0.0001707689
0.6433868,0.0003004817
0.6434069,0.0001540967
0.6434096,0.0001631173
0.6434115,0.0002247759
0.6434457,0.0001399106
0.6434938,9.938867e-05
0.6435097,0.0001985703
0.6435582,0.000323065
0.6436348,0.0002076702
0.6436785,0.0002711842
0.643701,0.0001589624
0.6437156,0.0001692598
0.6437287,0.0001364005
0.6437527,0.0003176825
0.6437913,7.675359e-05
0.6438411,8.952265e-05
0.6438438,0.0001712097
0.6438483,0.0002136569
0.6440093,2.5149e-05
0.6440909,0.0001625929
0.644145,0.00034312
0.6441684,0.0003903556
0.6443704,0.0002314859
0.6444076,0.0001837387
0.6444946,0.0001571358
0.6445475,9.385151e-05
0.6447531,0.0001319692
0.64478,0.0003147994
0.6447917,0.0002332009
0.6447991,0.0004556956
0.6448095,7.093982e-05
0.6448258,0.0001723354
0.6449068,0.0002068465
0.6451594,0.0001575114
0.645206,0.0001325543
0.6453069,0.0001396694
0.6453429,4.015741e-05
0.6454297,0.0001744589
0.6454798,0.0001963971
0.645492,0.000177271
0.645548,0.0001873692
0.6455578,0.0002052943
0.6455986,0.0002567189
0.6457326,0.0001155498
0.6457821,0.0002443645
0.6457953,0.0002294459
0.6458104,0.0002782403
0.6458104,0.0004765298
0.6458371,0.0002115337
0.645851,5.550478e-05
0.6458542,0.0002217264
0.6458876,0.000173619
0.6459551,0.0001842166
0.6459714,7.896013e-05
0.6459766,8.636527e-05
0.6459838,0.0001190201
0.6460937,0.0003114078
0.6461401,8.315225e-05
0.6461459,0.0001669262
0.6461935,0.0001646748
0.6461983,0.0003501506
0.6462187,0.0001574779
0.6462657,0.0001700119
0.646397,0.0001665032
0.6464011,0.0002245438
0.6464303,0.0002285552
0.6464368,0.0001688654
0.6464864,0.0001957122
0.6466568,0.0002882461
0.6466607,0.0001791585
0.6466624,0.0001702859
0.6467287,0.0001438949
0.6467479,0.0001264925
0.6467697,0.0002150908
0.6467736,0.0002685893
0.6467792,7.023085e-05
0.6467794,6.680841e-05
0.6468159,0.0002636388
0.646839,0.0001796413
0.6468496,0.0001273742
0.6468661,0.0002152679
0.6469468,0.0002654375
0.6469604,9.05094e-05
0.6470527,0.0001964002
0.6470907,0.0001486842
0.6471168,0.0001094868
0.6471479,5.673624e-05
0.6471851,0.0001860054
0.6472563,0.0001910061
0.6472601,0.0001916585
0.6472933,0.0001645792
0.6473678,0.000123156
0.6473945,0.0001380071
0.6474097,0.0001899412
0.6474223,0.00017093
0.6474248,0.0001183701
0.6475644,0.0001477338
0.6475681,0.0001306691
0.6475818,0.0001841499
0.6476308,0.0002334499
0.6476663,0.0002169153
0.6476883,0.0003213102
0.647702,0.0001296357
0.647703,0.0001840093
0.6477381,0.0001542257
0.6477932,8.996838e-05
0.6478045,0.0001100799
0.6479287,0.0002833781
0.6479621,0.0001404176
0.6479799,0.0001572804
0.6479887,0.0001624086
0.6480127,0.0002147463
0.6480218,0.0002016479
0.6480331,0.0002533969
0.6480641,0.0002586978
0.6480914,0.0001614462
0.6481333,0.0001612142
0.6481453,0.0001596339
0.6481717,0.0002361941
0.6482474,7.857142e-05
0.6482615,0.0001983986
0.6482771,0.0001335744
0.6483583,0.0001554912
0.6483687,0.0002213179
0.648381,0.0001977287
0.6483861,0.0001875658
0.6484995,0.0001585108
0.6485573,0.0001826728
0.6485678,0.0002629858
0.6486258,0.0001781595
0.648654,0.0001514795
0.6487384,0.0001030793
0.6487442,0.0002130288
0.648766,0.0001853542
0.6487895,0.0004825022
0.6488303,0.0004046581
0.6488799,0.0001364212
0.6488823,0.0001935539
0.6489163,0.0001800609
0.6489397,0.00024012
0.6490577,0.0002131293
0.6490756,0.0001184345
0.6490849,0.00021914
0.6490946,0.0001318609
0.6491838,0.0002100434
0.6491857,0.0001493302
0.6491896,0.0001624462
0.649213,0.000175057
0.6492589,0.0003115753
0.6492679,0.0001981257
0.6492754,0.0001032928
0.6493257,0.0002286014
0.6493861,0.0001471822
0.6494024,0.000172545
0.6494973,0.0001178836
0.6495066,0.0001995463
0.6495541,0.0001499207
0.6495713,0.0001972001
0.6495857,0.0001808658
0.6496187,0.0001371154
0.6496348,0.000195116
0.6497546,8.429178e-05
0.6498168,0.0002024376
0.649826,0.0002593856
0.6498504,0.0003102801
0.6499456,0.0001193588
0.6499577,0.0001249046
0.6499869,0.0001954517
0.6500711,0.000165701
0.6500877,0.0002765113
0.6501041,0.0002202507
0.6501549,0.0002078185
0.6501881,0.0001954159
0.6502051,0.0002309413
0.6502214,0.0001310273
0.6502908,0.0002615496
0.6502966,0.0003012559
0.6503198,0.0001894224
0.6503592,0.0001129882
0.6504005,0.000327259
0.6504036,0.0002251727
0.6504213,0.0001321273
0.6505548,0.0001980703
0.6508214,0.0002272991
0.6508261,0.0002202791
0.6508671,0.0001720357
0.650901,7.700668e-05
0.6509606,0.0002923837
0.6510782,0.0001954722
0.6511067,0.0003682965
0.6511098,0.0001562093
0.6511382,0.0001496755
0.6512206,0.0001659759
0.6512339,1.761263e-05
0.6512631,0.0001937061
0.6512874,0.0001922354
0.651347,0.0001507307
0.651404,1.660947e-05
0.6515094,0.0001597361
0.6515571,0.0002336574
0.6515912,0.0003018061
0.6516627,0.0002010126
0.6516995,0.000423709
0.6517205,0.0001555698
0.65192,0.0002463906
0.6519601,0.0001647236
0.6520612,0.000179807
0.6520933,0.0001457614
0.6521136,0.000124284
0.6521603,8.814858e-05
0.6521803,0.0002076149
0.6522255,0.0003410989
0.6523364,0.0001997322
0.6523904,0.0001337358
0.6523964,0.0001018503
0.6524388,0.0002115966
0.6524418,0.0001841081
0.6525593,0.0002487003
0.6525742,0.000204011
0.6525987,0.000299227
0.652688,0.0001531174
0.6527031,0.0003627398
0.6527177,0.00016246
0.6527268,0.0002612599
0.6527531,0.000134651
0.6527578,7.82017e-05
0.6528981,0.0001587313
0.6529217,0.0001749969
0.6529425,0.0001844478
0.6531088,0.0001878222
0.6531179,0.0001085779
0.6531366,0.0001563079
0.653185,0.0003296484
0.6533103,5.180177e-05
0.6533115,0.0001955471
0.6533602,0.0003845312
0.6533622,0.000177681
0.6534106,0.0001399819
0.6534165,0.0002162298
0.6534302,0.000167469
0.653509,0.0001741759
0.6535324,0.0003216578
0.6536074,0.0002087086
0.6536545,0.000223532
0.6536555,0.0003812371
0.6536635,0.08216047
0.6537097,0.0001537339
0.653734,8.962153e-05
0.6537927,0.0003063156
0.6538266,0.0001825737
0.6539251,0.0001518153
0.6539271,0.0001804993
0.6540721,3.838333e-05
0.6541757,7.907173e-05
0.6542336,0.0001752667
0.6542467,0.0001892255
0.6542628,0.0001680365
0.6542922,0.0001166547
0.6543165,0.0002404807
0.6543342,0.0002108844
0.6543704,0.0001588428
0.6543739,0.0001401856
0.6544687,0.0003556648
0.6544836,8.267638e-05
0.6544864,0.0003099612
0.6545489,0.0003330056
0.6545542,0.0002449458
0.6545785,0.0002257692
0.6545818,0.0001669411
0.6546278,0.0002122876
0.6546718,0.000209631
0.6547214,0.0001040791
0.654732,0.0001926134
0.654761,0.0001521028
0.6547793,0.000337869
0.6547829,0.000277935
0.6548028,0.000193729
0.654839,0.0002031881
0.654878,0.000283658
0.6549218,0.0003138849
0.6549608,0.0001441372
0.6549634,0.0001458582
0.6550335,0.0002100456
0.6551878,0.000238407
0.6552293,0.0001287515
0.6552633,0.0002309513
0.6552983,0.0001561898
0.6553124,0.000172813
0.6553447,0.0001529143
0.6553986,0.0002850505
0.6554098,0.0002084853
0.6554253,0.0002024858
0.6554807,0.0001542779
0.6555102,7.691272e-05
0.6556504,0.0001655989
0.655722,0.0002204403
0.655786,0.0001822216
0.6557931,0.0001340601
0.655869,0.0001522331
0.6559179,0.0002933357
0.6559529,0.3948089
0.6559562,0.0001666621
0.6560043,0.0001809145
0.6560407,7.37962e-05
0.6561102,0.0001380756
0.6561268,4.270354e-05
0.6561343,0.0002293452
0.6561512,0.0003678991
0.6561874,0.0001774298
0.656198,0.0002123125
0.6562693,0.0001471175
0.6562738,0.000255102
0.6562997,0.0002833116
0.656316,0.0001341227
0.6563268,0.00015371
0.6563339,0.0001982755
0.6563464,0.0003554948
0.6563968,9.664521e-05
0.6564106,0.000267725
0.656414,0.000331019
0.6566473,0.0002669501
0.6566551,0.0003382502
0.6566686,0.0001553368
0.6566724,0.0003540818
0.6566737,0.0001485342
0.6566858,7.983445e-05
0.656692,0.00023548
0.6566926,0.0002317499
0.6567151,0.9636198
0.6567254,0.0001826649
0.6567318,0.0002735012
0.6567392,0.000132989
0.6568336,0.0002047
0.6568937,0.0001140273
0.6568975,0.0002787286
0.6569068,0.0001714021
0.6569706,0.0001655208
0.6569798,0.0001857906
0.6570149,0.0002943781
0.6570493,0.0002812591
0.6571235,0.0001172272
0.6571423,0.0003335514
0.6571672,0.0002729077
0.6571707,0.000218739
0.6571862,0.0001547389
0.6572011,0.0005593677
0.6572354,0.0001562017
0.6572521,0.0002121291
0.6572613,7.558607e-05
0.6572767,0.000227322
0.6573649,0.0003461876
0.6573864,0.0002519237
0.6574185,0.0005344762
0.6574249,0.0001705569
0.6575179,9.804707e-05
0.6575611,0.0002069548
0.6575675,0.0001513832
0.6576357,0.0001309531
0.6576997,0.0001188613
0.657834,0.0001350434
0.6578457,0.0004542912
0.6579072,0.0003107969
0.6580378,0.0001499522
0.6580812,0.0002411629
0.6581087,0.0002068566
0.6581246,0.0001634869
0.6581467,0.0003354813
0.6581477,0.000275226
0.6581925,0.0001504298
0.6582385,0.0002567632
0.6582691,0.0001660128
0.6582763,8.517946e-05
0.6583222,0.0002896469
0.6583686,0.0001803667
0.6583957,0.0001763532
0.6584032,0.0002208748
0.6584095,0.0002803662
0.6584126,0.0002421003
0.6584205,0.0001933215
0.6584604,0.0001897498
0.658559,0.0001033413
0.6585712,0.0002372052
0.6586305,0.1913613
0.6586326,0.0001241702
0.6586375,0.0002290441
0.658748,0.0001476514
0.6589651,0.0002130655
0.6589657,3.261918e-05
0.6589766,0.0002070493
0.6590105,0.0002269501
0.6590388,0.0001819168
0.6590726,0.0002207748
0.6590766,0.0002507438
0.6591521,0.0001573301
0.659175,0.0001490581
0.6592668,0.0001369957
0.659308,0.0001712155
0.6593198,0.0001710173
0.6593267,0.0005337194
0.6593442,0.0002898873
0.6593567,0.0001624366
0.6593756,0.0002379484
0.6595336,0.000276029
0.6596344,7.209964e-05
0.6597478,0.0002037089
0.6597531,0.0002188208
0.6597737,0.0002532084
0.6598221,0.0001570909
0.6598291,0.0001476586
0.6598474,0.000221603
0.6598713,0.0002773501
0.6598793,0.0002853079
0.6599157,0.0001917361
0.6599733,0.0003505141
0.659984,0.0001678058
0.6600282,0.000241035
0.6600435,0.0001503028
0.6601043,0.0001846505
0.6601185,0.0001943139
0.6602019,0.0001647884
0.6602601,0.0001170979
0.6602895,0.0003350478
0.6602896,0.000114765
0.6603642,0.0001186377
0.6604056,0.0001229846
0.6604077,0.0002059776
0.6604649,0.0002033043
0.660515,0.0001845547
0.6605283,0.0002174059
0.6605302,0.9287679
0.6605326,0.0001993472
0.6606106,0.0001380417
0.6606267,0.0001921366
0.6606493,0.0001479541
0.6606983,0.0003170783
0.6607696,0.0002341847
0.6607805,0.0001789918
0.6607941,0.0001030032
0.6609373,0.0001298878
0.6610557,0.0001655113
0.6610599,9.956335e-05
0.6612782,8.934735e-05
0.6612923,0.0001767559
0.6614038,0.0001482458
0.6614214,0.000183481
0.661456,0.0002113775
0.6614874,0.0002271601
0.6615711,0.0001676846
0.6615993,0.0002949604
0.6617305,0.0002184366
0.6617401,0.0002165736
0.6617806,0.0003081428
0.6618898,0.0002937004
0.6619556,0.0002264326
0.6620077,0.0001523829
0.6620167,0.0001884228
0.6620343,0.000106421
0.6620384,0.0001583067
0.662102,0.0002009332
0.6621068,0.0001308649
0.6621321,0.0002063428
0.6621541,0.001113066
0.6621626,0.0003303412
0.6623055,5.170854e-05
0.6623385,0.0001937308
0.6623762,0.0002484927
0.6624051,0.0002112083
0.6625319,3.119741e-05
0.6625435,0.000221383
0.6625504,0.0002454641
0.6625864,0.0001564314
0.6625943,9.161989e-05
0.6626156,0.0001143433
0.6626898,0.0001692476
0.6627242,5.021983e-05
0.6627497,0.0002002966
0.6627662,0.0001012579
0.6627857,0.0002669023
0.6628538,0.0002671886
0.6628597,8.91112e-05
0.6628855,0.0003415007
0.6630183,0.0003604682
0.6631867,0.0001945731
0.6632044,0.0001771154
0.6632389,0.0001169283
0.6632579,0.0001193342
0.6632819,6.520241e-05
0.6633096,0.0001592742
0.663324,0.0001437897
0.6633363,0.0004378842
0.6633482,0.0001712232
0.6633562,0.0001830492
0.6633863,0.0003944905
0.6634067,0.0001701879
0.663454,0.0001748476
0.6635746,0.0002123738
0.6636571,0.0001423077
0.6636878,0.0003221875
0.6637451,0.0002350133
0.66375,3.628566e-05
0.6637515,0.0001885111
0.6637545,0.000263008
0.6638443,6.56593e-05
0.6639521,0.000278538
0.6639916,6.430363e-05
0.6639991,0.0001518579
0.6640068,0.0002172512
0.6640152,0.0001527511
0.6640187,0.0003181032
0.6640366,0.0002539929
0.6640639,0.0002086685
0.6640785,0.0002406726
0.6641087,7.158455e-05
0.664192,5.199653e-05
0.6642303,0.0002355706
0.6642607,0.0001914154
0.6643354,0.0001638989
0.6644146,0.000146081
0.664427,0.0001888183
0.6645969,0.0002826092
0.6646098,0.0002088035
0.6646279,0.0002165646
0.6647108,0.0003062179
0.664724,0.0001811778
0.6647578,0.0002314185
0.6648028,0.00016683
0.664827,0.0002589264
0.6648338,0.0001136062
0.6648537,0.0001954592
0.6648951,0.0002409417
0.6649123,0.0001919615
0.6649377,0.000147913
0.6649796,0.000196832
0.664997,0.0001712665
0.665001,0.00024973
0.6650108,0.0003767496
0.6651616,0.0001636024
0.6651691,0.0002789705
0.6653618,0.0001753528
0.6654276,0.0001781598
0.6654288,0.0002249197
0.6655264,0.0001573558
0.6655725,0.0001451971
0.6655937,0.0001435373
0.6656608,0.0002169269
0.6657318,9.724933e-05
0.6657342,0.0002584113
0.6658005,0.0002831886
0.6658808,0.0002529173
0.6659088,0.0001606444
0.6659313,0.000154967
0.6659417,3.033889
0.6659849,0.0001871467
0.6660308,0.0002159442
0.6660697,0.000245977
0.6661833,0.0001987817
0.6662147,8.019444e-05
0.666371,0.0001906001
0.6664014,0.0003036702
0.6664707,0.0001597299
0.6665211,0.0002463187
0.6665518,0.0001625826
0.6665525,0.0001733722
0.6665677,0.0003062919
0.6665974,0.000235076
0.666603,0.0001254937
0.6666516,0.0002334829
0.6666586,9.338052e-05
0.6667349,0.0001082437
0.6669292,0.0002445811
0.6670143,0.000412623
0.66704,0.0002106339
0.6670953,0.0003030653
0.6671035,0.0002758466
0.6671151,0.0001786181
0.6671464,0.0001698328
0.6671685,0.0001763026
0.6672248,0.0001969691
0.66731,0.0002437662
0.6673324,0.000121869
0.6673593,7.171684e-05
0.66743,0.0001622824
0.6674433,0.01919412
0.6675521,0.0002008363
0.6677511,8.073588e-05
0.6677921,0.0002684606
0.6678097,0.0002622117
0.667907,0.0001797443
0.6679348,0.0002008197
0.667976,0.0001235382
0.6680096,0.0001630515
0.6680784,0.0001096373
0.6681264,0.0002270838
0.6682643,0.0003103799
0.6683002,0.000176422
0.668431,0.0001581073
0.6684898,0.0001532394
0.6686074,1.097179
0.6686717,2.266644e-05
0.668706,0.0001522689
0.6687112,0.0007936646
0.6687496,9.832008e-05
0.6687875,0.0001855589
0.6688104,0.0002130072
0.6688426,0.0002191016
0.6688894,0.0002298873
0.6689302,0.0003204618
0.6689385,0.000185315
0.6689899,0.0003126554
0.6690337,0.000265214
0.669037,0.0001403399
0.6690868,0.0002501979
0.6690983,0.0001554917
0.6691077,0.0001601168
0.6691564,0.0001712508
0.6691721,0.0002769195
0.6691846,0.0003291348
0.6692082,0.000182837
0.6692314,0.0001546285
0.6693321,0.0001504737
0.6694033,0.0002772749
0.6694241,0.0001706316
0.6695713,0.0002282439
0.6696591,0.0002624129
0.6696709,0.0001301445
0.6697402,0.0002472411
0.6697671,0.0001305899
0.6697928,0.0001412494
0.6698368,0.0003176567
0.6698573,0.0001885048
0.6699548,0.0001945297
0.6699677,0.0002863139
0.6699804,5.605736e-05
0.6700233,3.536707e-05
0.6700318,9.750687e-05
0.6700645,0.0003505267
0.6700859,0.0002769531
0.6701155,1.083829
0.6701475,0.0001659143
0.6702414,0.0001961555
0.6703032,0.002263428
0.6703435,0.0001573359
0.6703767,0.0002591351
0.6704009,0.0002217427
0.6704169,0.0001796753
0.6704531,0.0002242802
0.6705737,0.0001678127
0.6706938,0.0002276419
0.6707546,0.0004228846
0.6707787,5.131516e-05
0.6707862,0.0001458106
0.6708063,0.0002531625
0.670827,0.0001131491
0.6709157,0.0001628683
0.6710019,0.0004242585
0.671005,0.0001496773
0.6710837,1.760403e-05
0.6710971,0.0003121957
0.6711494,0.0003227277
0.6711935,0.0002712332
0.671205,0.0001483716
0.671206,9.392278e-05
0.6712344,0.0001573536
0.6713083,0.0003843567
0.6713224,0.0001255465
0.6713544,0.0001571871
0.6715196,0.000275098
0.6715511,0.0002914778
0.6715585,0.00014741
0.6716155,0.0002792412
0.6716298,0.0002532958
0.6716346,0.0002318445
0.6717201,0.0002697831
0.6717272,0.0001423565
0.6718745,0.000237405
0.67201,0.0003072597
0.6720268,0.0001804154
0.6721175,0.0001762651
0.6721809,3.225897e-05
0.6722445,6.140378e-05
0.6722916,0.0002998906
0.6723328,0.0002007581
0.6723697,0.0003312557
0.6724337,2.532718e-05
0.6725417,0.0001470697
0.6725439,0.0002647783
0.6726068,0.0001604711
0.6726815,0.0003841404
0.672865,0.0002788921
0.6729089,0.0003717509
0.6730611,6.981425e-05
0.6730751,0.0002964913
0.6731265,0.0002903
0.6732703,0.0001174227
0.6732985,0.0001781656
0.6734054,0.0001645295
0.6734549,0.0003404251
0.6734779,0.0005161406
0.6736717,0.0003012426
0.6736972,0.0003469224
0.6737019,0.0001569096
0.6737042,0.0003700318
0.6737292,0.0001475569
0.6737641,0.0001916268
0.6737698,0.0001359112
0.673876,0.000233749
0.6739501,0.0002679352
0.6739504,4.231255e-05
0.6740093,0.0001833044
0.6742365,0.0001867795
0.6742877,0.0002824779
0.6742991,0.0003779341
0.6743259,8.323554e-05
0.6743324,0.000229912
0.6744058,0.0001341292
0.6744577,0.0002327165
0.6744753,0.0002085053
0.6745571,0.0002724443
0.6746103,0.0002241591
0.6746252,0.0001434537
0.6746516,0.0001789748
0.6747779,0.0001863754
0.6747953,0.0001751238
0.6748806,2.271502e-05
0.6748918,0.0002381486
0.6749144,0.0001968799
0.6749684,0.0003873296
0.6751143,0.0003480421
0.6751219,0.5602055
0.6751418,0.000318467
0.6751539,1.117626
0.6752239,3.364527e-05
0.6753566,7.740667e-05
0.6754372,0.0001360514
0.6755297,0.0001591693
0.6755821,7.445714e-05
0.6756189,0.0002487686
0.6756358,0.0003131892
0.6756361,0.0001922819
0.6756415,0.0004742809
0.6756551,0.0003332416
0.6757384,0.0001908579
0.6758038,0.0001879605
0.6759003,0.0001971985
0.6759264,0.0001593835
0.6759666,2.40081e-05
0.6760786,0.000172089
0.6761803,0.0001544758
0.6762895,0.0002253227
0.6763374,0.0001010437
0.6763476,0.0002545832
0.6763873,0.000270995
0.6764432,2.648449e-05
0.6764548,0.000316776
0.6764635,0.0001789335
0.6765229,0.0002374972
0.6766664,0.000308097
0.6767311,0.0002582551
0.6767867,0.0002094017
0.6767921,0.0001976442
0.676917,0.0004285459
0.6770607,0.000238077
0.6770864,0.0003070174
0.6771188,0.0002919437
0.6771196,0.0001225187
0.6773083,0.0002124124
0.6774024,0.0002122785
0.6774493,0.6960579
0.6774583,0.0002106155
0.6774825,0.0001639477
0.6775205,8.540177e-05
0.6775607,0.0001537195
0.6776169,0.0004675251
0.6777014,0.0001971444
0.6777482,0.0002635371
0.6777636,0.0002014949
0.6778085,0.0006087995
0.6778203,0.0002574459
0.6779047,0.0002164809
0.6779887,4.400391e-05
0.6780316,0.0001710183
0.6780378,0.0001480366
0.6780381,0.0001632299
0.6780431,0.0001524063
0.6781517,0.0002402185
0.6781576,0.0001463417
0.6781846,0.0002324675
0.6783027,0.0001691787
0.6783591,0.0002030563
0.6783653,0.0001673511
0.6783676,0.0004259832
0.6783809,0.0001597657
0.6783987,0.0002681178
0.6784405,0.0001352959
0.678489,0.0001254098
0.6785142,0.0001929248
0.6785192,0.0001928111
0.6785638,0.0003179485
0.6786278,0.0001827221
0.6787334,0.0002755086
0.6787339,0.0002835535
0.6788211,0.0001328074
0.6788226,0.0001010434
0.6788423,8.311508e-05
0.678997,1.984712e-05
0.6790394,6.480778e-05
0.6790846,0.0003739116
0.6791791,0.0002827081
0.6791818,3.760674e-05
0.6792537,0.0001400553
0.6792736,0.0003250536
0.6792961,0.0002107376
0.6793093,0.0003237316
0.6793377,0.0002082391
0.6793849,0.0002920293
0.6794406,0.0003859614
0.679536,0.0001352833
0.6795533,0.0003215702
0.6795538,0.0001554295
0.6795575,0.0003231883
0.6796161,0.0002417788
0.6796374,0.0001567519
0.6796773,0.0001562424
0.6796857,0.0002768732
0.6797016,0.0002190484
0.6797159,0.0003505835
0.6797256,0.0002442625
0.6797675,9.190907e-05
0.6798412,0.00015552
0.6798784,0.000132204
0.6799074,0.0001375475
0.6799679,0.000257297
0.6800655,0.0002375515
0.6800746,8.023105e-05
0.6801123,0.0001908534
0.6801473,0.0003187778
0.6801875,0.0004039228
0.6801921,0.0001424616
0.6802038,7.822743e-05
0.680245,0.0001628408
0.680299,0.0001855899
0.6803117,0.0001027694
0.68033,0.0002602682
0.6803692,0.0001667721
0.6804902,9.312812e-05
0.6805367,0.0002172691
0.6806366,0.0002514429
0.6806746,9.312396e-05
0.6806754,0.000157799
0.680704,0.0003074589
0.68081,0.0002210503
0.6808383,0.0001148357
0.6809188,0.000227899
0.6809352,9.205622e-05
0.6809639,0.0001688026
0.6810601,0.0001676224
0.6810613,0.0002203521
0.6810675,0.0001787591
0.6810865,0.0006428846
0.6810982,0.0001733566
0.6812564,0.0002831378
0.6812938,0.0002552495
0.6813543,0.0001064731
0.6813625,0.000325927
0.6813693,0.0001834346
0.6814129,0.0002861668
0.6814177,0.0002265119
0.681522,0.0001592401
0.681655,0.0002577405
0.681847,0.0002181559
0.6819241,0.0001445281
0.6821247,0.000175277
0.6821433,0.0001842373
0.6821941,0.0001466234
0.6822006,0.0004319903
0.6822928,0.000168621
0.6824247,0.0002208821
0.6824276,0.0002324652
0.6824281,0.0002037548
0.6825055,0.0001467389
0.6825243,0.0001251691
0.6825371,0.0003819656
0.682627,0.0001652964
0.6826381,8.348299e-05
0.6826432,7.320786e-05
0.6826639,0.0001896307
0.6827062,0.0001469531
0.6827643,0.0001833781
0.6828323,0.0001833394
0.682883,9.049527e-05
0.6829295,0.0001630935
0.6829599,0.0001807865
0.6829708,0.0002101063
0.6829932,0.0002778622
0.6829994,0.0001842363
0.683094,0.0005679001
0.6831989,0.0001656159
0.6832131,0.000163861
0.6832353,0.000274651
0.6832626,0.0005074904
0.6832659,0.00033467
0.6832721,0.0002930233
0.6833071,0.0003103278
0.6833426,0.0002021723
0.6834359,0.0001510551
0.6834632,0.0001566808
0.6836081,0.0002872534
0.683657,0.0002556222
0.6836939,0.0002064
0.6837279,0.0002328694
0.6837301,0.0001062631
0.6838013,0.0001807886
0.6838781,0.0001229433
0.6839088,0.0001850342
0.6839429,0.0002208717
0.683987,0.0002747752
0.6839954,5.518979e-05
0.6840176,0.0002094224
0.6840547,8.526733e-05
0.6840755,0.0001904726
0.6840854,0.0002049046
0.6841001,0.0002752572
0.6841252,0.0001368076
0.6841254,0.0001565984
0.6842355,0.0002322401
0.6843053,0.000232663
0.6843573,0.0001585018
0.6844114,2.580522e-05
0.6844193,0.01606839
0.684507,0.000218801
0.6846178,0.0001888535
0.6847606,0.0001528694
0.6847709,9.508016e-05
0.6847821,0.0001913441
0.6848172,2.778326e-05
0.6848191,0.0003676588
0.6848232,0.0001598596
0.6849335,0.0003436263
0.6849666,9.818315e-05
0.6849772,0.0002144875
0.6849982,0.0001566799
0.6850663,0.00015175
0.6851625,0.0002711822
0.6851812,0.0002989134
0.6852055,2.055174e-05
0.6852447,0.000148316
0.6853612,0.000122048
0.6854267,0.0003120716
0.6854454,0.0002432996
0.6854939,0.0001153379
0.6855066,0.000244808
0.6855165,3.202551e-05
0.6855327,0.0002032985
0.6855383,0.0002681381
0.6855497,0.0002838397
0.6856056,0.0001449188
0.6856515,0.0002140065
0.6856654,0.0002461589
0.685717,0.0001387618
0.6858599,0.0001499331
0.6858796,5.698823e-05
0.6859123,0.000363315
0.6859868,5.155292e-05
0.6860297,0.0002354636
0.6861734,0.0001683363
0.6862905,0.0002960109
0.6862948,0.0001871553
0.6863188,0.0001669652
0.6863266,0.0002369211
0.6863603,0.0002129574
0.6864263,0.0001533655
0.68646,0.0002192501
0.6864827,0.0002136139
0.6865678,0.0001659284
0.6866424,0.0005335402
0.6867353,0.0001899642
0.6867884,0.0002206533
0.686837,0.0002453259
0.6868991,0.0001725895
0.6869129,0.0002276046
0.6872091,0.0001343644
0.6872155,0.000167934
0.6872184,0.0001344412
0.6872734,8.100738e-05
0.6872823,0.0002634915
0.6873224,0.000125008
0.6873562,0.0001062562
0.6873627,0.0003029379
0.6875004,0.0002428811
0.6875414,7.415172e-05
0.6875551,0.0002592395
0.6876106,0.0002204506
0.6876346,0.0001925124
0.6876662,0.0001497882
0.687695,8.410629e-05
0.6876977,0.0002117542
0.6877255,0.000422496
0.6877869,0.0001664623
0.6877888,0.0001235062
0.6878282,0.000307394
0.6878843,0.000113986
0.6879181,0.0001417205
0.6880623,0.0002398971
0.688069,0.000177313
0.6882231,0.0002367222
0.6883075,0.0001645413
0.6883892,0.0002527627
0.6884272,8.386718e-05
0.6884531,0.0005669394
0.6884736,0.0001751879
0.6885345,0.0005028478
0.6885732,8.802795e-05
0.6885924,0.0001028907
0.6886567,0.0001161031
0.6887392,0.0001532111
0.688825,9.6893e-05
0.6888365,0.0003369987
0.6888613,7.709561e-05
0.6890528,5.628845e-05
0.6890578,0.0003563869
0.6891072,0.0003323535
0.6891729,0.0003102013
0.6891783,0.0001436501
0.6892972,0.0002048553
0.689361,0.0002367867
0.6893784,0.0002781714
0.6894269,0.0001921271
0.6894689,0.0002140307
0.6895882,0.0001446712
0.6896312,0.0002146377
0.6896763,0.0003156405
0.6897065,9.96141e-05
0.6897588,0.0001406429
0.6898042,0.0002677044
0.6899818,0.0002106577
0.6901109,0.0001777449
0.6901249,0.0003645805
0.6901523,0.0001449644
0.6901533,0.000145126
0.690216,0.000191429
0.690244,0.000140798
0.6902677,0.9891139
0.6902815,0.0001205464
0.6903291,0.0002260811
0.6903514,0.0002431312
0.6903719,9.193622e-05
0.6904072,0.0001818383
0.6904145,0.0001792257
0.6904182,0.0003534689
0.6904621,0.0002196696
0.6905686,0.000206524
0.6906073,8.866109e-05
0.6906169,0.0002771383
0.6906461,0.0004764617
0.6908472,0.0003776576
0.6909576,0.0001510828
0.6909719,0.0004126365
0.690988,0.000115676
0.6910422,8.889945e-05
0.6910983,0.0002255306
0.6911476,0.0003293444
0.6911486,0.0001600324
0.6912644,0.0002464529
0.6912696,0.0001728174
0.6912862,0.0002474604
0.6914333,0.0001641353
0.6914373,0.0001689654
0.6915135,0.0001330865
0.6915258,0.0001337384
0.6915409,0.0001062717
0.6916123,0.0002252433
0.6916739,0.0001786012
0.6916801,0.0002311365
0.6917474,0.0003811275
0.6917819,0.0002406171
0.6918501,0.0001847784
0.6918603,0.0002296216
0.6920078,0.0001276804
0.6921423,0.0001145639
0.6921425,0.000381798
0.6921566,0.0002881804
0.6921643,1.376661
0.6922777,0.0002225433
0.6922888,0.0002115703
0.692358,0.000461519
0.6923714,0.0001331515
0.6923921,0.0002286418
0.6924304,0.0001499082
0.6924468,0.0002681688
0.6924805,0.0002440924
0.6925036,0.0002188034
0.6925364,0.0002238168
0.6926119,9.424813e-05
0.6926936,0.0002401429
0.6926976,0.000136358
0.6927115,0.0001511845
0.6927685,0.0002968026
0.6928112,0.0001167403
0.692825,0.0002455568
0.6928726,9.836096e-05
0.6929528,0.0002728105
0.6930223,9.348219e-05
0.6930651,6.335809e-05
0.6931571,0.000160032
0.6931914,0.0002594552
0.6932219,0.0002011117
0.693239,8.307479e-05
0.6932459,0.0001831611
0.6932549,0.0001123303
0.6932598,0.0001736953
0.6932962,0.0001481638
0.6933067,0.0001991438
0.6933759,0.0004022286
0.6934248,0.0001884116
0.6934305,0.0003573734
0.6934689,0.0001673837
0.6934984,0.0002395341
0.6935306,0.0002266139
0.6935328,0.000290784
0.69355,0.0002968937
0.6935844,0.0002115027
0.693633,0.000121256
0.6936737,0.0002266805
0.6936774,0.0001014925
0.6937121,0.0001692798
0.6937764,0.0002315285
0.6937846,0.0002499179
0.6938759,0.0001307811
0.693877,0.0002536103
0.693982,0.000323058
0.6940147,8.326709e-05
0.6942371,0.0001621633
0.6942617,0.0001672781
0.6942922,0.0001097206
0.6942925,0.000249512
0.6944021,0.000174482
0.6944115,0.0002066497
0.6944245,0.000202598
0.694477,0.0002299097
0.6944956,4.141583e-05
0.694523,0.1718522
0.6945524,0.0001653907
0.6945542,0.0001006281
0.6945547,7.11934e-05
0.6945929,0.0002246158
0.6945961,0.0001287035
0.6947351,0.0002381511
0.6947898,0.0003072307
0.694848,0.0002804521
0.6948499,0.0002677407
0.6948946,0.0002538524
0.6948971,0.0002262596
0.6949521,7.911944e-05
0.6950445,0.0001358684
0.6951469,0.0002387284
0.6951613,0.000316245
0.6951765,0.000215541
0.6951892,0.0001044209
0.6952204,0.000110632
0.6952927,4.506481e-05
0.6953119,9.518195e-05
0.6953412,0.0002255334
0.6953571,0.0001178021
0.6954532,0.000157617
0.6956524,0.0001706338
0.6958627,0.0001872114
0.6958633,0.000117763
0.6960112,0.0001925946
0.6960304,0.0002379366
0.6961168,0.0001896522
0.6961263,0.0003147869
0.6961308,0.0001701122
0.6961764,0.0003870935
0.696245,0.0002682002
0.6963269,0.0002415978
0.6963937,1.654434e-05
0.6963941,0.0003858423
0.6964037,0.0002423947
0.6964117,0.0002070183
0.6965343,0.0002715754
0.6965482,0.0003393091
0.6965592,0.0003836071
0.6967437,0.0001103809
0.6967781,0.0001484008
0.6968717,0.0002081333
0.6968765,0.000212306
0.696907,6.847806e-05
0.6969431,0.000305988
0.6969607,0.0001732397
0.6971332,0.0001896433
0.6971819,0.0002254946
0.6973099,0.0001478909
0.6975002,0.000200317
0.697575,4.935378e-05
0.6976085,9.458387e-05
0.6976566,0.0003050228
0.6976736,0.0002645178
0.6976774,0.0001801128
0.6976876,0.0001751852
0.6977058,0.0002378448
0.6977537,0.0001630945
0.6977801,0.0001094617
0.6977836,0.0002958169
0.6977848,0.0002774825
0.6978846,6.654431e-05
0.6979057,0.0003106926
0.6979486,0.0004529523
0.6979641,0.0001130722
0.6979974,0.0001009621
0.6980484,0.0002013815
0.6981289,0.0001860796
0.6981341,1.302069e-05
0.6981559,0.0001420662
0.698171,8.497341e-05
0.6982813,0.000423473
0.6983597,0.0002683028
0.6983696,0.0001283617
0.6984341,0.9986577
0.6984681,0.0005238053
0.6985144,0.000111942
0.6986749,0.0002656498
0.6987036,0.0001757235
0.6987174,0.0001981576
0.6987334,0.000196467
0.6987373,0.0001795091
0.6988693,5.119698e-05
0.698878,0.0002682744
0.6988913,8.512518e-05
0.6989348,0.0001466097
0.6990646,0.0001299828
0.6990888,0.0001862477
0.6991311,0.0002195929
0.6991932,8.43118e-05
0.6992574,0.0004010995
0.6992831,0.0002976637
0.6993846,0.0002533153
0.6994107,0.0002504881
0.699505,6.092131e-05
0.6995966,3.87699
0.6996098,0.0001754609
0.6997105,0.0001402444
0.6997406,0.0001826995
0.6997929,0.0002146918
0.6998339,0.0001759124
0.6998875,0.0002081358
0.6999391,0.000259414
0.6999665,7.849316e-05
0.6999835,0.0001816254
0.699996,0.0001885727
0.7000619,0.0002512614
0.7000734,0.00010371
0.7001952,0.0002575862
0.7002715,0.000203906
0.7003423,0.0001566988
0.700366,9.89071e-05
0.7003956,0.0002290698
0.7004778,0.0001441714
0.7005784,0.0001854351
0.7005903,0.000145944
0.7006596,0.0001056469
0.7006648,0.0001792512
0.7007018,0.0002761279
0.7008067,0.0001204776
0.7008834,0.0002433633
0.7009356,9.951729e-05
0.7010575,0.0001526466
0.7011009,0.0002068845
0.7011194,0.0002710369
0.701157,0.0001275847
0.7011815,9.37759e-05
0.7011822,2.727001e-05
0.7011936,0.0001362826
0.7011967,0.7812505
0.701263,0.0002368987
0.7012708,7.422008e-05
0.701279,0.0001815335
0.7012861,0.0002759635
0.7013377,5.734917e-05
0.7014366,0.0001927245
0.7014524,0.0001738106
0.7015547,0.0003188329
0.7015718,0.0005182609
0.7015857,0.0002694536
0.7016053,0.0001070675
0.7016186,0.0001448642
0.7017242,0.0001047711
0.7017532,0.0002210205
0.7017688,0.0001569176
0.7018313,7.503146e-05
0.7018676,0.0002523248
0.7022799,0.0001576095
0.7023044,0.0002387225
0.7023703,8.272585e-05
0.7024348,0.0002942824
0.7025169,0.0002391619
0.7025561,0.0002142762
0.7026401,0.0001782449
0.7026653,6.184747e-05
0.7027274,0.0002413186
0.7027565,0.4142598
0.7027708,0.0001685071
0.7028168,6.843533e-05
0.7028372,3.741677e-05
0.7029299,0.0001530816
0.7029605,9.157891e-05
0.7029608,0.0001628872
0.7030035,7.295894e-05
0.7031068,0.000261591
0.7031112,0.0002497411
0.7031115,0.0001890762
0.7031192,0.0001327083
0.7031478,0.0002127445
0.7031705,0.0002291751
0.7032077,0.0002373497
0.7032922,0.0001379731
0.7034104,6.726173e-05
0.7034265,0.0001745309
0.7036018,0.0001345573
0.7036093,0.0003245639
0.7036971,8.108631e-05
0.7037701,5.711782e-05
0.7038008,0.0001982453
0.7038257,0.0003698514
0.7038509,0.0002267354
0.7039166,0.0003083317
0.7039236,5.124159e-05
0.7039327,0.0002665604
0.7040023,0.0001854679
0.7040617,0.0001197563
0.7043172,0.0002307714
0.7043274,0.000170167
0.704381,0.0002081877
0.7044703,0.0001463524
0.7044957,0.0002254613
0.7045673,0.0001349184
0.7046343,0.0001829486
0.7048577,0.0003420389
0.7049125,0.0001782733
0.7049304,0.000227413
0.7049681,0.0001484186
0.70497,0.0001900648
0.7050161,7.342936e-05
0.7050428,0.000193113
0.7051457,0.0001240396
0.7052229,0.0001771873
0.7053621,5.00291e-05
0.7054193,0.0001452344
0.705478,0.0002019763
0.7054853,0.000150223
0.7055017,0.000249718
0.7055277,0.0002835781
0.7055502,0.000269943
0.7056113,0.0002601512
0.7057274,0.0001511362
0.7057296,0.0001946669
0.7057495,0.0003163608
0.7059202,0.0002075639
0.7059247,0.0001477989
0.7060564,0.0004211853
0.7060823,0.0001878894
0.706163,0.0002038547
0.7061953,0.0002062682
0.7062235,0.0002663791
0.7062416,8.937648e-05
0.7064173,0.0001166054
0.7065113,0.0001812174
0.7065284,0.0003342755
0.7065482,0.0001759164
0.7065525,0.0002079344
0.7065642,0.000418786
0.7065738,0.0001545417
0.7065842,0.000187646
0.7066137,0.0002707519
0.7066551,0.0002208467
0.7066759,0.0001417557
0.7067064,0.0002163757
0.7067403,0.0003051481
0.7068486,0.0001457052
0.7069503,0.0002529671
0.7070421,0.0001902397
0.707047,0.0004039766
0.7071881,4.486816e-05
0.7072075,0.0001205871
0.7072911,4.650141e-05
0.7074224,0.000283772
0.7074906,6.460459e-05
0.7075059,0.0002476173
0.7075204,0.0002100751
0.7076041,8.205909e-05
0.7078416,0.0003467876
0.7079256,0.0003023459
0.708023,0.0002089834
0.7080476,0.0001431001
0.708263,0.0001481003
0.7082717,0.0002975368
0.7082899,8.714577e-05
0.7083364,0.0001166818
0.7083758,0.0001444762
0.7084566,0.0005143344
0.7084635,6.617136e-05
0.7084739,0.0002718526
0.7085754,0.0001714516
0.7086342,6.255068e-05
0.7087216,0.0002998389
0.7087771,7.269963e-05
0.7089233,0.0002057453
0.7089286,0.0001474569
0.709119,0.000332239
0.7091492,0.0006060188
0.7091531,0.0002305151
0.7091848,8.744239e-05
0.7092792,0.0004230049
0.7092852,0.000305654
0.7093097,0.0002368879
0.7093167,0.0001854258
0.7094116,0.0001543571
0.7094329,0.0002163639
0.7095047,0.0001625568
0.7095222,0.0002810909
0.7095314,0.0003136148
0.7095431,0.0002159
0.7096522,0.0002089048
0.7096533,0.000200655
0.7098021,0.000182595
0.7098047,0.0003139947
0.7098473,0.0002829117
0.7098626,0.0001639773
0.7099019,0.0002116596
0.7099385,5.869983e-05
0.7099431,0.0001622564
0.7099847,0.0001080975
0.7101616,0.0001531248
0.7101646,5.605398e-05
0.7103739,0.0002007849
0.7104046,0.0002097332
0.7105786,9.332038e-05
0.7106189,0.0002162182
0.710683,0.0002559407
0.7107145,0.0002392028
0.7107248,0.0001789857
0.7107879,0.0002402675
0.7108203,0.0002171801
0.7108266,0.0002448323
0.7108325,1.710977e-05
0.7108425,0.0002156265
0.7109739,0.0002589553
0.7109826,0.0002427378
0.7110967,8.788139e-05
0.7112004,0.0002700765
0.7112308,0.0002547563
0.7113293,0.000387178
0.7113663,0.000180416
0.7113721,7.052348e-05
0.7114264,8.264841e-05
0.711473,9.875018e-05
0.7115195,0.000307375
0.7115608,0.0002059449
0.7115943,0.0002532215
0.7117692,0.0002480553
0.7117741,0.4930031
0.7117875,0.0002253673
0.7120491,0.0001966548
0.7120572,0.0001901759
0.7120625,9.121127e-05
0.7121724,3.584268e-05
0.7121885,5.898821e-05
0.7122141,0.0002018415
0.7122195,0.000329992
0.7123798,0.000129843
0.7124185,0.0001483507
0.7124946,0.0003025386
0.7125924,0.4051623
0.7127094,0.0001898434
0.7127559,8.734136e-05
0.7127838,0.0001440986
0.712984,0.0003600809
0.7129869,0.0002490835
0.7129902,1.115669
0.7131942,9.800697e-05
0.7132765,0.0005187707
0.713301,0.0002004402
0.7133326,0.0001333509
0.7133511,0.0004246192
0.713511,0.0001912252
0.7135227,6.491003e-05
0.7135529,0.0001904298
0.7136095,0.0002855279
0.7136242,0.000286296
0.7136775,6.132899e-05
0.7138745,0.0004231765
0.7139874,0.0005835991
0.7140937,0.000400785
0.7141139,0.0002095756
0.7141616,0.0001343995
0.7141706,2.13074
0.714182,0.0001617664
0.7142051,0.0001370721
0.7142088,0.0004394694
0.7142094,0.0002054619
0.714332,0.0001907921
0.7143407,0.0003498807
0.7143686,0.0004700233
0.7143778,0.0002669196
0.7144943,0.0002363014
0.7145215,0.0002441134
0.714542,0.0002209098
0.7145576,0.0001837279
0.7147603,4.359787e-05
0.7148128,0.0001438884
0.7148649,0.0001483854
0.7148873,5.629677e-05
0.715026,7.850267e-05
0.7153311,0.0004124875
0.7155435,0.0003205004
0.7155765,8.569389e-05
0.7156059,7.653714e-05
0.7156866,0.0003236314
0.7157125,0.0006060525
0.7157422,0.0002016609
0.7157461,0.0003009823
0.7158945,6.649085e-05
0.7159123,0.0002561554
0.7159166,0.0002364872
0.7160062,0.0001737993
0.716022,0.0003024611
0.7160237,0.0002037689
0.7160651,0.0002265195
0.7160726,0.0001619207
0.7160846,0.0002399363
0.7162273,0.0001259814
0.7162569,0.0002280628
0.7163182,7.030841e-05
0.7164018,0.0003422298
0.7164809,0.0002143786
0.7165197,0.0001645134
0.716603,0.0003843813
0.7167033,0.0002111788
0.7167794,0.0002556442
0.7167994,0.0002286443
0.7168154,0.0002513675
0.7168391,0.0002299571
0.7168941,0.0002186244
0.7170137,0.0002427684
0.7170168,0.000242695
0.7170317,0.0002012091
0.7170886,7.38196e-05
0.7171428,0.0002272213
0.7172081,0.0002395739
0.7172145,6.266851e-05
0.7172219,0.0002247921
0.7172251,0.0003134434
0.7172908,0.0002161817
0.7174318,3.904115e-05
0.7174683,9.670806e-05
0.717477,0.0004308284
0.7176098,0.0003072625
0.7176131,0.0002751842
0.7177229,0.0002593069
0.7177436,0.0001072126
0.7177955,0.0002280289
0.7177963,9.964945e-05
0.7178833,0.0002664626
0.7180052,0.0002397083
0.7180191,0.0002270574
0.7180192,8.799676e-05
0.7181064,0.01773422
0.71816,0.0001798423
0.7181872,0.0003518613
0.7181923,0.000382237
0.7182501,0.0001442911
0.7182581,0.0001327631
0.7184695,0.0002682669
0.7185276,0.000166886
0.7185876,0.0002588709
0.7186048,7.812722e-05
0.7187718,0.0001961856
0.7188299,0.0002205007
0.718852,4.963619e-05
0.718989,0.000782044
0.7191691,0.0001459472
0.7192661,0.0002634161
0.7192792,0.0001636124
0.7193273,7.570803e-05
0.719334,0.0001279504
0.7195702,0.0001546131
0.7196423,4.56212e-05
0.7196871,0.000151504
0.7197139,0.0003095349
0.719757,0.0001951068
0.7198268,0.0001756667
0.7200603,0.0002328036
0.7200964,8.747116e-05
0.7201421,0.0001163666
0.7201803,0.0001433253
0.720201,7.93814e-05
0.7202851,0.0002041144
0.7203102,0.0002011861
0.720336,0.0002093167
0.7203949,0.0005416529
0.7204006,0.0002678476
0.7204064,0.0002779595
0.7204933,0.0002045058
0.7205038,0.0002356916
0.7205774,0.0001627953
0.7206172,0.0001929402
0.7206647,0.000100297
0.7207236,0.0002398291
0.7207312,0.0001824754
0.720866,0.0001949582
0.7209178,0.0003137275
0.7209785,0.0001970125
0.7209849,0.0001940893
0.7210031,0.0001979046
0.7210043,0.0001460264
0.7211218,0.00026889
0.7211878,8.694621e-05
0.721258,0.0002151358
0.7212702,0.0002833341
0.7212972,0.0002774742
0.7213112,0.0001185764
0.7213787,0.000227588
0.7214453,0.0001858004
0.7214689,0.000271978
0.7215739,0.0001789095
0.7215986,0.0002910222
0.7216073,0.0002220199
0.7216563,0.0002028366
0.7216733,0.0001856418
0.7216933,2.888024e-05
0.7217438,0.000216089
0.7217709,0.0001964481
0.7217889,0.0003071472
0.7217983,0.0001739295
0.7218495,0.0002662955
0.7218657,9.2982e-05
0.7218658,3.545931e-05
0.7218896,0.0001369353
0.7219003,9.034148e-05
0.7219114,0.0001853281
0.7221025,0.0001973133
0.7221929,0.0002924992
0.7222411,6.673056e-05
0.7222645,0.0002458836
0.7223466,0.0003222208
0.7224286,0.0001040807
0.7224979,0.00029281
0.7225361,0.0002565853
0.7225564,0.0001175408
0.7225778,0.0001364223
0.722689,0.0002960296
0.7227716,9.388974e-05
0.7228137,0.0003229009
0.7228267,1.467675
0.7228692,0.0002729011
0.7229059,0.0001856167
0.7230301,0.0002972742
0.7230736,2.960301e-05
0.7232152,0.0002028369
0.7232612,2.831441e-05
0.7233083,0.0002135411
0.7233108,0.0001523432
0.7233187,0.0004262209
0.7233509,2.084195e-05
0.7234996,6.095e-05
0.7236076,0.0003131558
0.7236131,0.3750613
0.7236339,0.0002979869
0.7236679,0.0002272072
0.7236744,0.0005224066
0.7237352,0.000395892
0.7237494,0.0001660028
0.7238261,0.0001045002
0.7238703,0.0002666132
0.7239114,0.0003297094
0.7239709,0.0006891885
0.7239983,0.000480495
0.7240216,0.0003550714
0.7240397,0.0001256869
0.7240605,0.0002126683
0.7241442,0.0006615871
0.7241616,7.85114e-05
0.7241983,0.0003692787
0.7243781,0.0001319908
0.7243882,0.0003427189
0.724441,9.672486e-05
0.7244989,0.0001821289
0.7245778,0.0003871765
0.7245976,0.0002865117
0.7246507,0.0002399462
0.7247014,0.0002277147
0.7247705,0.0002872413
0.7248809,0.0003073985
0.7249559,0.0002923792
0.7249658,0.0002408452
0.7249873,0.0002221299
0.7250288,0.0001599102
0.7250753,0.0005090393
0.7251494,0.0002203708
0.7252289,0.0001826172
0.7252359,0.6938467
0.7252694,0.0004060819
0.7253541,0.0004038425
0.7253717,2.311998e-05
0.7253826,0.0003331792
0.7253931,0.0002738636
0.7254732,0.000310452
0.7255806,0.0001605188
0.7255971,0.0001493323
0.7256476,0.0002629721
0.7256604,0.0001813594
0.7257336,0.0003006952
0.7257532,0.0002685331
0.7257816,0.0002455613
0.7258031,0.0002723573
0.7258568,0.0001379098
0.7260075,0.000503258
0.7260719,6.90622e-05
0.7260867,7.226225e-05
0.7261032,0.0001162556
0.7261762,0.0002551982
0.7262699,0.0001303321
0.7263061,0.0001171103
0.7263687,8.998389e-05
0.7264628,0.0001652309
0.7264646,0.0001925548
0.7264721,0.0003171362
0.7266399,9.803573e-05
0.7267464,0.0001932662
0.7268555,0.0003276631
0.726856,0.0002791733
0.7268949,0.0003554829
0.7270975,7.312473e-05
0.7271935,1.825693e-05
0.7272685,0.0002603766
0.7272853,0.0001798216
0.7273353,0.0001686823
0.7273386,0.0001069383
0.727394,8.210332e-05
0.7274933,0.0001798342
0.727591,9.583255e-05
0.7276514,0.0001135809
0.7278847,0.0001246072
0.7280136,0.0002960533
0.7281094,0.0001208031
0.7281492,0.0002569566
0.7282656,0.0002184483
0.7283553,0.0002123621
0.7283833,0.0001546554
0.7285776,0.0002899023
0.7288058,0.0002231862
0.7288373,0.0002621619
0.7291353,2.41042e-05
0.7291534,0.0002038096
0.7292134,0.0003767618
0.7292259,0.2243771
0.7292414,0.0001698946
0.7292418,0.0002268313
0.7292892,0.0006382571
0.7293497,0.0002497801
0.7294059,6.965798e-05
0.729478,0.0005304681
0.7295585,0.00019996
0.7296442,0.000209025
0.7297009,0.0002461679
0.7297866,0.0002459581
0.7298159,0.0002682177
0.7298161,0.0003376245
0.729823,0.0001855429
0.7299302,0.0003610454
0.7299643,0.0002388698
0.7300797,0.0002559083
0.7301057,0.0001245783
0.7301864,0.0001301793
0.7302761,0.0002804559
0.7303493,0.0001583744
0.7303961,0.0001915011
0.7306046,0.0001315581
0.730777,0.0004113801
0.7308398,0.0001627852
0.7308543,0.0002326135
0.7309067,0.0002180638
0.7309229,9.672104e-05
0.7309874,0.0002686533
0.7310519,0.0001433889
0.7310907,8.599975e-05
0.7310919,0.0001885753
0.7311126,0.0002775413
0.7311139,0.0006064902
0.7311488,0.0001745917
0.7311987,0.0001100119
0.7312415,0.0004817263
0.7312776,0.0003023786
0.7313418,0.0001752845
0.7313809,5.480722e-05
0.7314085,0.0004522849
0.7314794,0.0003923019
0.7314947,0.0001149122
0.7314994,2.056047e-05
0.731552,8.815653e-05
0.7315859,0.000204724
0.7316279,0.0002669086
0.7316517,0.0003058715
0.7316863,0.0003201368
0.7317314,0.0003237622
0.7317382,0.0001309754
0.7317476,0.0002671345
0.731838,0.0002531014
0.7318743,8.584766e-05
0.7318839,0.0003410023
0.7318984,0.0001227302
0.7319564,0.0001604131
0.7319778,0.000136477
0.731988,0.0003924961
0.7320071,0.0002928287
0.7320245,0.0001083443
0.7320693,0.0001835562
0.7320985,0.0002683697
0.7321467,8.168486e-05
0.7321472,0.0001710821
0.7321566,0.000275272
0.7321745,0.0002090614
0.7322155,4.637449e-05
0.7322598,0.0002752233
0.7323008,9.215592e-05
0.7323197,0.0003388623
0.7323252,6.655895e-05
0.7323916,0.2651983
0.7323933,0.0001141273
0.732412,0.000229854
0.7324229,0.6804951
0.7325074,0.0001956105
0.732541,0.0002386112
0.7325484,0.0002393348
0.7325799,0.0001411188
0.7326305,0.0002452217
0.7326813,0.0001436602
0.732778,0.0002693926
0.7327999,2.708796e-05
0.7329834,0.0001913019
0.7329869,0.0002241779
0.7331056,0.00023882
0.7331148,0.0002573266
0.7331268,0.0001138651
0.733137,0.0001712142
0.7332039,0.0003066283
0.7332396,0.0001933525
0.733254,0.0001917483
0.7333302,0.0002921841
0.7333508,0.0002031546
0.7335913,0.0003718109
0.7336022,0.000146361
0.733616,0.0003209911
0.7337426,0.0003086634
0.733854,6.873334e-05
0.7340284,0.0003388204
0.7340519,0.0002604855
0.7340838,0.0002014874
0.7341065,0.0001159485
0.7341222,0.000241713
0.7341462,0.0004462421
0.7341567,0.0002776977
0.734164,0.0002808883
0.7342483,0.0006490733
0.7343429,0.0003179191
0.7343923,0.0003793935
0.7343948,9.719675e-05
0.7344761,0.0001806086
0.7344852,6.027994e-05
0.7346678,0.0002753945
0.7348012,3.609366e-05
0.7348337,0.0003546316
0.7348624,0.0005372443
0.7349359,0.0003417386
0.7349728,0.0001877376
0.7349845,7.144457e-05
0.7350138,0.0003167486
0.73502,0.0001880772
0.7351169,0.0002108981
0.7351373,0.0002713418
0.7351436,7.203659e-05
0.7352245,4.195692e-05
0.7353944,0.0002944298
0.7354339,0.0002850815
0.7354866,0.0003532545
0.7354872,0.0002846281
0.7354882,0.0003231949
0.735566,0.0004303097
0.7355794,0.0002229578
0.7355922,5.626821e-05
0.7356817,0.000183524
0.7357263,0.0001311863
0.7357312,0.0002518244
0.7357484,0.0001991649
0.7359566,0.0001197473
0.7360312,3.503726
0.7360586,8.873217e-05
0.7361282,0.0002505276
0.7363238,0.0002148824
0.736368,0.0001673875
0.7363762,8.158333e-05
0.7363911,0.0003301674
0.7364969,0.0002048845
0.7365177,9.184179e-05
0.7365295,0.0002107476
0.7365659,0.0003021467
0.7366634,3.649419e-05
0.7368164,0.0002217936
0.7368226,0.000144356
0.736918,9.052617e-05
0.7369526,0.0002765523
0.7369862,0.000239455
0.7369898,0.000174317
0.7371079,9.033468e-05
0.737286,0.0002795676
0.7373164,0.0003451689
0.7373664,9.940092e-05
0.7374524,0.0001245029
0.7374568,7.982132e-05
0.7375624,0.0002636291
0.7378806,0.0002965335
0.7380355,0.0001967181
0.7380427,0.0002204305
0.7380752,0.0001893166
0.7381141,0.0001675345
0.7383222,8.291788e-05
0.7383428,0.0001341009
0.7383581,8.563577e-05
0.7384576,0.0001043975
0.7386901,0.0004146261
0.7389728,0.0002039415
0.738977,0.0001440284
0.738986,0.0002734046
0.7390696,1.673069e-05
0.7391927,0.470868
0.7392092,9.581969e-05
0.7393098,0.0002301625
0.7393955,0.0002529734
0.7394603,0.0003780596
0.7395847,0.0002491331
0.7396004,0.0002974983
0.7396184,1.50793
0.7398026,0.0002607351
0.7398143,0.0001615406
0.7398697,0.000253224
0.739881,0.0003342943
0.739984,0.0002303344
0.740007,3.217341e-05
0.7401232,7.839402e-05
0.7401704,0.0002649207
0.740199,0.0002726184
0.740244,0.0001418118
0.7402908,0.0002828165
0.740413,0.0003076846
0.7404206,0.000310139
0.7404632,5.538706e-05
0.7404869,0.000122394
0.7405621,9.116528e-05
0.7405636,0.00017737
0.7406017,0.0004231451
0.740643,0.0001917874
0.7408205,4.786327e-05
0.7408473,0.0003134655
0.7409106,0.0004282713
0.7409927,4.58845e-05
0.7410129,0.0002208782
0.7410161,0.0002083941
0.7410548,0.0007698107
0.7412397,0.0001579171
0.7412474,0.0002453716
0.7412877,0.000194916
0.7412946,2.642425e-05
0.7413731,0.0002058156
0.7414401,6.318838e-05
0.7415328,0.0002214524
0.7415625,0.0001197436
0.7415628,0.0003670602
0.7416074,0.0002171227
0.7419173,0.0003044247
0.7420023,2.654326e-05
0.7420038,0.0002091972
0.7420597,0.0001355313
0.7420874,0.0001857615
0.7421142,9.433006e-05
0.7421876,0.0002480553
0.7422563,0.0001369675
0.7423747,0.0003618014
0.7424357,0.0004289847
0.7424669,3.341204e-05
0.7426158,0.0002337437
0.7426286,6.444706e-05
0.7426487,0.0001322033
0.7427303,4.096959e-05
0.742749,4.721369e-05
0.7427611,0.0002077844
0.7429036,0.0002294827
0.7430135,0.0002506378
0.7431153,0.0003293019
0.7431989,0.0003226996
0.7432397,0.0001657641
0.7433403,0.0001896071
0.7433451,0.0002804494
0.743557,0.0003054067
0.7435623,0.000192219
0.7436277,3.779867e-05
0.7437725,0.0002255494
0.7438782,0.0001288236
0.743992,0.0003429406
0.744002,8.634772e-05
0.7441504,0.0002705255
0.7444296,0.0003240642
0.7444782,0.0001192559
0.744657,0.0001373925
0.7447899,0.0002330856
0.7448077,0.0002771494
0.7448203,0.0003879784
0.7449409,0.0003112385
0.7449986,0.0001632966
0.7451903,0.0002575095
0.7452861,0.0002813711
0.7454096,0.0001896583
0.7455407,0.0001742967
0.7455854,0.0004321205
0.7456694,0.0001920828
0.7457585,0.0002089222
0.745803,0.0002257656
0.7459018,9.873591e-05
0.7459566,7.875814e-05
0.7460373,0.0001298237
0.7461601,5.735681e-05
0.7461905,0.0002849155
0.7462279,0.0004059704
0.7462484,9.580992e-05
0.7463644,0.0002191354
0.7464439,0.0003156356
0.7464795,0.0001754315
0.7465566,0.000148118
0.7466699,0.0001210434
0.7466852,0.0002117279
0.7468212,0.0003311038
0.7470061,0.0002929414
0.7470731,0.0003817968
0.7471281,0.0001898878
0.7472352,0.0002101869
0.7472712,0.0001819275
0.7472759,0.0003187587
0.7473093,0.0001721514
0.7473158,0.0003059146
0.7473539,6.470702e-05
0.7474516,0.0002743959
0.7474895,0.0006636827
0.74753,0.0001179028
0.7476005,0.0003240441
0.7477058,0.0003328863
0.7477508,0.0003240677
0.7477779,0.00022501
0.7478175,0.0004186062
0.7479052,9.22475e-05
0.7479756,0.000132962
0.7479958,0.000158251
0.7479969,0.0001476124
0.7480234,0.0002431555
0.7480356,0.1935427
0.7481108,0.001042934
0.748158,0.0002932374
0.7481804,0.0001277593
0.7482936,0.0001748926
0.7483177,0.0001642944
0.7484118,4.892623e-05
0.7484383,0.0001151671
0.7484415,0.000346457
0.74855,4.721145e-05
0.7485853,0.0002886931
0.7486524,5.591105e-05
0.7486534,7.605674e-05
0.7486535,6.171902e-05
0.7486625,0.0002736074
0.7487078,0.000235675
0.7487571,0.0004055884
0.7487639,6.239039e-05
0.7487982,0.0002286042
0.7488438,0.2559623
0.7489682,0.000232449
0.7489809,0.0003103937
0.7490089,0.0002480127
0.7490626,8.144219e-05
0.7492012,0.0001440685
0.7492034,0.0002524747
0.7492084,0.0002680033
0.7492607,9.935895e-05
0.749626,0.000118388
0.7499499,0.0001346938
0.749968,0.0001336569
0.7499854,0.000187412
0.7499939,0.0002710288
0.7500455,0.0003101274
0.7500924,0.0002496183
0.7501982,0.0002116893
0.7503598,0.0001780571
0.7504348,0.0001415361
0.7505133,0.0002481405
0.750576,7.211114e-05
0.7506733,0.0001188813
0.7507768,0.0001340734
0.7507847,0.0002162327
0.7508455,5.170162e-05
0.7512491,0.000112349
0.7512686,1.084328
0.7512773,0.0003197448
0.7512996,0.000236714
0.7513484,0.0002954442
0.7513937,8.396735e-05
0.7514273,0.0004739068
0.7514392,0.0001138509
0.7514398,0.0001230263
0.7514465,0.0002749011
0.7514481,0.0002642542
0.7514839,0.0004801002
0.7514904,0.0004269746
0.7515282,0.0001818878
0.7516096,0.0001630692
0.7516125,5.258161e-05
0.751646,0.1377699
0.751683,0.0002787871
0.7517073,0.0001368031
0.7517202,0.0002826616
0.7518032,0.000194177
0.7518679,3.090388e-05
0.7519925,0.0002231814
0.7522091,0.0004617776
0.7524194,0.0002176632
0.7524322,0.0002587441
0.7526279,0.0001436803
0.7526412,5.752191e-05
0.7527168,0.0002788704
0.7527302,0.0002253254
0.7527425,0.0004220727
0.7528402,0.0001974034
0.7528844,0.0003235123
0.7530182,0.0002485379
0.7530311,7.260998e-05
0.753194,8.014729e-05
0.7532144,0.0002857391
0.753249,0.0002571797
0.7532775,0.000254295
0.7533875,0.0002592974
0.753459,0.0001477996
0.7535312,0.0001430109
0.753549,3.593514e-05
0.7536567,0.0003063274
0.7536666,0.0001852388
0.7537003,0.0002958284
0.7537315,6.816501e-05
0.7537357,0.0001511223
0.7539538,0.0001149279
0.754054,0.0001040374
0.7541105,0.000159979
0.7541736,0.0002937667
0.7542812,0.0002829065
0.7544324,0.0003225236
0.7545037,0.8765351
0.754505,0.0002144909
0.7546135,0.000229193
0.7547012,6.109389e-05
0.7548301,0.0003227422
0.7548685,0.0001959106
0.7550217,0.000231997
0.7550901,0.0002676603
0.7552627,0.000259863
0.7552834,0.0002429671
0.7553563,0.0001241202
0.7554374,0.0002102137
0.7556172,0.0005479102
0.7557366,0.0001432909
0.755845,0.000367117
0.7558644,0.0001613302
0.7559925,0.0002064331
0.7560087,0.0001500715
0.7560324,0.0004218539
0.7561877,0.0003532698
0.7561895,7.838151e-05
0.7562771,8.832866e-05
0.7564281,0.0005164879
0.7564422,0.0003889199
0.7564992,0.07349891
0.7565075,0.0001714675
0.7565106,0.0001648075
0.756552,9.24133e-05
0.7566903,0.0001849573
0.7568137,0.0002523459
0.7569138,0.0002527317
0.7571266,0.0002367722
0.757256,0.00011052
0.7572677,0.0005111246
0.7572681,5.18771e-05
0.7572836,5.576167e-05
0.7573215,0.0002929
0.7573239,0.0003979119
0.7574368,0.0001458402
0.7574672,0.0002108698
0.7576081,0.0006823849
0.7576425,4.340088e-05
0.7576827,0.0002735004
0.757702,0.0002980768
0.7577253,0.03313075
0.7577414,0.0002755742
0.7577483,0.0002514862
0.7577683,0.0002237935
0.7580692,0.0002676236
0.7583725,8.666846e-05
0.7588246,0.0001554906
0.7591211,0.0002071082
0.7591278,0.0002025084
0.7592366,8.809224e-05
0.7592753,5.532779e-05
0.7593591,0.000230665
0.7594061,0.0001783495
0.7594208,0.0004873159
0.7594582,0.0002993996
0.7594791,0.0001134288
0.7594798,0.0002449009
0.7595273,0.0001494866
0.759581,0.000289289
0.7595881,0.0002915754
0.7598896,0.0001440289
0.7599464,0.0001870712
0.7599549,0.0003262995
0.7599993,0.0002436218
0.7600635,0.0001558414
0.7601235,0.0001236353
0.7601333,3.600455e-05
0.7601572,0.6925238
0.7603127,0.0003215835
0.7603755,0.0001940117
0.7604279,0.0002602483
0.7604354,9.999175e-05
0.7604635,0.0001990014
0.760681,5.544757e-05
0.7606853,8.699898e-05
0.7607327,7.437554e-05
0.7607669,0.000350618
0.7608428,0.0001234165
0.7609047,0.0003475983
0.7610778,0.0001286835
0.7610897,0.0001335529
0.7611455,0.0004655654
0.761182,0.0001448367
0.7612057,0.0003228748
0.761226,0.000158969
0.7613242,0.0001187273
0.7613636,0.0002604495
0.7616623,0.0002426377
0.761663,0.0002353221
0.7616784,0.000275016
0.7616856,0.0002824556
0.7619884,0.0003282079
0.762099,0.0003736915
0.7621076,8.536231e-05
0.7621738,0.0003058408
0.7621936,0.0001282836
0.7622762,0.0001137874
0.7623354,0.0001583173
0.7623659,5.80843e-05
0.7624838,0.0003082094
0.7626053,4.032e-05
0.7626569,0.0001106506
0.7627857,0.0003604478
0.7628533,0.0003111273
0.762866,8.455364e-05
0.7630285,0.0001726112
0.763029,0.0001805516
0.7630846,0.0001800176
0.7631649,0.0002834863
0.7632011,0.0002781471
0.7632082,0.0003198015
0.7634405,0.0002644437
0.7635059,6.801888e-05
0.7635339,0.0001805687
0.7636201,6.181955e-05
0.7636515,0.0002363094
0.7637326,0.0001999086
0.763733,8.761596e-05
0.7637475,0.0002304523
0.763927,0.0003646202
0.7639578,0.0004594407
0.7640538,0.0001529485
0.7640808,0.00025295
0.764096,0.0001486425
0.7641132,0.0001934789
0.7642085,0.000105108
0.7643373,0.0003993511
0.7643755,0.0005663102
0.7644619,5.644145e-05
0.7644857,0.0002434674
0.7645026,0.0003115759
0.7646163,0.0002793468
0.7646557,0.0001361401
0.7647554,0.0001338596
0.764768,0.0001773634
0.7648004,0.0001127634
0.7648042,0.0001302229
0.7648504,6.235125e-05
0.7649212,0.0001353773
0.7649359,0.0001680806
0.7649613,0.0001287991
0.7651063,0.0001220767
0.7651812,0.0002702883
0.7652796,0.0001991166
0.7654036,2.907954e-05
0.765442,0.0001620705
0.7655079,0.0001435412
0.7656773,0.0001112806
0.7657786,0.0004058854
0.7658644,0.0002833284
0.7659325,5.434333e-05
0.7659358,0.0003820534
0.7660334,0.0002338638
0.7663003,0.0001985143
0.7663176,0.0001286131
0.7664251,0.0002538647
0.7664752,9.465562e-05
0.7664838,0.000274525
0.7665812,8.755472e-05
0.7666138,0.0003493611
0.7666391,0.0001813159
0.7666499,4.394419e-05
0.7666541,0.000360919
0.7666643,0.0001013283
0.7666802,0.0003922007
0.7668805,0.0003816044
0.7668961,8.19358e-05
0.767046,4.725894e-05
0.7670771,6.766774e-05
0.7670988,0.0003090883
0.7671464,0.0003762225
0.7671582,0.0002131052
0.7672613,0.0002768188
0.7672885,0.0002453153
0.7673453,0.0003291318
0.7674614,0.004846522
0.7674711,6.006318e-05
0.767686,0.0001961557
0.7677099,6.522484e-05
0.7677469,0.0002397744
0.7677661,0.000238184
0.7677832,0.0007329677
0.7679036,0.0001346956
0.7679055,0.000106006
0.7681524,0.0003293767
0.7681854,0.000143139
0.768362,0.0002098819
0.7683946,0.0001047776
0.7685671,8.221775e-05
0.7685927,7.19566e-05
0.7686567,0.0001312011
0.7686582,0.0005005317
0.7687194,0.0003295795
0.7687369,0.0001489874
0.7687399,0.0005040691
0.7687489,0.000161408
0.7687601,5.869323e-05
0.7688415,0.0001588271
0.7690574,0.000619864
0.7690922,8.745521e-05
0.7691576,0.0001115514
0.7692741,9.830127e-05
0.7693847,0.000163643
0.769601,0.0001294295
0.7697368,0.0004118091
0.7698025,0.0002092927
0.7698594,0.0003213918
0.7698785,0.0002294548
0.7700297,7.678904e-05
0.7700436,0.0002055282
0.7701344,0.0002993507
0.7701721,7.889628e-05
0.7703297,0.0005262466
0.7704147,0.0002038376
0.7704922,0.0003202423
0.7707044,0.0001585767
0.7707231,0.0001613964
0.7708921,0.0002153343
0.7709692,0.0003215228
0.7709694,0.000393904
0.7711042,0.0002422557
0.771158,0.0001787924
0.7711648,0.0003347386
0.7711892,0.0002006117
0.7712765,0.000161088
0.7714685,0.0002747095
0.7714953,0.0001557988
0.7715798,4.728387e-05
0.7716017,3.86871e-05
0.7716823,0.0001384141
0.7717175,5.914256e-05
0.7717177,0.0001343487
0.771883,0.0001352384
0.7718905,0.0001698763
0.7719736,0.0001513093
0.7720277,0.0002453516
0.7720903,4.574165e-05
0.7721352,0.0003329761
0.7721466,0.0005950067
0.7722495,0.0001247291
0.7723195,0.0002192669
0.7723354,0.0002898361
0.7723558,0.0001146829
0.7724825,0.000154361
0.772541,9.015256e-05
0.772573,0.0002115872
0.7726077,0.000266738
0.7727167,0.0002291294
0.7727377,0.0001632616
0.7728553,0.0002240132
0.7728739,4.031977e-05
0.7729511,0.0004566213
0.772952,0.0003695411
0.7730952,0.0001049133
0.7731091,8.466028e-05
0.7732807,3.978408e-05
0.773357,0.0002135291
0.7733903,7.416938e-05
0.7734393,0.0001455782
0.7734597,0.0005208442
0.7734661,0.0001399865
0.7735001,0.0002198949
0.7735101,0.000301474
0.7735856,0.0003191887
0.7736529,0.0001914846
0.773721,0.0001995521
0.7738402,0.0001092365
0.7738815,0.0001555055
0.7741044,0.000166085
0.7741104,6.219025e-05
0.7742145,6.737257e-05
0.7744848,8.100839e-05
0.7746239,0.0001071113
0.7747944,0.0003128351
0.7748153,0.0004609278
0.7748606,0.0001621424
0.7748951,6.38316e-05
0.7750035,0.0003389493
0.7750551,2.82808e-05
0.775101,0.000429648
0.7751141,9.405131e-05
0.7752123,0.0002123129
0.7752345,0.0002787214
0.7753387,0.0002573636
0.7754589,0.0003797815
0.7755006,0.0001484754
0.7756407,0.0001096373
0.7756411,0.0003620589
0.7756708,6.082802e-05
0.7756926,7.982849e-05
0.7757892,0.0001398434
0.7757898,9.829536e-05
0.7759826,8.745392e-05
0.7760656,0.0003132738
0.7760722,0.0002176828
0.7761005,0.0004642025
0.776257,0.0001793946
0.7763339,0.0001331778
0.7763351,0.0002573992
0.7763582,8.408901e-05
0.7764266,0.0001206263
0.7764309,0.00012091
0.7766256,0.0001226694
0.7766289,0.0005230215
0.776883,7.616289e-05
0.7769855,0.0002430732
0.7769858,0.0002048156
0.7769892,3.774711e-05
0.7770825,0.0002494506
0.7771756,7.125526e-05
0.7772408,5.575437e-05
0.7772452,0.0001717731
0.7772763,2.399101e-05
0.7772878,0.0001052428
0.7774434,0.0002984879
0.7774749,0.0004531745
0.7774879,0.000123536
0.7775046,0.0004854903
0.7775092,0.0005401261
0.7775352,0.0001727853
0.7777522,0.0002164149
0.7777845,0.0003384239
0.7778266,6.728759e-05
0.7778567,7.201092e-05
0.7779111,0.000208817
0.7779502,0.0003693703
0.777963,8.323305e-05
0.778003,0.0001661119
0.7780407,6.780515e-05
0.7781035,0.0003924706
0.7781191,0.0004084308
0.7781371,0.0002350076
0.7781767,5.379107e-05
0.7782071,0.0001096793
0.7783182,0.0001998969
0.7783223,0.0001174863
0.7784287,0.0001002132
0.7785556,0.0001117725
0.7785844,0.001948942
0.77876,0.0002113686
0.7788613,0.0002333302
0.7789848,0.0001759629
0.779047,0.0001041211
0.7791616,0.0007265588
0.7791783,0.0001388501
0.7792379,4.458336e-05
0.7792578,0.0001903791
0.7793274,0.0006045182
0.7794801,7.019113e-05
0.7795365,3.581564e-05
0.7796641,0.0001322053
0.7797585,0.0003013165
0.7798021,8.613991e-05
0.7798583,7.30132e-05
0.7798596,6.774113e-05
0.7798619,0.0001209878
0.7798631,3.111318e-05
0.7799156,0.0003254288
0.7799248,0.0003975931
0.7799503,7.985716e-05
0.7799596,0.0001700641
0.7800689,0.000138678
0.7801132,3.688955e-05
0.7802787,0.0001587956
0.7803443,0.0001114834
0.7803873,0.0005431545
0.7804046,0.0001998639
0.7804595,0.0006151404
0.7804735,0.0001763864
0.7804798,0.0001983845
0.7805972,0.0005175258
0.7806461,0.0001629799
0.7806468,0.0001843946
0.7806866,0.0002807877
0.7808065,0.0001372355
0.7808577,0.000196764
0.7809109,0.000234944
0.7809412,0.0002029275
0.7809448,7.063377e-05
0.7809534,4.973935e-05
0.7809771,0.0002054154
0.7810767,4.111808e-05
0.7810879,5.977826e-05
0.7811171,6.247347e-05
0.781189,0.0002818648
0.7812352,0.0002102322
0.7812368,0.0001250358
0.7813779,5.96607e-05
0.7814155,0.0004703464
0.781437,0.0002368254
0.7814438,9.609658e-05
0.7814758,0.0002612118
0.7816989,0.0001821112
0.7820372,0.0001847995
0.7821886,4.751439e-05
0.7822111,0.0002306122
0.7823471,0.0001943873
0.7824737,0.0001835154
0.7824786,7.601565e-05
0.7824793,0.0001623945
0.7824944,0.0003459516
0.7825149,0.0004139548
0.7825274,0.0001567672
0.7825917,5.170029e-05
0.782712,0.0004779981
0.7827713,0.000236954
0.7827727,0.0002102362
0.7828518,0.0003731948
0.7829764,0.0001476273
0.7831088,0.0003985842
0.7831556,0.0002327736
0.7832761,4.38415e-05
0.7835392,0.0003091146
0.7836797,0.0003004051
0.7836958,0.0003212525
0.7838536,8.929839e-05
0.7839831,7.086917e-05
0.783998,8.73338e-05
0.7840815,0.0001519092
0.7841812,0.000318529
0.7842509,0.0001902696
0.7842613,6.257591e-05
0.7844126,0.0003996393
0.7844139,6.623645e-05
0.7844176,0.0002279241
0.7845604,0.0001541428
0.7846236,0.0001164693
0.7847423,0.0003722817
0.7848355,4.145675e-05
0.7848783,0.0002116367
0.7850057,0.0003802264
0.7851235,8.000895e-05
0.7851983,0.0002469634
0.7852391,0.0002458729
0.7852475,3.546301e-05
0.7853849,0.0001390903
0.7853997,0.0002718601
0.7854499,2.139208
0.785542,5.578064e-05
0.7856436,0.0002608403
0.7856863,0.0001623652
0.7857444,0.0001678222
0.7859172,0.0003350689
0.7860243,0.0002668981
0.7860692,0.0001014503
0.7860754,8.739049e-05
0.7860906,5.156814e-05
0.7861299,0.0002606015
0.7862014,0.0002347659
0.7862445,0.0003011797
0.7862575,0.0003789995
0.7862845,0.0001423241
0.7862902,0.000279558
0.786414,0.0002707365
0.7864266,7.644586e-05
0.7867481,0.0004558319
0.7869051,0.0002110085
0.7869151,0.0002275472
0.7870029,0.0003686911
0.7870744,0.0001937417
0.7872875,6.735121e-05
0.787423,0.0001124381
0.7874492,0.0001046169
0.7874765,7.945866e-05
0.7875165,0.0002406152
0.7875489,0.0001458686
0.7877446,9.124562e-05
0.7879432,0.0004137728
0.7879462,0.0001862409
0.7879652,0.0002469918
0.7880112,0.0001589558
0.7880372,6.142582e-05
0.7881283,0.000331643
0.7883093,0.001074161
0.7883661,3.433819e-05
0.7884315,0.0002402512
0.7884552,0.0003183198
0.7884979,0.0001729704
0.7885614,0.0002050827
0.7886444,0.0001741458
0.7887828,0.0005426248
0.7888317,7.566528e-05
0.7888671,3.676229e-05
0.7888919,0.0001230104
0.7889018,0.0001655144
0.7889636,3.265586e-05
0.7890897,0.0003705169
0.7891121,0.0003652223
0.7891927,6.210814e-05
0.7895118,0.0002206325
0.7895378,8.281811e-05
0.7895946,0.0002925183
0.7896135,0.0001058929
0.7896291,0.0003378271
0.7896988,0.0001608116
0.7897503,6.455221e-05
0.7897724,0.0001001615
0.7898375,0.0002939557
0.7898661,0.0001421505
0.7898738,0.0001058244
0.7898753,5.168474e-05
0.7898842,6.0767e-05
0.7899656,5.005167e-05
0.7899841,0.02581813
0.7900024,0.776401
0.7900081,0.0001843411
0.7900816,0.0002706468
0.7902531,4.21602e-05
0.7903242,0.0001421464
0.7903411,0.0002171993
0.7904028,0.3962023
0.7904072,0.7497849
0.7904408,4.628841e-05
0.7904825,0.000314278
0.7905763,0.0002076972
0.7907214,9.222549e-05
0.79076,0.0001515682
0.7908138,8.355919e-05
0.7909109,0.0002163342
0.791012,0.000301187
0.7910826,0.0005233191
0.7911561,0.0002566637
0.7911768,0.0002598632
0.7912428,0.0001647462
0.79129,0.0001719598
0.7914281,0.0008523343
0.7914412,0.0001733863
0.79151,3.989065e-05
0.7915581,0.0002775085
0.7915742,0.0003533784
0.7916557,8.859894e-05
0.791694,0.0001762026
0.7918068,4.880251e-05
0.7919296,0.0001417393
0.7920483,0.0002277681
0.7922093,5.587283e-05
0.7922138,0.0002435105
0.7922154,0.0002042216
0.7922493,0.0003402843
0.7924731,0.000137485
0.7926275,0.0002328274
0.7926849,0.0003875939
0.7927659,6.685324e-05
0.7928078,0.0004301768
0.7929534,3.648335e-05
0.7930263,0.0005227426
0.7930812,5.943357e-05
0.7930945,8.935423e-05
0.7931026,5.876529e-05
0.7931144,0.0001253682
0.7932194,0.0002077804
0.7932541,0.0001783253
0.7933927,0.0001860582
0.7934094,5.671103e-05
0.7934901,8.788576e-05
0.7935204,0.0002438331
0.7937474,0.0001169217
0.7937928,5.266412e-05
0.793907,8.417317e-05
0.793963,0.0002680048
0.7939839,0.0003822371
0.794,0.0001297658
0.7940387,0.0002504807
0.7940415,0.0002772497
0.7940506,0.000123048
0.7940701,0.0001952268
0.7941588,0.000187517
0.7941637,0.0004980125
0.7942294,0.0002128161
0.7942519,9.046825e-05
0.7942591,0.0001083738
0.7942808,0.0001860074
0.7943146,0.0003094961
0.7943289,0.0001726269
0.7944208,8.999476e-05
0.7944306,0.0001070045
0.7946116,0.0002006941
0.7947642,0.0001262172
0.7948691,0.0002462427
0.7948764,0.0002418687
0.7948803,0.0002111372
0.7950184,0.0003128189
0.7950531,0.0002682219
0.7950536,9.757081e-05
0.795118,0.0001459163
0.7951547,0.0001820484
0.7951614,0.0001313965
0.7952109,0.0001872698
0.7952421,7.320622e-05
0.7952541,0.0001878995
0.7953399,3.90553e-05
0.7954785,0.0002186969
0.7954971,0.000118066
0.7955183,0.0001836982
0.7955403,0.0001598191
0.7956195,0.0001397009
0.7956444,0.0002999417
0.7956914,7.299781e-05
0.7958215,7.465034e-05
0.7959439,0.0003852212
0.7959681,9.746693e-05
0.7960216,0.000180151
0.7960272,8.193816e-05
0.7960446,0.0001887941
0.7961053,0.0001642115
0.7961581,7.446037e-05
0.7963101,0.000275711
0.7963184,1.9031e-05
0.7963952,0.0002107941
0.7964969,0.000142989
0.7966859,0.0002833202
0.7967019,0.0002394219
0.7967958,6.973021e-05
0.7968065,0.0001963141
0.7968423,0.0002695737
0.7968623,0.0001697601
0.7969231,0.0003505012
0.7970288,0.0002165653
0.7970638,0.0001691205
0.7972217,0.000145958
0.7972365,5.315481e-05
0.7972673,0.0003350679
0.7973432,0.0003190312
0.7974194,0.1597468
0.7974483,0.0001768749
0.7976007,0.0003547397
0.7976226,0.0003808781
0.7978006,0.0002634377
0.7978137,0.0005205324
0.7979578,0.0002462188
0.7980099,0.0001321921
0.7980573,0.0002390824
0.7980974,9.696772e-05
0.7982435,0.09459911
0.7984015,0.0001806398
0.798441,0.0002421335
0.7984968,0.000216724
0.7985343,0.0003709603
0.7985983,0.000122201
0.7986825,0.0003592513
0.798874,0.0002137769
0.7988821,0.0001125798
0.7989676,0.0001106889
0.7991222,8.295691e-05
0.7991894,0.0001647608
0.7993191,0.0001273951
0.7993237,9.952768e-05
0.7993423,3.746531e-05
0.7994058,0.0001645405
0.7994229,6.324423e-05
0.7994258,0.0002733374
0.799529,0.0002567915
0.7995912,0.000340915
0.7996603,0.0002474489
0.7997712,0.0002173922
0.7997864,3.082705e-05
0.7998042,0.0001554684
0.7998194,0.0003318468
0.7999263,0.0003313452
0.800177,0.0003440815
0.8001771,3.659783e-05
0.8002084,0.0003655829
0.8002464,7.674488e-05
0.8005219,9.577537e-05
0.8006173,0.0001309443
0.8007209,9.790772e-05
0.800842,0.0003784648
0.8009498,3.970554e-05
0.8009937,0.0002625064
0.8012145,3.193301e-05
0.8013505,6.769964e-05
0.8014633,0.0002024729
0.8015394,0.000140394
0.8016466,7.684214e-05
0.8017091,0.0005423591
0.8017181,0.0001107839
0.8017199,0.0003906595
0.8020821,0.0003677444
0.8021153,9.187753e-05
0.8022597,0.0001244815
0.8025153,0.0002799328
0.8026115,0.0002517443
0.802615,0.000246593
0.8027068,0.0002583711
0.8027132,0.000155399
0.8030302,0.0003929113
0.8031706,0.0002311699
0.8032023,0.0002228771
0.8033941,0.0001376847
0.8034251,0.0001079774
0.8034644,0.0004439921
0.8034922,7.953681e-05
0.8035473,0.0002159344
0.8036147,0.0005594117
0.8038141,0.0002395526
0.8038391,0.0007476945
0.8038405,0.0005423633
0.8039178,0.00040962
0.8039326,0.0002753068
0.8042853,0.0002566088
0.8042873,6.553285e-05
0.8044189,0.0002531156
0.8047122,0.0003671119
0.8047501,0.0001718734
0.8047549,6.629661e-05
0.8047719,0.0002120115
0.8048273,0.0002349179
0.8051964,5.826031e-05
0.8053131,0.0001740752
0.805396,0.0003970063
0.8054275,0.0004473863
0.8055379,0.0001171937
0.8055928,0.0001155936
0.8056518,0.0002716322
0.805662,0.0001332242
0.8056812,0.0004533247
0.8058574,0.0001642261
0.8058634,0.0003452538
0.8059389,0.0004500306
0.8061283,0.0003504482
0.8062283,0.0002746304
0.8062543,0.0001424981
0.8062612,0.0001488397
0.8064238,0.0004120025
0.8065814,0.0004564838
0.8065901,0.0001865927
0.8066818,6.765482e-05
0.8066901,0.000278108
0.8067221,0.0001434118
0.806776,8.57483e-05
0.8068579,0.0004497083
0.8069076,8.596379e-05
0.8069165,0.0001186639
0.8070052,0.0001405817
0.8070573,0.0001877838
0.8070583,0.0002643655
0.807097,0.0001603118
0.8071264,0.0001737889
0.8071809,0.0006271565
0.8072931,0.0005775412
0.8073162,0.0002582821
0.8073933,9.709068e-05
0.8074391,8.391059e-05
0.8074776,0.0002638802
0.8075984,0.0001493018
0.8077956,0.0002013901
0.8078093,0.0001034019
0.8078269,0.0001732255
0.8078632,0.0002975386
0.8078758,0.0001992056
0.8080952,7.886723e-05
0.8081239,6.290411e-05
0.8081291,8.501454e-05
0.8081886,0.0001772609
0.8082784,6.961371e-05
0.808279,8.928325e-05
0.8083422,0.0002320471
0.8083715,0.0003304166
0.8083822,0.0003229088
0.8085261,0.0001836551
0.8086244,0.01154551
0.8086631,0.000310185
0.8087955,0.0002073548
0.8089502,0.0002345566
0.808973,8.403222e-05
0.8090053,0.0002283178
0.8091912,0.0001611842
0.8092145,0.0002397931
0.8092697,0.0002008391
0.8093268,0.0001848935
0.8093325,1.658862e-05
0.8094921,0.0001411782
0.8095077,0.0001852586
0.8095343,2.122254e-05
0.8095613,4.395865e-05
0.8095952,0.0003267742
0.8095979,7.918575e-05
0.8096246,0.000105952
0.8096601,4.867239e-05
0.8096669,0.0001849562
0.8097564,0.0003493241
0.809809,6.650888e-05
0.8098755,0.000132383
0.809902,0.0003279597
0.8099651,0.0003648995
0.8100794,6.50212e-05
0.8101259,0.0001897214
0.8101326,0.0002432296
0.8101479,0.0001977152
0.8102139,0.0002065676
0.8103108,1.448094
0.8103566,6.713447e-05
0.8104344,0.0003579824
0.8104746,0.00018562
0.8104764,6.440027e-05
0.8105307,0.0001643244
0.8105912,4.826856e-05
0.8106193,0.0002843381
0.8106387,0.0001615429
0.8106424,4.268511e-05
0.8106492,0.0002159325
0.8106938,5.952242e-05
0.8107545,5.497429e-05
0.8109199,0.0002583365
0.811117,0.0004016724
0.8111818,4.577726e-05
0.8112894,8.014715e-05
0.81148,0.0001403354
0.8114994,0.0002088664
0.8116529,0.0001180629
0.8116948,0.0003055404
0.811695,0.0001772387
0.8118536,0.0003407227
0.8118975,0.0002407762
0.8119227,4.19751e-05
0.811996,9.881282e-05
0.8120026,3.498998e-05
0.8120053,0.000114517
0.8120363,4.263876e-05
0.812122,7.172824e-05
0.8122404,0.000207086
0.8123207,6.553802e-05
0.812333,5.201546e-05
0.8123468,0.0002616558
0.8123696,0.0001843759
0.8124257,0.0002405635
0.8125069,0.0002768525
0.8125156,6.506484e-05
0.8126059,1.649183e-05
0.812656,8.48026e-05
0.81274,0.0003058352
0.8128439,0.0002553115
0.8128577,0.0001373693
0.8129582,0.0001012831
0.8129948,8.84717e-05
0.8130901,5.766557e-05
0.8131076,0.0001165097
0.8131853,7.779382e-05
0.8132396,0.0002077168
0.8132872,0.0001191748
0.813292,0.0002522528
0.8133218,8.755957e-05
0.8136015,0.0002689004
0.8136263,0.0001696716
0.8136393,0.0003876246
0.8136541,0.0002532505
0.8138428,3.753586e-05
0.8138491,0.0001246927
0.813926,0.0001847842
0.8139686,0.0002515152
0.8140501,0.0001605814
0.8141874,0.0002402166
0.8142661,0.0004413928
0.8143098,0.0001000244
0.8144091,0.0001930434
0.8144308,0.0001272884
0.8144407,0.0001787303
0.8144715,0.0003005233
0.8144828,0.0001717303
0.8144872,6.775774e-05
0.8144935,9.97335e-05
0.8145394,7.790782e-05
0.8146728,8.274369e-05
0.8146738,0.000137166
0.8148464,0.001513337
0.8149558,0.0002244598
0.81497,0.0001443722
0.815238,0.0001693521
0.8152431,5.644427e-05
0.8153085,0.0001346044
0.8153993,0.0001539365
0.8154804,0.0001990034
0.8156199,8.752898e-05
0.8156843,5.002628e-05
0.8157683,0.0006415631
0.8160159,0.0001588882
0.8160498,0.0003732975
0.8160635,4.014688e-05
0.8161212,0.0001678288
0.8161343,1.210104
0.8161715,0.0002704377
0.8162324,0.0001071861
0.8162469,0.0003583144
0.8163013,5.061564e-05
0.8163026,0.000174154
0.8163933,0.0001855093
0.81642,0.0003221428
0.8164283,6.128175e-05
0.8165269,7.931623e-05
0.8165354,0.0002547167
0.816537,4.611516e-05
0.8165703,0.0001773074
0.8166038,0.0001656977
0.8167259,7.214337e-05
0.8169264,3.448107e-05
0.8170295,0.0003443642
0.8170557,0.000133469
0.8170587,0.0001584989
0.8171321,0.0003945096
0.8171378,0.0001174561
0.8172814,0.0003692008
0.8173878,0.0005373353
0.8173957,0.0002795231
0.8174023,8.727711e-05
0.817449,0.0003652904
0.8177079,7.572633e-05
0.8177252,0.0004699642
0.8177758,0.000128652
0.8177941,3.415856e-05
0.8177966,0.0004911061
0.8178809,8.0133e-05
0.8179471,0.0001007433
0.8182043,8.463985e-05
0.8184336,0.0001027937
0.8185014,6.8331e-05
0.8185251,0.0001931345
0.8185526,7.207273e-05
0.8186668,3.339366e-05
0.8187564,0.0001078165
0.8187621,0.000124244
0.8187633,0.0001343214
0.8187743,0.0002127992
0.8189323,0.0004013968
0.8189474,0.0008441283
0.8190505,0.0002852054
0.8191074,9.768872e-05
0.8191151,0.001219824
0.8193834,5.512113e-05
0.8193932,0.0001274198
0.8194246,5.606665e-05
0.8194304,0.0002037845
0.8194421,0.0001083789
0.8196587,8.434463e-05
0.8197141,0.0003047584
0.8199475,9.276093e-05
0.8202993,0.0002208704
0.8205696,6.167393e-05
0.8206905,0.0001951523
0.8207226,0.000716056
0.8208453,0.0001106457
0.8209485,0.0004705444
0.8209649,0.0001242016
0.8210997,8.692386e-05
0.8211436,5.987582e-05
0.8211877,9.452974e-05
0.8211899,0.0005008777
0.8214232,0.0001316186
0.8214655,0.0001237066
0.8216622,6.779515e-05
0.8218051,0.0001795236
0.8218283,0.0002016417
0.8219225,4.584503e-05
0.8220219,0.0002613384
0.8222285,0.0004026107
0.8222419,0.0002529573
0.8225476,0.0003621921
0.8226304,0.0001536819
0.8227155,0.0002965052
0.8227839,0.0001867749
0.8228795,3.46196e-05
0.8229892,9.803344e-05
0.823001,6.86205e-05
0.8231929,0.0001125696
0.8232307,6.345709e-05
0.8233343,0.0002889374
0.8233655,8.265604e-05
0.8233699,0.0004112801
0.8234171,7.934384e-05
0.8234745,0.0001475422
0.8234749,0.0001243977
0.8234765,0.001141509
0.8235041,0.0003017307
0.8236833,0.0001359895
0.8237715,3.387141e-05
0.823864,0.0002116934
0.8240004,0.0003036967
0.8241225,0.0001576116
0.8244084,0.0004623712
0.8245185,8.424217e-05
0.824702,0.0002231258
0.8249801,4.934903e-05
0.8249897,0.0002379555
0.8251033,8.610276e-05
0.8251189,0.0002979019
0.8251199,0.0002734617
0.8252643,0.0002014419
0.8254684,0.0001036723
0.8254898,0.0001958452
0.8255391,0.0003026973
0.8255751,0.0003441956
0.8257328,7.946316e-05
0.8258198,0.000246144
0.8259145,0.0002357607
0.8259362,0.000204179
0.8260658,0.0002522438
0.8260835,0.0002945131
0.8260956,6.043017e-05
0.8261443,0.0001304637
0.826188,0.0002597456
0.8263238,0.0001396219
0.8264254,0.0001393162
0.8265539,0.0004027682
0.8265694,8.961696e-05
0.8266144,0.0001039238
0.8266689,0.0006165068
0.8266868,0.0003287086
0.8268914,7.069627e-05
0.8270523,0.0001729708
0.8273187,4.468962e-05
0.8273552,0.0004320968
0.8273657,4.784275e-05
0.8275043,8.445911e-05
0.8275246,0.0001779263
0.8275442,0.0001100665
0.8275538,0.0001203653
0.8275587,0.0001435368
0.8277295,2.213873e-05
0.8278404,0.0003834279
0.8278506,0.0003443652
0.8278677,6.339755e-05
0.8279464,0.0001516421
0.8279573,0.0002896964
0.827974,4.736175e-05
0.8279864,0.0001451394
0.8283055,0.0001563818
0.8283174,0.0002093334
0.8283731,0.0002638973
0.8283917,0.0001538661
0.8283991,0.0002141134
0.8284975,0.0001174495
0.8285542,0.0001048966
0.8286726,0.0002226926
0.8286995,0.000294275
0.8287561,0.0003463213
0.8287637,0.00015151
0.829019,9.714198e-05
0.8291299,0.0001211721
0.8292341,0.0006816409
0.8292965,0.0003595594
0.8294681,0.0001517953
0.8294701,0.000113547
0.8296309,0.0003788152
0.8297694,6.974136e-05
0.8298593,0.0001132912
0.8300149,0.0001144379
0.8300322,0.0001631604
0.8300929,6.38948e-05
0.8302199,0.000442954
0.8302838,0.0005611363
0.8302876,0.00021905
0.8303176,0.0001069768
0.8304696,5.778644e-05
0.8306196,3.323925e-05
0.83068,0.0001344302
0.8307248,6.40106e-05
0.8307523,0.0002943435
0.8308269,6.298396e-05
0.8309203,0.0001386761
0.8309876,0.0003110436
0.8310166,0.0003518488
0.8310382,0.0001101772
0.8311695,0.0004659257
0.831516,0.0002727327
0.831646,0.0006431891
0.8316798,8.366566e-05
0.831875,6.190003e-05
0.8319515,0.0003102585
0.831962,0.0002218256
0.8320144,0.0003220541
0.8320186,0.0003276621
0.8321772,0.0002113859
0.8322064,0.0002426483
0.8322482,0.0001352253
0.8323572,0.0003045748
0.8324801,0.0001118447
0.832488,0.000291909
0.8325054,2.639692e-05
0.8325431,4.682925e-05
0.8326014,0.0002222177
0.8326485,0.0001869927
0.832788,0.0002788377
0.8328674,0.0002010623
0.8328791,8.64623e-05
0.8328875,3.312332e-05
0.8328941,6.83759e-05
0.8329279,5.789088e-05
0.8330558,0.0002085253
0.8331318,7.939828e-05
0.8332754,5.62302e-05
0.8332827,0.0001418907
0.8333301,0.0002153294
0.833419,0.0001697663
0.8334374,0.0001100997
0.8334416,6.653404e-05
0.8337288,9.645461e-05
0.8337447,0.0003798814
0.8337893,0.0003723665
0.8337946,0.0001222551
0.8338103,0.0003106474
0.834086,5.734399e-05
0.8340905,0.0003820552
0.8343472,0.0002942056
0.8343605,0.0001521527
0.8344095,0.0001478175
0.8344138,0.0002471083
0.834513,0.0001499263
0.8347857,0.0001390936
0.8350617,0.0001343148
0.8350832,0.0003351531
0.8352048,3.824092e-05
0.8352098,0.0003986578
0.8352929,5.607626e-05
0.8354698,0.0002083712
0.835717,5.685645e-05
0.8357273,0.00015192
0.8357524,0.0001362119
0.8358767,4.23341e-05
0.8359126,0.0004334296
0.8360838,0.0003718191
0.8361062,0.0002577172
0.8361163,0.0001469625
0.8361638,0.0007096781
0.8362694,0.000143424
0.8362795,8.819877e-05
0.8364314,0.0001110679
0.8365012,0.0002590168
0.836563,0.0004874713
0.8365665,0.0001761099
0.8365983,9.471181e-05
0.8369185,0.0002225793
0.837018,0.0001147487
0.8370489,0.0002209206
0.8371471,0.0001046442
0.8373256,0.0003880079
0.8373463,0.0001932118
0.8375284,8.576587e-05
0.8378752,0.0002307831
0.8379291,0.00011927
0.8386078,0.0001950356
0.8386104,0.0005800716
0.8387039,5.324735e-05
0.8387573,0.0007956929
0.8387581,3.608899e-05
0.8388279,0.000170242
0.8389588,9.888457e-05
0.8392729,3.658735e-05
0.8392949,0.000420274
0.8393851,0.0008118891
0.8394458,0.0004460687
0.8394739,0.0002006302
0.8395777,0.0002308673
0.8397722,0.0001603389
0.8397906,5.202795e-05
0.8397916,0.0001691842
0.8398632,3.622879e-05
0.8399825,9.267078e-05
0.839991,0.0002681301
0.8400087,0.0002880731
0.8401371,0.002257189
0.8401902,0.0001282963
0.8403305,0.0004261686
0.8403759,7.56282e-05
0.8404731,0.0002171091
0.8406202,0.0003398323
0.8406536,0.0003175105
0.840866,0.0001471088
0.8409042,9.690009e-05
0.8410264,0.0002128856
0.8410693,0.0002487329
0.8411273,0.0002838287
0.8412744,0.0003272849
0.8413778,0.0002040035
0.8413902,2.184952e-05
0.8414903,0.0002191927
0.8414936,0.0002792607
0.8415023,0.0001951188
0.8415319,0.0001275322
0.8416082,0.0002564691
0.8418319,0.0003345227
0.8419093,0.0001464165
0.8419266,0.0002523464
0.841933,0.0002533762
0.8420082,0.0006714908
0.8422006,0.0003707928
0.8422686,0.0002524362
0.8423061,0.0001808766
0.8423238,0.0002062784
0.8424628,0.0002071058
0.8425022,0.0003181731
0.842631,6.799046e-05
0.842643,7.557747e-05
0.8429553,0.0001722223
0.8433885,0.0001877779
0.8434079,0.0003431509
0.8437139,0.0002708732
0.8437389,8.022345e-05
0.8438418,0.0003227667
0.843883,0.0002075289
0.8439457,0.0002136425
0.8439683,0.000169484
0.8441109,0.0002455811
0.8442491,9.179614e-05
0.8442844,7.655384e-05
0.8443672,0.0002690975
0.844431,0.0002421146
0.8445247,7.115944e-05
0.8445268,0.0001545542
0.8445477,0.0002701481
0.8445541,0.0005181191
0.8446611,0.0001789386
0.84469,0.0001448367
0.8447382,0.0003570072
0.8447561,0.0001434884
0.8450542,0.0003646095
0.8451588,0.000340091
0.8452616,9.384233e-05
0.8453343,9.037909e-05
0.8454402,0.0001521387
0.8455986,0.0001173181
0.8460122,0.0003435592
0.8460858,7.755246e-05
0.8460879,0.0001961533
0.8461247,0.0001907628
0.8461426,9.119201e-05
0.8461944,4.563726e-05
0.8462524,0.0001398424
0.8462532,0.0001199447
0.8464592,0.0001626942
0.8464711,0.0002547879
0.8466716,0.0001544977
0.8467312,0.0002935819
0.8468462,5.039253e-05
0.8469782,7.083765e-05
0.8471857,7.928742e-05
0.8472455,0.0003556033
0.8472561,3.089922e-05
0.8473912,0.0001575904
0.8474144,0.0002121902
0.8474656,0.0001494986
0.847517,0.0003612649
0.8478442,0.001041134
0.8480978,0.0002707412
0.848155,7.813374e-05
0.8481828,3.340776
0.8483755,0.0005344754
0.8484227,5.220397e-05
0.8484377,9.019433e-05
0.8485155,5.899895e-05
0.8487425,5.526655e-05
0.8488786,6.956574e-05
0.8489019,7.451152e-05
0.8489274,0.0004827938
0.8490586,2.04825e-05
0.8490631,0.0003188291
0.849081,3.494796e-05
0.8492266,7.37857e-05
0.8493434,9.580945e-05
0.849354,0.0003210173
0.8494646,1.436713
0.8494704,0.0001379466
0.8496224,6.02419e-05
0.8497645,0.0001945126
0.8497745,0.000342545
0.8498194,0.0003185373
0.8498235,0.000145768
0.8498402,0.0003073748
0.8498403,8.701618e-05
0.8498983,0.0002910592
0.8500506,6.061922e-05
0.850164,0.0002740901
0.8504117,0.0003053529
0.8505543,5.432895e-05
0.8505602,0.0001739649
0.8506135,0.0001420755
0.8506284,0.0001707695
0.8507474,1.842685e-05
0.8507508,0.0002241073
0.8507593,0.004551055
0.8509544,5.847765e-05
0.8509817,4.72303e-05
0.8510738,0.0001379201
0.8511046,8.69054e-05
0.8511073,6.050711e-05
0.8511329,0.000205331
0.851233,0.0001010824
0.8512443,0.0001946768
0.8512598,0.0001709575
0.8515099,0.0001235746
0.8515446,0.0002229022
0.8515834,3.392614e-05
0.8517862,0.0002715099
0.8519204,0.0002335411
0.851984,0.0002802344
0.8519888,0.0001727148
0.8520176,0.0002364656
0.8520328,0.1596778
0.8520356,0.000265338
0.8521522,5.431418e-05
0.8521787,7.075244e-05
0.8522089,0.0002701255
0.8522923,0.0001327717
0.852332,4.934451e-05
0.8524193,0.0001270208
0.8525093,8.949163e-05
0.8525463,0.0001662983
0.8525573,3.464559e-05
0.8525584,0.0001463079
0.8525881,0.0001098799
0.8526258,0.0004613428
0.8526626,0.0002315244
0.8527583,0.0002812306
0.8527911,0.0001429997
0.8530648,0.0002106545
0.853093,0.001093232
0.853207,0.000156822
0.853229,0.0001874355
0.8533694,0.0001308078
0.8533725,9.466969e-05
0.8535312,9.405718e-05
0.8538973,0.0002830868
0.8541152,8.188475e-05
0.8542535,0.0003459711
0.8542935,8.665815e-05
0.8544061,4.319577e-05
0.8546121,0.0004639105
0.8546368,0.0001089835
0.8547302,9.499045e-05
0.8549553,0.0001244328
0.8551868,0.0004562122
0.8554483,0.2010936
0.8555707,0.0003227113
0.8555731,0.0002797075
0.8556597,0.0001275109
0.8556613,7.866563e-05
0.8556908,0.0002072008
0.8558351,4.595106e-05
0.8561434,0.0001428841
0.8561871,0.0001739429
0.856239,0.0002791296
0.8563054,0.0002793827
0.8563645,6.122747e-05
0.8564074,6.102709e-05
0.8564235,0.0003003254
0.8564993,0.0003427394
0.8565282,0.0004109018
0.8565814,0.0001727875
0.8567215,0.0001748373
0.8567643,0.0009971985
0.8568084,0.0003760572
0.8569445,0.0001515285
0.8569589,9.946332e-05
0.8571523,0.0002905705
0.8573422,0.0001069319
0.8574079,0.000254972
0.8574369,0.0007112673
0.8574607,0.000565277
0.8574933,7.105603e-05
0.8575847,0.0001240583
0.8576969,9.450725e-05
0.8581199,0.0002191061
0.8581474,0.000107249
0.8583538,0.0004337263
0.8583698,6.848418e-05
0.8583985,5.497766e-05
0.8584092,0.0002419069
0.8584431,0.0003052349
0.8586357,0.0002430218
0.8586551,0.0004221696
0.8586908,5.899222e-05
0.8590164,0.0006462923
0.8590376,4.881985e-05
0.8590503,7.880218e-05
0.8590995,9.933451e-05
0.8591678,9.349761e-05
0.8592663,7.590914e-05
0.8594171,6.792061e-05
0.8595799,0.0001104358
0.8596002,0.0002688891
0.8596938,0.0004226922
0.8597215,0.0003540493
0.8597827,0.0003475614
0.8598499,0.0004149634
0.8598511,2.589452e-05
0.8598686,7.374888e-05
0.8601402,0.0001082311
0.860209,0.0003193016
0.8602797,0.0001920165
0.8603253,0.0001449462
0.8604965,0.0003647482
0.860563,0.0001881176
0.8606275,0.0003342952
0.8606949,0.0006129064
0.860782,0.0001539835
0.8608184,0.0001460722
0.8608218,0.0001149146
0.8608567,0.0001700874
0.860876,0.0001983053
0.8608786,0.0001132984
0.8609523,0.0001682265
0.8609526,0.0003342101
0.8609801,0.0003837862
0.861116,0.0001516933
0.8613414,0.0004363605
0.8614574,0.0001248843
0.8614905,0.0002193125
0.8615435,0.000196642
0.8615972,0.0002317736
0.861643,0.0001634775
0.8617015,0.0004526756
0.8617107,0.0001561804
0.8619617,0.0003280568
0.8620178,0.0003904064
0.8620427,0.0001263323
0.8620466,7.048903e-05
0.8620878,9.056293e-05
0.8621166,0.0001568781
0.8624427,9.009785e-05
0.8625047,0.0003871914
0.8625079,0.0002831279
0.8625443,7.886324e-05
0.8626425,7.549547e-05
0.8626946,9.625528e-05
0.8627131,8.314772e-05
0.8627461,0.0001231326
0.8627521,0.0002960679
0.8628058,0.0002508885
0.8629592,0.0002070657
0.8630133,0.0003288453
0.8630139,7.510351e-05
0.8632446,0.000343176
0.8632985,0.0003067441
0.8633313,0.0001866638
0.8633322,7.312378e-05
0.8635039,1.904115e-05
0.8635892,0.0001055922
0.8636537,0.0005041145
0.8637815,5.238476e-05
0.8641461,0.0004418301
0.8645357,0.0004243535
0.8646321,0.0002396361
0.8646414,0.0002072816
0.8648337,7.610921e-05
0.8649253,0.0002998716
0.8650336,4.337251e-05
0.8651422,0.0003569277
0.8651466,9.295831e-05
0.8651771,0.0002930509
0.865378,0.0001143043
0.8654115,0.000401588
0.8657759,2.085273e-05
0.8658136,6.939785e-05
0.8658524,7.426592e-05
0.8659047,9.558258e-05
0.8661747,0.0001164552
0.8662304,0.0002260177
0.8662772,0.0001090697
0.8663254,7.231189e-05
0.8663281,0.0002303311
0.8664886,0.0002241628
0.8665512,6.304683e-05
0.8665553,3.112919e-05
0.8666114,5.320649e-05
0.8666663,0.0002127802
0.8667409,0.0005111879
0.8667778,8.4872e-05
0.8668194,0.0002376979
0.8668288,0.0003128217
0.8669069,0.00068067
0.8669466,0.0002670107
0.8670729,0.0001061884
0.8671072,5.899859e-05
0.8671455,0.0002087877
0.8671949,0.000149233
0.867209,2.983738e-05
0.8673141,0.000185938
0.8674298,6.138338e-05
0.8675376,8.356012e-05
0.8676971,0.0001095812
0.8677501,0.0002015628
0.8679848,0.0001968995
0.8680412,0.000401655
0.8680702,0.0002336485
0.8680928,0.000120443
0.8681551,0.0001220181
0.8682076,7.448707e-05
0.8682393,0.0003461239
0.868303,0.000308914
0.8683838,0.0002899235
0.8685732,0.0001437367
0.8685823,0.0001005017
0.8685851,9.470257e-05
0.8687716,0.0005210598
0.8688203,0.0001045404
0.869067,0.0002618477
0.8690929,0.0001664395
0.869127,0.0001184078
0.8692358,0.0002836861
0.8692446,8.311864e-05
0.8692714,0.0002626425
0.8692748,0.0007224734
0.8692763,0.0003400618
0.8694931,0.0002536271
0.869641,0.0002021577
0.8697343,0.0006481067
0.8699775,0.0001874918
0.8700783,0.000120002
0.8700947,0.0001291893
0.8701683,0.0003925192
0.870172,0.0003271775
0.8702872,0.000423504
0.8703389,0.0002395714
0.8705232,0.0001516131
0.8709312,0.0002443663
0.8709477,0.0001201219
0.8711135,0.0002278624
0.8711247,0.0001900466
0.8713278,0.0001074426
0.8716071,0.0002311438
0.8717338,0.0003910182
0.8717399,0.000321144
0.8718302,0.000697112
0.8718653,0.0002441048
0.8718738,0.0001238312
0.8719968,0.0001528306
0.8720466,0.0004388934
0.8724059,0.0003012248
0.8724299,9.238032e-05
0.8726072,3.503681e-05
0.8726419,0.0002510854
0.8730051,0.0001538363
0.8733298,0.0002059038
0.8733578,8.342825e-05
0.8733759,8.741456e-05
0.8735601,7.076534e-05
0.8736706,0.0003378679
0.8737086,0.0006139519
0.8737259,0.0001418106
0.8737351,0.0001065078
0.8738529,0.0004453849
0.8738908,0.0003010398
0.8738967,0.000707284
0.873897,0.0002998378
0.8739003,0.0001273047
0.8739232,0.0001271714
0.8739285,0.0001189591
0.8739619,0.0001844437
0.8742422,0.0001415935
0.8743314,0.0001946756
0.8743443,7.4961e-05
0.8744695,0.0001963518
0.8744947,9.145802e-05
0.8746536,0.0002506646
0.8748485,6.877307e-05
0.8748815,0.0001001962
0.8749246,6.948999e-05
0.874938,4.482832e-05
0.8751234,0.0004403064
0.875187,0.001101718
0.8752441,1.725119e-05
0.8753606,0.0001613449
0.8754684,0.0001293148
0.8755874,0.0003702301
0.875597,4.555587e-05
0.8757781,0.0003139502
0.8758014,0.00023539
0.8760326,0.0003978319
0.87607,0.0001231014
0.8762828,8.330761e-05
0.8764082,0.0001076261
0.8765741,0.0001363179
0.8767444,0.0001364638
0.8768084,0.0001068314
0.8769745,0.000260011
0.8770738,0.0001189509
0.8771306,6.148508e-05
0.8771902,6.014168e-05
0.8772827,0.0001461997
0.8774171,0.0001259347
0.8774319,0.0002804585
0.8776303,0.0001776869
0.8776314,0.0001385127
0.8777108,8.073636e-05
0.8777136,0.0002097585
0.8777434,0.0002689888
0.8779981,0.0003217908
0.8780913,0.0004228266
0.8781152,0.0004470831
0.8781317,5.710481e-05
0.8783279,6.077547e-05
0.8786106,0.0002299942
0.8786421,0.0002042363
0.8786838,8.099662e-05
0.8786864,3.334014e-05
0.8790306,0.000754673
0.8790777,0.0001820975
0.8790841,0.0001628745
0.8793555,0.000322641
0.879363,0.0001731053
0.8793958,0.0001197153
0.8793987,0.000150713
0.8794165,0.0003467103
0.8794339,0.0002196176
0.8794972,0.0001507115
0.879616,0.0002848228
0.8797972,0.0001841396
0.8799763,0.0001914197
0.8799812,4.656969e-05
0.8801075,2.690723e-05
0.8801519,0.0002367488
0.880183,0.0002609818
0.8802224,0.0003855701
0.8802578,0.0002731691
0.8804011,6.02814e-05
0.8804649,0.0002256478
0.8804972,0.0002007229
0.880756,0.0002000385
0.8808104,0.000256159
0.8809146,0.0001850085
0.8809599,8.008444e-05
0.8810095,0.0001138002
0.8812804,0.0007562375
0.8813705,0.0003521704
0.8815071,0.0002007183
0.8817447,4.648284e-05
0.8819219,0.0002011288
0.8821006,0.00036449
0.8821537,0.0001347994
0.8822207,0.000366854
0.8824503,5.388248e-05
0.8825498,9.604843e-05
0.8826414,0.0006056937
0.8829113,0.0001363274
0.8829895,0.0001694483
0.8831374,0.0001361742
0.8834769,8.370718e-05
0.8834957,0.0006388585
0.8835253,6.078366e-05
0.8836871,0.0002026298
0.8837011,6.979857e-05
0.8837221,0.0002895676
0.8837879,0.0004156661
0.884011,0.0004821261
0.8840454,3.713726e-05
0.8840962,2.496617e-05
0.8841985,0.0003389183
0.8842329,0.0001973138
0.8843647,0.000530879
0.8844879,0.0002445332
0.8846102,0.0003672834
0.8846188,0.0002703539
0.8847297,8.007835e-05
0.8848963,6.297319e-05
0.8849007,6.624796e-05
0.8852324,9.528637e-05
0.8854125,0.000666211
0.8855455,0.0001857619
0.8857145,8.50293e-05
0.8858565,0.0001552345
0.8859096,3.794079e-05
0.8859147,9.370212e-05
0.8859763,0.0003291133
0.8861817,0.0001272981
0.8862817,0.0002952016
0.8863704,0.0001156534
0.8864375,0.001290311
0.8867508,7.508973e-05
0.88693,5.347184e-05
0.8871898,0.0002378296
0.8871934,9.294403e-05
0.8872618,7.927182e-05
0.8873255,0.000344989
0.8873659,0.0004116789
0.8873706,3.430674e-05
0.8874443,0.0001458081
0.8875266,0.000103307
0.8878496,0.0002038107
0.8883691,0.0002335882
0.8884819,3.535427e-05
0.8885384,0.0003907784
0.8885431,0.0002276259
0.8885812,0.0003275782
0.8885854,0.0004236593
0.8886403,6.83507e-05
0.8887573,7.822186e-05
0.8887874,0.0001132866
0.8890693,0.1589376
0.8894539,0.0004718043
0.8896463,4.889557e-05
0.8897252,0.0002462372
0.8899503,0.0002216283
0.8899608,0.0002080627
0.8902888,0.0003054573
0.8904426,0.0002921161
0.8910644,0.0003779719
0.8911129,0.0001523407
0.8913457,0.000310638
0.8914079,8.238992e-05
0.8915579,0.0002944149
0.8916515,0.0002495555
0.8916559,0.0001024908
0.8916723,0.0001513817
0.8916938,0.0001160351
0.8917791,0.000281409
0.8918113,0.0001546895
0.8919079,0.0006539651
0.8919448,0.0001157422
0.8920112,7.448065e-05
0.8922256,0.0003818711
0.8922962,0.000324654
0.8925393,0.6751893
0.8925604,9.109535e-05
0.8929675,5.803673e-05
0.8930862,8.898308e-05
0.8933582,0.0001408462
0.8936718,0.0001658142
0.8940725,0.0001995332
0.8943509,0.0003149056
0.8945184,0.0001062021
0.8948108,0.000195878
0.8948367,2.838474e-05
0.8948804,9.734795e-05
0.8948925,0.0001872321
0.8949969,0.0004521895
0.8951854,8.167195e-05
0.8956351,4.12072
0.8956692,0.0004331169
0.8956982,0.0002952518
0.8958187,5.760284e-05
0.8958458,0.0003634029
0.8960567,6.197629e-05
0.8960715,0.0001770557
0.8962574,0.0004981735
0.8963885,8.397743e-05
0.8963896,0.0001506627
0.8967415,0.0002065443
0.8969486,0.0001724379
0.8969869,0.0002164414
0.8970553,0.0001172047
0.897103,0.0001032284
0.8972834,0.05700468
0.8973501,0.0001651857
0.8974949,0.0002236104
0.8975576,0.0002200116
0.897564,0.0001472104
0.8976634,0.0005781773
0.8976774,5.220105e-05
0.897695,0.0001057023
0.8977789,1.800359
0.8979552,0.0004313451
0.8979589,0.0003939469
0.8979813,0.0002379018
0.8980568,0.0002715103
0.8981622,0.000110971
0.8984242,0.0003413738
0.8984376,0.0005320429
0.8984696,0.0001254453
0.8984817,4.189347e-05
0.8985057,9.569892e-05
0.8985472,6.792496e-05
0.898788,0.0001170219
0.898925,0.000509478
0.8990422,0.0004713246
0.8991041,0.000218662
0.899108,0.0004870408
0.8993521,0.0003120243
0.8995336,0.0004563066
0.8995502,0.0001242143
0.8995646,0.0002635808
0.8995858,0.0009975681
0.8998128,4.163715e-05
0.9002838,0.0006414861
0.9005073,0.0001151312
0.9005151,0.00035043
0.9006574,0.0004314371
0.9007335,0.0001340298
0.9008285,0.0002908153
0.9011988,7.327227e-05
0.901419,0.0002795078
0.9014912,0.0001465498
0.9016626,9.490597e-05
0.9019184,8.686634e-05
0.9019192,0.0004720779
0.9019324,0.000109972
0.9019859,0.0001910745
0.9020036,0.0001093047
0.9023771,0.0002111365
0.9023858,0.0002435323
0.9024796,0.0001977196
0.9024799,0.0003417443
0.9027703,0.0003076334
0.9032819,0.0001593921
0.9034886,0.0004471595
0.9036542,7.709343e-05
0.9037645,0.0001124648
0.9038446,0.0002793936
0.903953,0.000208273
0.9041203,0.0003100857
0.9041916,0.0002181172
0.904457,0.0005757423
0.9045356,2.422437e-05
0.9046184,0.0001200405
0.9048001,0.0003886583
0.9048919,0.0001143111
0.9049342,0.0003982838
0.9050393,7.451321e-05
0.9050819,0.0001334751
0.9052413,0.0002656596
0.9053,0.0001279831
0.9053251,0.0003015408
0.9054436,6.302918e-05
0.9054567,0.0002402419
0.9055902,0.0002655511
0.9056967,3.015901e-05
0.9058399,9.869759e-05
0.9058838,8.954324e-05
0.9060461,0.0001147001
0.9061511,0.0003269086
0.9061655,7.172693e-05
0.9061859,0.0001260238
0.9062508,0.0001174637
0.9063793,0.0004708523
0.9063904,0.001042855
0.9066702,0.0003718744
0.906828,0.0002494838
0.9068586,0.0002033717
0.9069178,5.554658e-05
0.9071002,0.0003792339
0.9071528,3.718794e-05
0.9072686,0.0001189721
0.9073411,9.954279e-05
0.9074281,0.000180951
0.9076366,0.0003978376
0.907697,0.0002868727
0.9077608,0.0001380174
0.9078383,9.942475e-05
0.9078755,0.01361605
0.9078867,0.0002034408
0.9079388,0.0003194159
0.9079639,0.0001261364
0.9081742,0.0001215526
0.9082102,0.0004148243
0.9083872,3.680453e-05
0.9085109,0.0002185415
0.9086912,0.0001233263
0.9088168,0.0003885342
0.9088412,0.0003873901
0.9089525,0.0003376075
0.9090468,0.0004242185
0.9090735,6.994328e-05
0.9091421,6.471228e-05
0.9092453,0.001036644
0.9095433,0.0008070102
0.9096366,0.06221131
0.9096431,0.0001561798
0.9096792,0.0002972424
0.9097244,0.0001240416
0.9098328,0.0004712401
0.9099641,7.898622e-05
0.9102451,0.0001934534
0.9102494,0.000278965
0.9104791,0.0001491277
0.9106278,0.0003619705
0.9106984,0.0002193087
0.9107034,0.0005010702
0.9107798,0.0002399486
0.9108413,0.0004027233
0.9111222,0.0004774247
0.9112005,0.0001595995
0.91128,9.650128e-05
0.9115912,0.0003366982
0.9116558,6.629427e-05
0.9117452,9.151707e-05
0.9118971,0.0001825357
0.9120681,7.384393e-05
0.9124218,0.0002163581
0.9125757,0.0004225176
0.9126124,7.735765e-05
0.9128469,0.0003394577
0.9129118,0.0001577534
0.913237,4.456037e-05
0.9132999,0.0001462685
0.9133225,0.0002999214
0.9133252,9.623512e-05
0.913572,2.873492e-05
0.9138945,9.046874e-05
0.9139009,0.001357524
0.9139785,2.417257
0.9140404,0.0001225801
0.914133,0.0002051859
0.9143797,5.562259e-05
0.9143959,0.0001149873
0.914623,0.0002594167
0.9146604,0.0001613659
0.9147892,0.0002610117
0.9148391,0.0002147333
0.9150443,0.0003300369
0.9151533,9.420844e-05
0.9152201,0.000263279
0.9152725,0.0001510011
0.9153067,0.0003496069
0.9153405,1.035783e-05
0.9154531,0.0001851203
0.9156159,0.0005690861
0.915638,0.0003744907
0.9157199,0.0001797461
0.9159298,0.0001928878
0.9160119,0.0001184723
0.9161006,0.0004308643
0.9162493,0.0002214351
0.9162545,9.348209e-05
0.9163247,0.0002778365
0.9163685,0.0002746124
0.9164119,0.0003416327
0.9164965,0.0002996422
0.9165543,0.0001190593
0.9166177,0.0003429471
0.9166968,0.0002319826
0.9169662,0.00011506
0.9171397,0.0007950385
0.9171647,0.000272879
0.9171823,0.0003737066
0.9171992,0.0004007216
0.9172316,7.18828e-05
0.9174762,0.0004144081
0.9177033,0.0002139879
0.9177967,0.0004455079
0.9178416,0.0005134035
0.9179194,8.066053e-05
0.9179833,0.0003068295
0.9179938,0.0001127487
0.9180859,0.0001323919
0.9182172,8.442552e-05
0.9182826,0.0001071669
0.9187139,0.0006626282
0.9189892,0.0001018826
0.9190623,0.0002511479
0.9192786,0.0003196005
0.919541,3.326169e-05
0.9195746,0.0001672238
0.9197596,0.0003284169
0.9197603,0.0002006404
0.9197779,0.0003115993
0.9198087,0.0002736552
0.9201767,0.0001311899
0.9202084,0.35184
0.9202784,0.0001887713
0.9203087,0.0001663697
0.920635,0.0003977999
0.9213294,0.0001646791
0.9213385,8.419059e-05
0.9216605,0.0001394095
0.9217423,0.0002081005
0.9218994,0.0003091452
0.9224233,0.0001915318
0.922451,0.0002453023
0.9224951,0.0001700377
0.9225289,0.0004415557
0.9228661,3.062115e-05
0.9228892,1.682617
0.9231482,0.0003781219
0.9232551,0.0003191722
0.9233299,0.0001417435
0.9234517,8.214028e-05
0.9237098,0.0003004003
0.9237951,0.0001193693
0.9237988,0.0001163797
0.9238692,0.0002743889
0.9239947,0.0002436996
0.9241843,0.0002738409
0.9243034,0.0001310883
0.9243578,0.0002784188
0.9243622,0.0001503631
0.9245714,0.0001750526
0.924835,0.0002560675
0.9249102,0.0002705842
0.9249226,0.0003620904
0.924971,0.0004655017
0.9252577,0.0003445118
0.9255402,0.0001539298
0.9255904,5.18411e-05
0.9256536,0.000183713
0.9258419,0.0001505028
0.9259294,0.000231959
0.9259834,0.5229895
0.9260967,7.055593e-05
0.9261089,0.0002350525
0.9261215,0.0002448349
0.9261522,0.0002231932
0.9262474,0.0007049632
0.9263247,0.0002307556
0.9265947,0.0003870139
0.9266956,0.0001474775
0.9274282,0.0002018221
0.9274397,0.0001205018
0.9274464,0.0001557212
0.9275729,0.0001845833
0.9276039,6.402651e-05
0.9277431,8.758328e-05
0.9279577,8.82813e-05
0.9282325,0.0001350337
0.9284449,8.777456e-05
0.9284723,0.0002376311
0.9285026,9.879529e-05
0.9285651,0.0003167264
0.9289058,7.570194e-05
0.9291543,0.0001842751
0.9291981,0.0003596673
0.9293134,0.0003421002
0.9294704,4.971044e-05
0.9296721,7.676761e-05
0.9299944,0.0002678291
0.9299986,0.0002679505
0.9301881,0.0003274328
0.9302048,0.0003224717
0.9307419,0.0001910539
0.9307703,8.615353e-05
0.9308038,0.0004697445
0.9308578,0.0003227785
0.9311328,0.0002463464
0.9312399,0.0001129514
0.9312726,1.801096
0.9313736,0.0001893759
0.9313834,0.0001342328
0.9315623,8.571251e-05
0.9317221,4.598979e-05
0.9318118,0.0003491084
0.9319934,0.0004859603
0.9319983,0.0004675037
0.932049,0.0001548605
0.9320999,0.0002596582
0.932119,0.0008456918
0.9321451,0.000172413
0.9322134,0.0004967166
0.9322305,8.072665e-05
0.9322547,0.0002712514
0.9323679,0.0003507847
0.9323991,0.0001168719
0.9325301,0.0004762327
0.9327253,0.0003366678
0.9327266,3.263866e-05
0.9327789,0.000251144
0.9328487,0.0001899207
0.9330813,0.0009897168
0.9331855,0.0005259152
0.9336829,0.0001497146
0.9337819,0.0008270603
0.9340062,0.0001105777
0.9342244,0.0001013099
0.9342586,0.0002270462
0.9342655,0.0003200383
0.9342942,0.000265655
0.9343446,0.0002553228
0.9343634,0.0002786599
0.9344246,0.0002766858
0.9344247,0.0003485281
0.9344286,0.0001207579
0.9345089,0.0003677304
0.9345248,5.297392e-05
0.934706,0.0002047244
0.9347996,0.0004653991
0.9348705,0.0004391507
0.9350847,0.0002144518
0.9350981,0.0007033134
0.9356303,0.0003692275
0.9357713,0.0002243948
0.9358114,0.0003695782
0.9359403,0.0001986845
0.9360883,9.446125e-05
0.9361567,0.0001478104
0.9363832,9.287647e-05
0.9368094,0.0001375647
0.9369036,0.0003536386
0.9370412,0.0001631278
0.9370826,5.866975e-05
0.9371654,0.0001733008
0.9372274,0.0001195428
0.9376352,0.0002598997
0.9376391,0.0003411067
0.9378318,0.0002184987
0.9378908,0.0001826929
0.9379212,5.059348e-06
0.9379333,0.0002515403
0.9380612,0.0001797857
0.9382812,3.460694e-05
0.9384096,0.0002501279
0.9385669,0.0003740169
0.9386675,4.820087e-05
0.9386957,0.0003793222
0.9386972,7.072453e-05
0.9387367,3.841451e-05
0.9388103,0.0004311903
0.9388135,0.0002666977
0.9388609,0.0001402833
0.939035,0.0001575789
0.9392318,0.000120715
0.9393627,0.001028518
0.9394135,0.0001761967
0.9395702,0.0001002801
0.9396193,0.0002646715
0.9397306,0.0001293898
0.9397492,1.569983
0.9398011,0.0003804047
0.9398741,0.0002389264
0.939886,0.0001794835
0.9399374,0.0002998579
0.9399427,3.413622e-05
0.9399552,0.0003490586
0.9399903,0.0004612585
0.9402999,0.0008017659
0.9409736,0.0003415476
0.9410139,0.0001093722
0.9412469,0.0001357805
0.9415262,0.0001133844
0.9418397,0.0004615801
0.9419053,0.0008263944
0.9419398,0.0004880507
0.9421368,0.0002013889
0.9421738,0.000308733
0.9423137,0.0001402819
0.9423198,8.575548e-05
0.942921,0.0002116959
0.9433441,0.0002699843
0.9438365,0.0001983133
0.9440048,0.0002090542
0.9440326,0.0003923487
0.9440382,0.0004694388
0.9443648,7.204578e-05
0.944446,0.0002951521
0.9444824,0.0002558403
0.9445205,0.0002846359
0.9446844,0.0003799757
0.9446882,8.549401e-05
0.9447206,0.0003744202
0.9448045,0.000460036
0.9451742,0.0006785816
0.9452026,0.0001189752
0.9452466,0.0003085131
0.9453789,6.700819e-05
0.9455305,0.000256516
0.9455935,0.00118628
0.9458924,0.0002738554
0.945918,6.772888e-05
0.946124,8.36176e-05
0.9462051,0.0003001592
0.9464394,8.484147e-05
0.9464888,0.0001326188
0.9472587,0.0002487713
0.9472842,0.0001097683
0.947311,8.727612e-05
0.9473927,0.0001972247
0.9474494,0.0001787143
0.9477857,9.89553e-05
0.9481786,0.0001341335
0.9482682,0.0002823737
0.948318,0.0009504775
0.9485911,0.0002135988
0.9486316,6.185045e-05
0.9487994,9.66404e-05
0.948875,0.0003291677
0.9489344,8.009349e-05
0.9491726,0.0002224461
0.949191,0.000157033
0.9493325,0.0004649112
0.9494644,0.0005116391
0.949509,0.00027271
0.9497688,0.000377634
0.9497983,0.0001253188
0.9499158,0.000375222
0.9499677,0.0001015255
0.9503475,0.0004196466
0.9505764,0.0002260238
0.9512553,0.0001977756
0.9512931,0.000242649
0.9513213,0.0006748821
0.9514403,0.0001161575
0.951947,0.0002061765
0.9521949,8.521791e-05
0.9527621,0.0001034555
0.9528126,9.042191e-05
0.9530321,0.0003464589
0.9532443,0.0001803223
0.9533032,0.0002958763
0.9533187,0.0001546748
0.9534473,0.0002606207
0.9535208,0.0005220364
0.9536387,0.0002426486
0.953985,0.0002998453
0.9543377,0.0001077118
0.9544091,0.0005792486
0.9544616,0.0001617404
0.9545588,0.0005474126
0.9545887,7.690587e-05
0.9546731,0.0004221491
0.954778,0.0002354306
0.9548291,0.0002856561
0.9548423,0.0001167552
0.9551662,0.0002048476
0.9554731,0.1932553
0.9556577,0.0001733589
0.9557126,0.0007104334
0.9558277,0.0003968375
0.9558674,0.0001213485
0.9559194,0.02535328
0.9559385,3.54074e-05
0.9560631,0.0004483869
0.9560818,5.088278e-05
0.9561046,0.0007996049
0.9563094,0.0002851629
0.9563915,0.0003107828
0.9564682,6.161874e-05
0.9566208,0.0008259457
0.9567199,0.0002206049
0.9569088,0.0001033063
0.9569952,0.0005285988
0.9572364,0.0001903929
0.9572505,0.0003171815
0.9572535,3.342358e-05
0.9573863,9.386492e-05
0.9574865,0.0002278281
0.9576088,0.0002834483
0.9577426,0.0005279672
0.9581112,0.000301974
0.9583972,0.000156479
0.9585224,0.000608949
0.9587848,0.0001965878
0.9589291,0.0005504319
0.9590157,0.0003764513
0.9590173,0.0001084294
0.959041,0.0005532932
0.9590878,4.945307e-05
0.9592005,0.0002307402
0.9592634,0.0006631086
0.9594021,0.0002168516
0.9595273,0.7724004
0.9599336,0.0005472624
0.9600704,0.0002142432
0.9602443,0.0005594324
0.9602718,0.0004844982
0.960476,0.0004044917
0.9612356,0.0001990672
0.9613585,4.537875e-05
0.9616503,9.14839e-05
0.9617323,9.959115e-05
0.9617764,0.09528257
0.9617769,0.0001790284
0.9618124,6.197453e-05
0.9620507,0.0004209208
0.9621388,0.0001510024
0.9623771,0.0004823395
0.962489,0.0004974979
0.9625912,0.0003282691
0.9628068,0.0001022269
0.9628958,0.0001543133
0.9629141,0.0003154728
0.9631284,5.427007e-05
0.9632396,0.0003687433
0.9633058,0.0002912399
0.96371,5.918479e-05
0.9638656,0.0003925623
0.9645117,0.0006157856
0.9645437,9.277515e-05
0.9646497,0.0002707131
0.9647809,0.0004584939
0.9648657,0.0002696117
0.9653342,4.392255
0.9653901,4.213448e-05
0.9656225,2.97163e-05
0.9658467,0.2456692
0.9659446,0.0002360283
0.9662151,0.0003605072
0.9662268,0.0003532143
0.9663259,4.760666e-05
0.9665847,0.000335216
0.9668359,0.0001296723
0.9668816,0.0001545352
0.9671193,0.0001200561
0.9671637,0.0007509413
0.9672177,0.0004997575
0.9672989,0.0004069147
0.9674639,0.00025421
0.9678367,0.0005545988
0.9680214,8.904987e-05
0.9683978,0.0001624032
0.9686037,0.000124075
0.9687991,0.0003994279
0.96886,0.0001871994
0.9689052,0.0002841465
0.9691734,0.0003757512
0.9692085,0.0003508272
0.969641,0.0001659118
0.9697064,0.0003074099
0.9698225,0.0001772163
0.9700367,0.0002289089
0.9701188,0.0006991429
0.9702883,0.0001884292
0.9703971,0.0002045771
0.9705264,0.0002575303
0.9705618,0.0002990098
0.9705636,0.0001377962
0.9706759,0.0008010099
0.9706774,0.000104194
0.970827,1.024909
0.9708815,0.0002581138
0.9713536,0.0002837786
0.9715861,8.384185e-05
0.9716074,0.0003055655
0.9716884,0.0004841933
0.9716963,0.0001677553
0.971854,5.846294e-05
0.9718717,0.0005036495
0.9719584,0.0001163858
0.9719972,0.0002371665
0.9721962,4.038258e-05
0.9722135,0.000208445
0.9723906,0.0001777651
0.9724597,0.0003099779
0.972612,0.0003128565
0.9726473,0.2243192
0.9729084,0.0001381771
0.9730397,0.0002992358
0.9732009,0.0003609297
0.9732937,0.0001311699
0.9733515,0.000294437
0.9733967,7.093493e-05
0.9739588,8.314905e-05
0.9741476,0.0001338089
0.9744663,0.02363404
0.9744765,1.820974e-05
0.9745227,0.0001123656
0.9745597,0.000218672
0.9745769,8.183616e-05
0.9746384,0.0005036478
0.9749386,6.859752e-05
0.9750003,0.0006991177
0.9751667,0.0007750058
0.975194,0.0002037894
0.9754843,0.0002177283
0.9755448,0.0006719294
0.975604,0.0003551955
0.975755,0.0001407192
0.9759971,0.0002311791
0.9763226,0.00071833
0.9764169,0.0005870485
0.9765387,0.0002914077
0.9768875,0.0001292135
0.9769342,0.0002560114
0.9771754,0.270118
0.9775137,0.0007510458
0.9776624,0.2101256
0.9778725,0.0003547939
0.9779002,0.0002143552
0.9780411,0.0001192198
0.978091,7.870737e-05
0.9784323,8.821731e-05
0.9785798,2.580256e-05
0.9787202,0.0001056294
0.9788842,0.0001379922
0.9792804,9.042469e-05
0.980019,0.0007210229
0.980099,0.0003957459
0.9802611,0.0003696861
0.9804353,9.994047e-05
0.9806069,0.0001354107
0.9806235,0.0003787511
0.9806685,0.0003439475
0.9807588,0.000114943
0.9807765,0.0002557141
0.9808604,0.0005348242
0.9808924,0.0003822201
0.9808975,0.00011516
0.9809254,0.0003497377
0.9810051,0.0005184997
0.9810069,0.0001015626
0.9811816,0.0003109772
0.981284,0.2935576
0.9817414,0.000752693
0.9818603,0.0002643956
0.9819603,0.001727181
0.9821368,0.0001666893
0.982446,0.0002073353
0.9825354,0.000134889
0.9825889,0.0003381192
0.9826786,0.4197501
0.983129,1.853188e-05
0.983328,0.0005632727
0.9834839,0.0002746891
0.9835557,0.0001898675
0.9835615,0.0004173873
0.9836664,0.0001687266
0.983993,0.0002035829
0.9841906,0.0001758891
0.9842307,0.0006740492
0.984338,0.0001073473
0.9846856,0.0002467436
0.9848176,0.0002036033
0.9848444,0.0001177766
0.9848453,0.0002907011
0.9848938,0.0008879239
0.9849501,0.2304752
0.9849719,9.536884e-05
0.9851018,3.805898e-05
0.985246,0.0005536841
0.9861736,0.0006742014
0.9862739,0.0002339643
0.9863052,0.0004233673
0.9863879,0.0004909702
0.9864136,0.0002914791
0.9865027,0.0005126814
0.9865522,0.0003419579
0.9866413,0.0001387907
0.9870616,0.0002017034
0.9872423,0.03905856
0.987304,0.0003428676
0.9873533,0.0003829524
0.9875067,0.0001239581
0.9879497,0.0002289427
0.9888145,7.655892e-05
0.9890521,2.846531
0.9890761,0.3638722
0.9891005,0.0005179963
0.9896922,0.000254708
0.989894,0.0002764044
0.9900239,0.0001857746
0.9900356,7.05956e-05
0.9900705,0.0001859969
0.9901834,0.0007188561
0.9902883,0.0003567485
0.9904535,0.0005704732
0.9905316,0.0002409578
0.990662,0.0001366425
0.9906716,0.0002400215
0.9908699,8.935059e-05
0.9908863,2.149069
0.9913608,0.000106058
0.9914005,0.0002888769
0.9916242,0.0002683868
0.9916434,0.000229169
0.9917799,0.0001270109
0.9919475,0.0003342136
0.9922119,0.0002123018
0.9923862,0.0006964967
0.9926145,0.0004357084
0.9927281,0.450691
0.9928507,0.0002344023
0.9931166,0.0005936873
0.993767,0.0003966446
0.9939096,0.0001632545
0.993939,8.661253e-05
0.9939787,0.0001252405
0.9940258,0.00015297
0.9940773,0.0002250396
0.9941198,0.0008971959
0.9941286,1.745634
0.9942009,0.0002000939
0.9947074,0.0002323559
0.995253,0.0004546458
0.9953849,0.0006925598
0.9954957,0.0004537704
0.9955354,0.8050145
0.9958611,0.0004263216
0.9959454,0.0002621486
0.9959531,0.0002244759
0.995958,0.3876831
0.9960025,0.0003746139
0.9961604,0.0003667472
0.9963485,0.0009211656
0.9964559,0.0003451485
0.9965449,0.0003313849
0.9965571,8.443385e-05
0.9966195,7.418166e-05
0.9967874,0.0002105342
0.9969389,0.0002565238
0.9969559,0.0004629946
0.9969578,0.001187803
0.9969769,7.798e-05
0.9971253,0.0009980183
0.9972375,0.0004478627
0.997367,1.551932
0.9978625,0.0003893044
0.9979038,0.0001323165
0.9979284,0.0001056089
0.9980472,0.0004129051
0.9981052,0.0001264583
0.9981061,0.0003079467
0.9984673,0.0001094167
0.998468,8.100028e-05
0.9988154,0.0003467117
0.9988472,0.0001970648
0.9994653,0.0005546905
0.9994798,7.011274e-05
0.9996111,7.126497e-05
0.9997589,0.0006543814
1.000054,0.0001392867
1.000097,0.0002426976
1.000099,1.321761e-05
1.000116,5.318758e-05
1.00026,0.0006369764
1.000421,0.000128816
1.000557,2.341975e-05
1.001408,0.000182541
1.00141,0.0003512264
1.001454,0.0002573951
1.001474,0.005110665
1.001597,0.0005675632
1.001634,0.0002369502
1.002244,0.001637995
1.002263,0.0001960244
1.002332,4.211234e-05
1.002357,0.0003184411
1.002735,0.0006397865
1.002869,0.0002183922
1.003428,0.0002463945
1.003432,0.0004713905
1.003513,9.383675e-05
1.003668,0.0004376547
1.004159,0.0001739383
1.00416,0.0002870619
1.004397,0.0003466308
1.004547,0.0001445086
1.00462,0.0001173004
1.004644,0.0001700647
1.004699,4.912013e-05
1.004735,0.0001679724
1.004968,0.0001638669
1.005189,2.927721e-05
1.005238,0.001039567
1.005327,0.000384874
1.005393,0.0002283013
1.005509,0.0002677635
1.005678,0.0002490954
1.00576,0.0002851863
1.006075,5.180809e-05
1.006459,0.0005258939
1.006505,0.0002411989
1.006628,4.816168e-05
1.006652,0.0002989569
1.006682,5.924374e-05
1.0068,0.0001236345
1.00729,0.0003147695
1.007826,0.0001682048
1.007876,8.169144e-05
1.008619,0.0001373534
1.00864,7.348927e-05
1.008874,0.5465582
1.009127,0.000351625
1.009189,0.000136763
1.009338,0.0005615688
1.009555,0.0001054807
1.009832,0.000226725
1.009859,0.0002207571
1.009897,0.0001729682
1.010093,0.0003684452
1.010211,0.0005392351
1.010581,0.0002310485
1.010613,0.0007416378
1.010767,0.0003106409
1.010805,0.0001066224
1.011176,0.0003357804
1.011494,0.0005240108
1.01155,0.001506849
1.011755,9.763854e-05
1.011922,0.0002807567
1.012108,0.0001138593
1.012146,0.0001220294
1.012301,0.0001091144
1.012548,0.0001035675
1.012594,0.0001472681
1.01266,0.0001213408
1.012794,0.0002069994
1.01285,0.0001396562
1.012971,5.569807e-05
1.013064,0.0001373919
1.01321,0.0002405899
1.013287,0.0003580026
1.014741,0.0004628535
1.015083,0.0001454772
1.015283,0.0002253065
1.015302,0.0004071291
1.015354,0.3811409
1.015989,0.0001914555
1.01621,0.0003220499
1.016258,0.0002415079
1.016485,0.0001285131
1.016568,0.0001469248
1.016684,0.0002061448
1.017143,0.0004599963
1.017342,0.0001810467
1.017365,0.000175585
1.017418,0.0001383494
1.017437,0.0003693835
1.01761,0.000280779
1.017971,0.0002232258
1.018072,0.0002270285
1.018239,0.0001755432
1.018303,0.0005627258
1.018624,0.0004054444
1.018653,0.0002370326
1.018706,0.0006237119
1.018761,0.0004397117
1.018825,0.0002576894
1.01885,0.0003061029
1.018887,0.0002098613
1.018999,0.00116808
1.019252,0.0003623705
1.019746,6.014524e-05
1.019781,0.0001983515
1.019783,0.000134021
1.019834,0.0006511086
1.019894,0.001095021
1.019909,0.0003285785
1.020028,3.366998e-05
1.020374,0.0001722272
1.020492,0.000405617
1.020611,9.734817e-05
1.020768,0.0004283879
1.020898,0.000237578
1.020927,0.1093804
1.02133,0.000492812
1.021406,0.0005756916
1.021442,7.933565e-05
1.021574,0.000439714
1.02196,0.0001508273
1.022116,0.0003921326
1.02228,0.000141077
1.022308,0.0007576714
1.022331,2.913521e-05
1.022334,2.830495e-05
1.022384,0.0004102896
1.022827,7.776912e-05
1.023051,0.0001064526
1.023161,0.0002324587
1.023424,0.0008360431
1.023445,0.000181154
1.023829,0.0001033792
1.023947,0.0004155527
1.024599,5.076069e-05
1.024781,0.0002158071
1.02492,0.0001806171
1.024939,0.00102005
1.025104,7.906219e-05
1.025197,0.0002450837
1.025214,0.000266096
1.025469,0.0003597734
1.025605,0.0001259385
1.025832,0.0002047403
1.025882,0.0002358362
1.026041,2.160423
1.026213,0.0001154337
1.02642,0.0003535186
1.026498,0.0001149789
1.02652,0.0002106673
1.02655,0.0002869056
1.026735,0.000283943
1.027426,1.057657
1.027464,2.371087
1.027593,5.994242e-05
1.027636,0.0001739819
1.027808,0.0006428835
1.027864,7.349817e-05
1.027912,0.000238841
1.028031,0.001362182
1.028038,0.0003766876
1.028187,9.089092e-05
1.028211,0.0002231968
1.028278,0.0005564246
1.028343,8.419764e-05
1.028405,0.001245618
1.028839,0.1310155
1.029158,0.0004076603
1.029202,0.0001259749
1.029316,0.0004724889
1.029348,6.677102e-05
1.029403,0.0001093653
1.0295,0.0002670006
1.029654,0.0001013104
1.029693,0.0001176169
1.029874,0.0002638546
1.029945,0.0003103204
1.029995,0.0003342502
1.031121,0.000193645
1.031372,0.001138549
1.031595,0.0005667464
1.031665,0.2248898
1.031708,0.0003137433
1.031829,0.0005038522
1.032073,0.0005414786
1.032255,0.0004226189
1.032354,0.0002093338
1.032389,0.0004253878
1.032878,0.0001937309
1.03299,0.0001330462
1.033101,0.0001464071
1.033608,0.0001053962
1.033753,0.001460696
1.033779,0.0002317995
1.034271,7.484879e-05
1.034494,2.349947
1.034848,0.0002888768
1.034929,0.3478573
1.035049,0.0002386297
1.035236,0.000627322
1.035278,0.0007204958
1.035289,0.0002849901
1.03541,1.200128
1.035474,0.0001941057
1.035495,0.0002483042
1.035517,0.0001946323
1.036038,0.0002932592
1.036291,3.724267
1.036316,0.0002520955
1.036413,0.0005135884
1.036768,4.150625e-05
1.037129,0.0004545527
1.037434,0.0002710669
1.037731,0.0007950371
1.037736,2.713415
1.03775,3.89181e-05
1.037753,0.0001811622
1.037856,0.0005227191
1.038,5.315006e-05
1.038207,0.0001167962
1.03831,0.000163945
1.038316,0.0002613809
1.03843,0.0007867359
1.038431,0.0003543243
1.038568,0.0005445831
1.038708,0.001172273
1.038728,0.0008871252
1.038752,0.0002758831
1.038939,0.0009415388
1.038968,0.0005052445
1.039153,0.07622278
1.039273,0.0003991861
1.03939,0.000420553
1.039543,0.0001540239
1.039605,2.70282e-05
1.039607,0.0001279356
1.039616,0.3126599
1.039617,0.2124394
1.039631,0.0005071221
1.039808,0.0001544419
1.03988,0.0004285466
1.039911,0.0002412437
1.039967,0.0004686038
1.040246,0.0002991912
1.04049,0.000377502
1.040541,3.315213e-05
1.040546,0.0008027296
1.040551,0.0002528562
1.040596,0.0006248445
1.040799,0.0002638607
1.040858,0.0003238938
1.040868,0.000124696
1.041017,3.873118
1.041045,0.0002373398
1.041046,3.227309
1.041053,0.0001566755
1.041263,0.001143658
1.041431,0.0006129568
1.041586,0.000231592
1.041817,0.0002593089
1.04182,0.0002461075
1.04208,0.0005237911
1.04237,0.001493829
1.042454,0.5877047
1.042464,0.0009705015
1.042469,3.53312e-05
1.042471,0.000313045
1.042676,0.0006181817
1.042752,0.0008632396
1.042868,0.0001251705
1.042877,0.0005957821
1.042906,0.3550017
1.043176,0.0006742128
1.043207,0.0002038239
1.043347,0.001973389
1.043364,8.07089e-05
1.043456,0.0002735045
1.043771,0.0001391411
1.0438,0.001169624
1.044211,0.0002698264
1.04425,0.0002020475
1.044343,0.9876499
1.044446,0.000473226
1.044472,0.0002068719
1.044747,0.0002619485
1.0448,0.09769949
1.045059,0.0008460368
1.045117,0.0006967061
1.045203,0.0002814195
1.045262,0.0002753223
1.045268,0.08101567
1.045269,2.622322e-05
1.045709,0.0005122306
1.045833,0.0005513263
1.045895,7.1971e-05
1.046216,0.7309486
1.046226,4.819645
1.046402,0.0001156577
1.046463,0.0004339312
1.046538,0.000160515
1.046663,0.0002498512
1.046677,0.0007194082
1.046701,0.0002324699
1.046802,0.0006898208
1.047133,3.670948e-05
1.04716,2.163138e-05
1.047301,0.000204372
1.047731,5.916912e-06
1.048059,0.0003660726
1.048172,0.0007723306
1.048376,0.0005017543
1.048502,0.0001195067
1.04857,0.05268468
1.048612,0.0003277282
1.048612,0.0003788256
1.048679,0.0002893961
1.048961,0.001333853
1.049015,0.0001428394
1.049017,4.71265e-05
1.04905,3.28704e-05
1.049155,0.0002434906
1.049174,0.0007664191
1.049229,0.0003658638
1.049235,0.0003172448
1.049286,0.0007730265
1.04954,0.0002947852
1.049684,0.0002507637
1.049845,0.00054428
1.049941,7.478787e-05
1.049959,0.0004154126
1.049974,1.268257
1.049993,0.1630421
1.050072,0.0003081132
1.050394,0.0005458551
1.050443,0.7111904
1.050482,0.001492963
1.050501,0.0002020092
1.050719,0.0001579979
1.050745,0.0002600437
1.051004,0.001154201
1.05106,0.001074238
1.051314,0.0008852083
1.051442,0.0003540396
1.051556,0.0002136571
1.051639,0.0009267628
1.052049,0.0004020877
1.052235,0.0002011175
1.052238,7.636877e-05
1.052333,1.508612e-05
1.052547,0.001314368
1.052615,0.0007814069
1.052732,0.0001181672
1.052754,0.0007697871
1.052816,0.001125557
1.05284,0.0001885599
1.053084,0.0001672563
1.053373,0.0003398429
1.05373,2.045095
1.053779,3.030739
1.053823,0.0002225099
1.053828,0.0002758786
1.053894,0.0009504154
1.054024,0.0005596135
1.05488,0.0002482163
1.055587,0.0002100457
1.055665,0.1345799
1.055665,1.360049
1.055725,0.0003564183
1.055776,0.000150433
1.055983,0.0001870952
1.056104,0.0003366167
1.056149,0.0008726153
1.05622,0.0001724556
1.056534,0.0002064406
1.056669,0.0002279522
1.0568,0.0002878468
1.057044,0.0001336942
1.057261,0.0003833566
1.05763,0.000185007
1.057696,0.0003708812
1.057705,0.0001161422
1.057823,0.0006968178
1.05789,0.0001592879
1.058343,0.000484576
1.058474,0.0002193459
1.058703,0.0002453881
1.059022,0.0002019384
1.05911,0.0003565258
1.059111,0.000139059
1.059167,0.0002090689
1.059598,0.0001589024
1.059666,0.000955008
1.059793,0.0003659186
1.059855,0.0001593873
1.059882,0.0002535454
1.059899,3.248196e-05
1.059931,0.05854164
1.059938,0.0001591471
1.060141,0.0008308797
1.060214,0.0003438982
1.060236,0.0004098491
1.06032,0.0002177346
1.060331,0.0009690619
1.060343,0.0002743582
1.060859,0.2576418
1.060908,0.0001488205
1.061234,0.0002008186
1.06134,0.0002158002
1.061377,0.0001046504
1.061644,0.001040825
1.061656,0.000684256
1.061797,2.044351
1.061821,0.3048261
1.061822,0.0006792609
1.061947,0.0003700419
1.062118,0.0008870744
1.062133,0.0002988585
1.062506,0.0001614544
1.062771,2.647802e-05
1.062906,0.000242064
1.062997,0.0007175235
1.063048,0.0001313618
1.063236,0.3940528
1.063237,0.07244484
1.063378,0.0001791973
1.063437,0.0003225125
1.063447,0.0008632279
1.063488,0.00052216
1.063945,0.0006475721
1.064105,0.0001560428
1.064182,2.595724e-05
1.064199,0.6782784
1.064587,0.0002472318
1.06471,0.0001480006
1.064771,0.0005793315
1.065072,0.0001756446
1.065123,0.9024239
1.065282,0.0001462104
1.065515,0.0002353533
1.065582,6.76069e-05
1.06565,0.000716121
1.065779,0.0001404454
1.066107,0.1355583
1.066126,2.163208e-05
1.066699,0.0002660188
1.066941,0.0004859477
1.067023,0.6985245
1.067222,0.0001594368
1.067321,0.000480243
1.067456,0.0001299922
1.067522,0.323807
1.067588,0.0009019002
1.06812,0.0002355301
1.068193,0.0008869313
1.068218,0.0004882799
1.06842,0.0006318374
1.068452,0.0001185966
1.068462,0.0004629883
1.068469,0.3097332
1.068553,0.0002529386
1.068589,0.000113858
1.068801,0.0005462916
1.068885,0.000226408
1.069048,0.0004325719
1.069155,0.0002478321
1.069268,0.0006851353
1.069319,0.001322175
1.069354,0.0003299706
1.069698,0.0007652052
1.069731,0.0009281693
1.069933,0.0004438897
1.070204,0.0002287733
1.070382,0.0007584233
1.070775,0.000110551
1.070851,0.0003122008
1.071037,0.0001332776
1.071079,0.0005326042
1.07174,0.0002510362
1.071795,0.5169906
1.071829,0.0003282698
1.072281,3.508795e-05
1.072297,0.0001835463
1.072342,0.0002321531
1.072483,0.0009518883
1.072525,0.0009490902
1.072555,0.0005276789
1.072689,0.001446533
1.072691,0.0002389172
1.072716,0.0004927174
1.072773,0.0001120536
1.072899,0.0002635756
1.073063,0.0004312794
1.073243,0.006091151
1.073292,0.0001693013
1.073354,0.0006725951
1.073735,0.0006456354
1.073749,0.0003008472
1.074356,0.0006961838
1.074477,0.0001940753
1.074544,0.0003702478
1.074577,0.0005698988
1.074668,0.4881012
1.074823,0.000394056
1.074987,0.0001197855
1.075765,0.0005797436
1.076271,0.0002089025
1.076529,0.0002019616
1.076566,0.0008705275
1.076575,2.66586e-05
1.076605,3.999336e-05
1.076639,0.001328272
1.077045,3.583583e-05
1.077447,0.0008038799
1.077644,0.0004481911
1.078032,0.7034789
1.078151,0.0003689758
1.078201,0.0003077954
1.078463,0.0002594289
1.078672,0.0007484265
1.079328,0.0003032381
1.079529,0.0002805041
1.080021,0.0006823373
1.080394,0.000161352
1.080426,2.79355e-05
1.080572,0.0007014329
1.081556,0.0006446877
1.081569,0.0002817826
1.081825,0.001181363
1.082006,0.0004304411
1.08213,0.0007851624
1.082267,0.0001907691
1.082353,0.3081706
1.082486,0.001401481
1.082517,0.0002404627
1.082703,0.001465408
1.082804,1.121198
1.082848,0.0003574099
1.08319,0.0003219022
1.083755,0.0004671438
1.083816,0.0007976855
1.08428,0.0003723703
1.084648,0.01678637
1.084659,0.0001286234
1.084765,0.0001335757
1.084905,0.0002409605
1.085093,0.0005381827
1.08601,0.0005163359
1.086012,0.0006133229
1.086305,0.0002159918
1.086647,0.0005787083
1.086649,0.2727677
1.086755,0.0009819448
1.087048,0.0001983082
1.087128,0.306047
1.087297,0.0003825737
1.087312,0.001260537
1.087482,0.0004208006
1.087484,0.0009469567
1.087582,0.6043092
1.087873,0.0001231482
1.087958,7.674813e-05
1.088103,0.0005162454
1.088302,0.0001785075
1.088561,0.9811682
1.088561,0.0001261743
1.088736,0.000396693
1.089155,0.0003366214
1.089212,0.00017868
1.089356,0.0003099464
1.089826,0.000202759
1.089834,0.0001962518
1.089988,0.0002716378
1.090194,0.0002160803
1.090226,0.0002249714
1.091104,0.0007912052
1.091216,0.000482967
1.091736,0.0005115804
1.0919,0.2315249
1.091928,0.0008471801
1.091948,0.0002566692
1.0924,0.000200198
1.092614,0.0006689614
1.092921,0.9662759
1.093198,0.000337821
1.093225,0.0001369171
1.093769,0.0001785305
1.09408,0.0004943276
1.09537,0.0002764702
1.095522,0.001027346
1.095536,0.000448452
1.095538,0.0006188705
1.095559,2.030741e-05
1.095591,0.0004089445
1.095698,0.0009292914
1.095704,0.0003519411
1.095985,0.0006290806
1.09607,0.0003654375
1.096184,0.0002130315
1.096373,0.0002505878
1.096732,0.0007705638
1.096753,0.0004983676
1.097103,0.0003427355
1.097251,0.0004069287
1.097271,0.06828909
1.098134,0.001553866
1.098473,0.0002007391
1.099055,0.0003286889
1.099133,0.0001207039
1.099343,0.0003898562
1.099373,0.0006556215
1.099523,5.889004e-05
1.099717,0.0003994433
1.100141,3.280814e-05
1.100424,0.0001795178
1.100544,0.0006023988
1.100614,0.0003184422
1.100742,0.0002002236
1.100888,0.0002004591
1.101141,0.0004606899
1.101226,0.0004604821
1.101308,0.0001095901
1.10149,0.0001077892
1.10161,0.0003661362
1.10216,0.0003698438
1.102356,0.0002452807
1.102673,0.0001430972
1.103181,0.0006121897
1.103251,0.001229447
1.103348,0.0002508514
1.103764,0.0006394691
1.103914,0.0002203633
1.104016,0.2393491
1.104474,4.882167e-05
1.104557,0.0006700994
1.104564,0.0005308556
1.104631,0.0002186525
1.104636,0.0004268466
1.105087,0.0002817344
1.105529,0.0002533376
1.105609,0.0004350172
1.105916,0.0001876677
1.105918,7.110577e-05
1.105968,0.001304826
1.106454,0.001335285
1.106514,0.0005711549
1.106537,0.000812019
1.107557,0.0002216849
1.107962,0.0005789454
1.108799,0.0008320242
1.108939,0.0002593615
1.108985,0.0003326649
1.109065,0.0002078112
1.109085,0.001515562
1.109678,6.601715e-05
1.10974,0.0001500039
1.110337,0.0005069036
1.110347,1.844251
1.110467,0.000212263
1.110781,0.0002119481
1.110821,0.0003764798
1.110837,0.0002465735
1.110955,0.0002511948
1.111755,0.4309529
1.112259,0.0001135768
1.112273,0.001201419
1.112304,1.631485
1.112491,0.0003101723
1.1127,0.0004023904
1.113287,0.0006644806
1.113315,0.0002555578
1.11374,1.850318e-05
1.114702,0.000484389
1.114732,1.255563
1.115658,0.0005628277
1.115679,0.08706413
1.115938,0.0001772126
1.117186,0.396376
1.117498,0.0006918227
1.117549,0.0008105155
1.117893,0.0004646776
1.118059,0.0001990907
1.118099,0.0004898388
1.118199,0.0001464388
1.118443,0.0005911859
1.118608,0.0002221639
1.118794,0.0006867056
1.118842,0.0001784163
1.119494,8.191735e-05
1.119525,0.0004254698
1.119568,1.590249
1.119645,3.036761e-05
1.120001,0.000518897
1.120131,0.0003334782
1.120327,0.0001270976
1.120327,0.0006215347
1.120744,0.0001517897
1.120796,0.000226627
1.120817,0.0003707739
1.121123,0.0001766383
1.12117,0.0007385454
1.122257,0.0009509815
1.123027,0.000354628
1.123226,0.0007433084
1.123628,0.0002135167
1.12366,0.0001808683
1.123927,0.000402051
1.124157,0.001288636
1.124579,0.0005274598
1.124586,0.0003609892
1.124854,0.0006630148
1.124925,4.918309
1.124934,0.0003354129
1.124972,2.998914e-05
1.125424,2.45752
1.125585,0.0003166011
1.125628,0.0008269821
1.12587,0.0003905299
1.126602,0.0001599724
1.126705,0.0001481216
1.126845,0.0003108801
1.126877,4.215373e-05
1.126926,0.4774408
1.127414,0.09221827
1.127531,0.000941458
1.128102,0.0001230882
1.128343,4.068923
1.128522,0.000126409
1.128715,0.0004017442
1.128945,0.0003525944
1.129387,0.0005395645
1.129669,0.0004154017
1.129836,0.0002804668
1.129845,0.0006076141
1.129876,4.824427e-05
1.130147,0.0003976668
1.130737,0.0002805795
1.130995,0.0003083074
1.131276,5.845441e-05
1.131314,0.03509541
1.131369,0.0002948492
1.131373,0.001425946
1.131462,0.0003012283
1.131667,0.0002995039
1.13292,0.001115864
1.133174,0.0001863082
1.133226,0.0002602872
1.133239,5.741128e-05
1.133305,2.523119
1.133462,0.001123075
1.133538,0.0003716215
1.133708,0.0003708137
1.13374,0.001265814
1.134104,0.0002810594
1.134141,0.0001550799
1.134634,0.000897802
1.134751,0.0001937732
1.134826,0.000161714
1.135084,0.001445819
1.13522,0.0002017981
1.135262,1.076567
1.13534,0.0002457542
1.1356,0.0002945083
1.135761,0.5481381
1.135774,0.0001787812
1.136113,0.0004614975
1.136397,0.0005154402
1.136648,0.0001438979
1.136707,0.001222006
1.136829,0.000223424
1.13702,0.0004556172
1.137209,0.0004566339
1.138608,9.635152e-05
1.138823,0.001257358
1.138856,0.0001183842
1.138895,0.0004667699
1.139012,0.0002554071
1.139079,0.0004638619
1.140185,0.2176194
1.14023,0.0005455941
1.140985,0.0009460591
1.141204,0.0002513845
1.141207,0.001919665
1.141717,0.0003892005
1.141795,0.0002205357
1.142012,0.000787888
1.142142,0.0003415251
1.142161,0.7786207
1.142245,0.0008538854
1.142653,0.0001864807
1.142663,0.0004710823
1.143135,0.0004875888
1.143706,0.0004276224
1.143736,0.0005143981
1.143915,0.0008104538
1.144094,0.0008012505
1.144265,0.0001850855
1.14452,0.0004681395
1.144575,0.0002576989
1.144944,0.0005298484
1.145088,3.203005e-05
1.145213,0.0004976336
1.145393,0.0007495629
1.145581,0.001191071
1.14614,0.0006666942
1.146282,0.000933593
1.146346,0.001061258
1.146347,0.0002796016
1.146491,0.0003643111
1.146584,2.028867
1.146594,0.02471317
1.146681,0.0004929445
1.146861,0.0004209719
1.147421,0.0002294266
1.147582,0.1448443
1.147651,0.0006803779
1.148142,0.0005066641
1.148816,0.0004378926
1.148842,0.0002228196
1.148926,0.0003811337
1.149073,0.1857232
1.149172,0.0009874763
1.149502,0.001711541
1.149651,0.0001803506
1.149739,0.0002474901
1.149978,0.0003853717
1.150179,0.0002987573
1.150443,0.0001609785
1.150449,0.000764536
1.15056,0.0003943744
1.150583,3.700956
1.151055,0.06678105
1.151078,3.304066
1.151235,0.0005476796
1.15139,0.0003812272
1.151469,0.0003276023
1.151538,0.2151691
1.151706,0.0002622899
1.15207,0.0003207169
1.152271,0.0009096328
1.152723,0.0002375118
1.152839,0.001053129
1.153575,0.000386332
1.153576,0.0002387013
1.153674,0.000474912
1.15388,0.001085555
1.154548,0.0006443691
1.154818,0.0003554139
1.154842,0.000576761
1.155495,0.0003276399
1.155816,0.0001812469
1.156046,0.0007308371
1.156062,4.045052e-06
1.156153,0.0001344667
1.156218,0.0003334888
1.156344,0.0009936783
1.156397,0.0002121877
1.156454,0.000151353
1.156454,0.0002001875
1.156535,0.0005142741
1.156547,0.0006119436
1.156776,0.0003276077
1.156878,0.0002418619
1.156888,0.0002938627
1.156961,0.0003466014
1.157002,0.0002607961
1.157091,0.0003607327
1.157304,0.0005256265
1.157505,0.0008789545
1.157818,0.0005378
1.158008,2.70829e-05
1.158436,0.0001827725
1.158496,0.4480538
1.158499,0.4825266
1.158559,0.0006519753
1.158856,0.0007893558
1.159053,0.0002700832
1.159433,3.573852
1.159485,4.093242e-05
1.159695,0.0002526339
1.159847,0.0002770397
1.159852,0.0001985128
1.159948,0.0002568823
1.16019,0.0003118509
1.160456,2.100136
1.160829,0.0007277752
1.160906,0.2525146
1.160952,2.97874
1.161196,0.0004384553
1.16125,0.0003448041
1.161556,0.000230016
1.161796,0.0003799825
1.162042,0.0004967323
1.162043,0.0008108529
1.162344,0.0006177251
1.162444,4.130272e-05
1.162478,0.3439968
1.162677,0.0004225779
1.162851,0.0002004032
1.162859,0.0002166127
1.162988,3.530317e-05
1.163046,0.001439186
1.163449,2.432368
1.163912,8.765574e-05
1.163974,0.0001508825
1.164155,0.0008323938
1.164171,0.0002161037
1.164357,0.0002627762
1.164513,0.000689041
1.164677,0.0002884461
1.164679,0.0005881319
1.164716,0.0003389829
1.164938,0.0002700423
1.165302,9.469234e-05
1.165938,3.139981e-05
1.165971,0.0005309468
1.166393,0.0003744142
1.166518,0.000449166
1.166776,0.0006998328
1.166828,0.001071085
1.166863,0.0001660758
1.166917,0.0951182
1.167149,8.995947e-05
1.168425,3.87799e-05
1.168464,0.0001229817
1.168538,4.074326
1.168655,0.0006275694
1.168736,0.0005340295
1.168852,0.0001668309
1.168929,0.856832
1.168944,0.4665106
1.169066,0.0001599713
1.169458,1.225538
1.169785,0.0004627304
1.170297,0.0006621082
1.170353,0.0002306575
1.17062,0.001307894
1.170664,9.428219e-05
1.170699,0.0004604202
1.170904,0.0005465178
1.171051,0.0007919038
1.171344,0.0003192463
1.171691,0.0008004759
1.172163,0.0002739465
1.172365,0.0004812501
1.172723,0.00151331
1.172871,0.00018401
1.172891,0.0002291256
1.172951,0.2011703
1.173174,0.0006186074
1.173445,0.0002482773
1.173453,0.155619
1.173985,0.0002119208
1.174403,0.0002458557
1.174452,0.01686506
1.174566,0.0002198522
1.174636,0.0004819417
1.174641,0.0002287744
1.174686,0.0008195985
1.174693,0.000253422
1.174918,0.2259186
1.174944,0.6144719
1.175013,0.0008415258
1.17531,0.0007709977
1.175457,0.001225657
1.175967,1.403874
1.176068,0.0004160284
1.176255,0.0002532816
1.176281,0.0003903845
1.176444,0.1959674
1.176452,0.01877837
1.176619,0.002977447
1.177061,0.000271176
1.177069,0.0005825676
1.177243,0.0003061854
1.177431,4.775465e-05
1.177452,0.000805745
1.17777,0.0004953808
1.177824,0.0005785839
1.177846,0.0006697573
1.178163,0.0005385548
1.178223,0.0003400728
1.178244,0.000319408
1.178262,0.0008677526
1.178468,0.0001889835
1.17848,2.200275
1.178498,0.0001335229
1.178668,0.0009116777
1.178925,0.0001873749
1.17896,3.991312e-05
1.17899,0.0003639814
1.179003,0.000239423
1.179051,0.0003212007
1.179238,0.001122371
1.179675,0.0003950441
1.179969,0.0007063205
1.18021,0.0002414885
1.180418,0.0002350725
1.180469,0.02324398
1.180491,1.413034
1.180571,0.0003763866
1.180613,0.0001922555
1.180962,3.00929e-05
1.18107,0.0002541216
1.181213,0.0005779768
1.181255,0.0008089668
1.181359,0.0002133869
1.181391,0.0003907499
1.181513,0.0002050202
1.181756,0.0004015063
1.181804,0.0003177639
1.181985,0.0004839757
1.181999,2.686765
1.182621,0.0003336002
1.182678,0.0001911766
1.18271,0.000237108
1.182958,1.81876
1.183027,0.0002489918
1.183118,0.0003859145
1.183254,0.0005510254
1.183489,0.0002109761
1.18349,0.0005153345
1.183647,0.0004626198
1.183656,0.0005305374
1.184042,0.0002523446
1.184239,0.0004929912
1.184486,0.4035188
1.184596,0.0006257382
1.184828,0.0003803998
1.18491,0.0008307408
1.18497,2.454952
1.184986,0.1022499
1.185006,0.0008983394
1.185108,0.0003690351
1.185389,0.0005056988
1.185563,0.0006929999
1.185678,0.000232366
1.18604,0.0004782658
1.18673,0.0003747547
1.187006,0.0002015335
1.187134,0.001865928
1.187341,0.0009320419
1.18735,0.0003633464
1.187511,0.0005918146
1.187583,0.0003217183
1.187836,0.0008737815
1.187908,0.0003463459
1.187917,0.0004072239
1.18889,0.0009577544
1.188916,0.0001701385
1.188923,0.000289592
1.189055,0.0002797159
1.18939,0.0002418778
1.189495,0.0002332616
1.189617,0.0001756745
1.190423,0.0003029578
1.190545,0.3284501
1.190667,0.0001697957
1.190897,0.0005801385
1.190922,0.0004709932
1.190934,0.0006953762
1.19101,0.0005185178
1.191231,0.0002387117
1.191291,0.0003808707
1.191441,0.000414865
1.191474,7.925044e-05
1.191512,0.0005789919
1.191706,0.0004083673
1.191817,0.001038368
1.191934,0.0001862088
1.191976,0.0007214034
1.192224,0.0005020899
1.192252,0.0001823472
1.192449,0.0009356603
1.192825,0.000974996
1.193125,0.0006349318
1.193561,0.001070593
1.193766,0.0002736641
1.194034,0.000271988
1.194304,0.0002547108
1.194458,0.0001857085
1.195027,0.0002478855
1.195048,2.751548
1.195079,7.339479e-05
1.195096,0.000147157
1.195125,0.0002384451
1.195129,0.0006511785
1.19514,0.0006551499
1.195265,0.000298347
1.195966,0.0004167773
1.196074,3.953518e-05
1.196143,0.0001939291
1.196333,0.0003142713
1.196605,0.0004202472
1.196607,0.312982
1.196732,0.0001979511
1.196766,0.0004776041
1.196972,0.0005219005
1.197115,0.0002838165
1.197319,0.0006983219
1.198002,0.0001324058
1.198306,0.0004609695
1.198448,0.0006246495
1.198983,5.784048e-05
1.199033,0.0007612868
1.199134,2.955717e-05
1.199142,0.0002149819
1.19924,0.0005123815
1.199273,0.0004449781
1.199852,0.0003426515
1.200232,0.0002266524
1.200363,0.0004042141
1.200377,0.0005260711
1.200391,0.0008980334
1.200465,0.0003607869
1.200526,0.0002493997
1.20061,2.726096
1.200719,0.0006691451
1.200918,0.0005144188
1.200943,0.0006541279
1.200977,0.0008311674
1.201189,0.0003974612
1.201553,0.001262857
1.20204,0.000189834
1.202216,0.0003054439
1.202486,0.0003387301
1.202551,0.0002304298
1.202633,0.0002169483
1.202695,2.765533
1.202975,0.0004138223
1.202981,0.0007244039
1.203056,0.0001930678
1.20343,0.0006978341
1.204167,0.000413664
1.204219,0.0004232218
1.204477,0.0002945065
1.204707,2.740856e-05
1.205165,4.848541e-05
1.205473,0.0002452362
1.205548,0.000233502
1.206375,0.0007184884
1.206823,0.001063813
1.207083,0.0006031334
1.207243,0.0590089
1.207628,0.000797699
1.208163,0.0003381557
1.208269,3.566246e-05
1.208523,0.0003067997
1.208669,0.0001852059
1.209164,0.0004546093
1.209292,0.9334165
1.209561,0.0004899378
1.210179,0.0001843259
1.210696,4.642552
1.211811,0.0002117081
1.211896,0.000996646
1.211901,0.001097801
1.212353,0.0004703888
1.212451,0.0008734534
1.212511,0.0004095854
1.21279,0.000491315
1.212948,0.0003081376
1.213156,0.0002434506
1.21333,0.0003244562
1.213357,0.2385057
1.213509,0.0003561681
1.213613,0.0001074925
1.213782,0.0006143873
1.213858,0.01165087
1.214255,0.000466731
1.214589,0.001041088
1.214894,1.899147
1.214937,0.0006639811
1.215159,0.0003556308
1.215421,5.099743e-05
1.215439,0.0002389931
1.215852,0.000352832
1.215994,0.000456048
1.21648,0.000329229
1.216545,0.0003127812
1.216775,0.0008365035
1.217015,0.0002425607
1.217277,0.00146354
1.217492,0.0003281682
1.217499,0.000686391
1.21798,6.618098e-05
1.218923,0.0005828381
1.218975,0.5328017
1.219029,0.0008197378
1.219121,0.001388383
1.219235,0.0006310839
1.219319,0.000305797
1.219423,0.0009572928
1.219691,0.0003107691
1.220043,7.48692e-05
1.220152,0.000342623
1.220424,0.0001711518
1.220486,0.001018258
1.220544,5.214559e-05
1.220619,0.0003081064
1.221003,1.469849
1.221232,0.0005308357
1.221394,0.001048102
1.221482,0.0003114472
1.221715,0.00125904
1.221916,0.0005202402
1.221977,3.779786
1.22198,0.000352002
1.222183,0.0003505806
1.222426,0.0005733831
1.22253,0.001870688
1.222554,1.20644
1.223455,0.0003273614
1.223471,0.0005809629
1.223704,0.0009903957
1.223732,0.0002881158
1.223767,0.0002248614
1.223774,0.000683233
1.223979,0.0006000157
1.224558,0.0006633824
1.224652,0.0003444831
1.224658,0.0005149226
1.225056,0.0004524067
1.225078,4.487456e-05
1.22511,0.3338119
1.225422,0.0003039272
1.225448,0.0007113058
1.22552,0.0005070565
1.225585,4.164059e-05
1.225685,0.0001889695
1.226188,0.0007577944
1.226495,0.0006392931
1.226563,0.0008381317
1.226742,0.001604769
1.227132,4.394498e-05
1.22764,0.0009895886
1.227666,0.07620204
1.227822,0.0007339885
1.227968,0.0008379165
1.228105,0.0001254065
1.228731,1.667414
1.228816,0.00044272
1.228825,0.0002371004
1.229231,3.943271e-05
1.229236,0.0001975602
1.229343,0.0003002044
1.229556,0.0007301531
1.229576,0.001561122
1.229659,0.0002597446
1.230026,0.0007115424
1.230223,2.014593
1.230232,0.03693807
1.230419,0.000232364
1.230895,0.0002268837
1.230924,0.001025827
1.231138,0.000490297
1.231491,0.0004363417
1.2315,0.0003528242
1.231531,0.0001673745
1.231665,0.000243818
1.231789,0.0001137048
1.232176,0.0004579973
1.232319,0.0001689524
1.232693,0.0005211442
1.233074,0.0001392108
1.233582,0.0001965656
1.234042,0.0003101067
1.234279,0.0003039216
1.234442,0.000257921
1.234507,0.0003616901
1.234998,0.0003749395
1.235064,0.0002271289
1.235641,0.0006094878
1.236647,0.001487431
1.236971,0.0006320251
1.237367,0.0003822822
1.237437,0.1989278
1.237644,0.0001972587
1.23774,0.001345221
1.237942,0.266181
1.238012,6.446054e-05
1.238478,1.470512
1.238746,0.0007621542
1.23877,0.0004799594
1.239137,0.001348395
1.239438,0.0003372861
1.239515,0.260276
1.239695,0.0007117231
1.239952,0.000311535
1.240027,0.1915145
1.240925,0.0003843601
1.241486,0.0004907324
1.241551,0.001710088
1.241572,2.588999
1.241744,0.0002843157
1.241897,0.0002088587
1.242049,0.08018574
1.242782,0.0004534758
1.24289,0.0002725902
1.24345,0.000825171
1.243566,0.0001937755
1.243593,1.407458
1.243643,1.071508
1.244104,0.000623176
1.244114,0.3898964
1.244167,1.118285
1.244346,0.000324185
1.244416,0.0002406694
1.244628,0.0009361088
1.245624,0.0003499549
1.245693,0.0007005693
1.245752,0.000198682
1.245848,0.0005162572
1.245888,0.0004851592
1.246323,0.0002199841
1.246588,9.100703e-05
1.24664,0.0002785902
1.246709,0.8776298
1.246798,0.0001949672
1.247267,0.0002776193
1.248529,0.0006372315
1.248654,0.000322225
1.248822,0.01760039
1.249303,0.8988697
1.249726,0.000722782
1.249812,4.079187e-05
1.249859,1.338204
1.249864,2.367476
1.249934,0.0003794191
1.250182,0.000615034
1.250249,0.0001788035
1.250349,0.0001712992
1.250367,0.0002538028
1.250491,0.0007565829
1.250737,0.0004136713
1.250871,0.3222102
1.250877,1.09298
1.250914,0.0003515456
1.251176,0.0005109827
1.251476,0.03569651
1.251583,0.001023729
1.25188,0.0005470873
1.252106,0.0002821501
1.252228,0.0002089857
1.25232,0.0004784584
1.252402,0.1347319
1.252547,0.001074709
1.252724,0.0007261167
1.252859,0.0002755453
1.252948,0.0004471701
1.252956,0.2359433
1.253083,0.000584002
1.253296,0.0009665391
1.253465,0.6225162
1.253594,0.0006068049
1.2539,0.0005835021
1.25413,0.0004184208
1.254489,0.0385467
1.254492,0.06420936
1.254493,0.2814754
1.25501,3.007738e-05
1.255279,0.0009656393
1.255539,0.006549704
1.255859,0.0003353649
1.255927,0.0002254064
1.256002,0.0002310444
1.256033,0.0002055037
1.256042,5.907705e-05
1.256088,0.001254183
1.256245,0.0006121842
1.256385,0.0005740814
1.256571,0.000653094
1.256994,0.001413565
1.257118,0.0005575287
1.257246,0.0002460426
1.25755,0.0005796347
1.257628,3.329793e-05
1.257836,0.001048217
1.257916,0.0002062048
1.257947,0.000198282
1.257948,0.0005705783
1.258144,1.773216
1.258304,0.00126183
1.258808,0.0006389222
1.258822,0.0006116615
1.258999,0.0008025701
1.259118,0.0001762476
1.259651,0.001021514
1.260234,1.097583
1.260337,0.0002806209
1.260743,0.7441639
1.260809,0.0002410667
1.262182,0.0002299197
1.262246,0.0007218623
1.262589,6.873375e-05
1.262794,4.292234
1.263011,0.0004607263
1.263059,0.0008856782
1.26336,0.0003231238
1.263361,0.5763532
1.263497,0.0004407988
1.263618,0.0006757437
1.263831,0.0003013229
1.26393,0.003948254
1.264384,0.004773133
1.264392,2.946897e-05
1.264879,2.077203
1.26535,0.00118128
1.266054,0.0008956758
1.266088,0.000410185
1.266226,0.0005635324
1.266409,0.0004377018
1.266501,2.761546e-05
1.266513,0.0003288761
1.266556,0.0001495711
1.266979,1.405393
1.266982,0.0002675505
1.267123,0.000225818
1.267304,0.0003239972
1.267686,0.0007782059
1.267855,0.000419906
1.268564,0.1803452
1.268601,0.0005554063
1.268773,0.0003825379
1.268802,0.0008023702
1.268817,0.0002318344
1.26882,0.0008837708
1.269056,0.02227421
1.269072,2.806436e-05
1.269141,0.0006067555
1.269619,0.0003511081
1.2706,3.36686
1.270709,0.0006756973
1.270802,0.001100999
1.270813,0.0007454834
1.271116,4.33705
1.271125,6.82656e-05
1.271163,0.1712344
1.271524,0.0004737029
1.271653,0.0009399199
1.271822,0.0004645686
1.271876,0.0002211786
1.272125,0.0004984498
1.272225,3.885608e-05
1.272236,4.024742
1.272255,0.0002356791
1.272346,0.0002291927
1.272406,0.0006890139
1.272519,0.0004174029
1.272541,0.0002369692
1.273047,0.0001817936
1.273163,0.0004904829
1.273227,0.0004586848
1.273241,2.951273e-05
1.273727,0.0003219166
1.273789,0.03210577
1.273923,0.000384652
1.273986,0.0004433036
1.274213,0.0008863502
1.274351,5.752928e-05
1.274502,0.000246534
1.274659,0.0004968249
1.274718,0.0003113446
1.27478,0.0007578898
1.274845,0.3084804
1.274988,0.0006021179
1.275093,0.0001614533
1.275195,0.0009511127
1.2759,1.650684
1.276045,0.0003857809
1.2766,0.0003656939
1.276849,0.000337444
1.276855,0.0002647448
1.277199,0.0003880337
1.277402,0.0002609138
1.277409,4.657441e-05
1.277476,0.0002773489
1.277996,0.0002308571
1.278132,0.0002716455
1.278309,0.0008101554
1.278412,0.0007765828
1.279532,0.0007103963
1.279612,0.0004428227
1.279623,0.0006430668
1.2797,0.0004251403
1.279852,0.0008488126
1.280303,0.000272827
1.280481,1.398824e-05
1.280551,0.0003209088
1.280565,0.0006136787
1.280587,0.0004267167
1.280604,0.03508166
1.28061,3.163418e-05
1.280625,0.00095062
1.280686,0.0003120363
1.280865,0.0003239212
1.28104,0.0002070276
1.281054,0.0003861793
1.281103,0.0001951689
1.281116,1.542811
1.281139,0.5949742
1.281165,0.0002331331
1.28117,5.334982e-05
1.281747,0.0003266806
1.282013,0.0004677851
1.282172,1.846663
1.282191,0.0006940586
1.282718,0.0002779085
1.282834,0.0003153786
1.282959,0.0004995675
1.283167,0.0001917231
1.283256,0.000521964
1.283395,0.0001240227
1.283516,6.195601e-05
1.283693,0.0001457367
1.283719,1.959105
1.283774,2.179419
1.28401,0.0001737144
1.284103,0.0003880789
1.284114,0.001251471
1.284437,0.0002585309
1.284711,0.001481779
1.284757,0.0001746367
1.284777,0.0002877927
1.284815,0.4119155
1.285458,0.0002011781
1.285625,0.0008767226
1.285974,0.0005454659
1.286285,0.001546764
1.286414,3.47869e-05
1.286651,0.0006481211
1.286731,0.0006086006
1.287168,0.0003346016
1.287178,3.8969e-05
1.28738,0.0007741437
1.287816,0.0002658574
1.288206,0.000663436
1.28826,0.001609646
1.288289,0.0002932989
1.288498,0.0004143692
1.288738,0.0003682892
1.288802,0.0006547456
1.289001,0.00156417
1.289206,0.0004804782
1.289779,0.0002833279
1.28995,0.0002866703
1.290335,0.0008810623
1.290891,0.0004539915
1.290911,0.0005598323
1.291142,0.1987959
1.291257,0.001888133
1.291392,0.0003686355
1.291543,0.001364202
1.291584,0.0005274367
1.29166,0.04173413
1.291916,0.0002998143
1.292733,2.99196
1.293185,0.0001560582
1.293233,1.180723
1.293554,0.0005596679
1.293562,0.0001902734
1.293614,0.002207242
1.293768,0.04592182
1.294748,0.001786041
1.294783,0.0002791443
1.294821,0.001053483
1.295087,0.000644235
1.295441,0.0002380757
1.295853,0.0005650289
1.295931,7.706277e-05
1.29605,0.0002040527
1.296631,0.0003840447
1.296791,0.0005412038
1.29683,0.000627881
1.297148,0.000912188
1.29725,0.0006164933
1.297467,0.001704215
1.297489,0.0004347177
1.298009,2.667429e-05
1.298118,0.0002854584
1.298545,0.001451934
1.298632,0.0002298099
1.298811,0.0006574954
1.299041,1.180239
1.299065,0.0001896288
1.299123,0.001223675
1.299331,0.0002779348
1.299418,0.0006268542
1.299758,0.001057815
1.300139,0.0003878074
1.300215,0.0001767615
1.30051,0.0002211821
1.300654,0.3626269
1.301219,2.313212
1.301283,0.0002626163
1.301287,1.258653e-06
1.301317,0.0004261778
1.301576,0.0004792284
1.301653,0.000361869
1.301704,0.0005454247
1.30204,0.0004406179
1.302604,0.0006115292
1.302956,0.0008543509
1.303435,0.000501307
1.303439,0.0004390222
1.303537,0.0004665992
1.303571,0.001217496
1.303958,0.0008552494
1.304092,0.0004924181
1.304836,0.0004945909
1.304867,0.00052284
1.304885,0.0006273091
1.305124,0.0008324513
1.305125,0.000740787
1.305879,0.0002719176
1.305944,0.3833441
1.305993,0.0003949989
1.306328,0.0008424462
1.306337,0.0003074131
1.306344,0.0006212326
1.306495,0.8668401
1.306529,0.001178926
1.306917,0.0003266699
1.307209,0.000792275
1.307552,3.871004e-05
1.307617,0.0004390737
1.307973,0.004580149
1.308043,1.839954
1.308074,0.1749224
1.308433,0.0003041304
1.308584,0.0001371168
1.308641,0.001055686
1.308872,0.0002763196
1.308912,0.0005992011
1.308929,0.0006955948
1.309192,0.0007439812
1.309339,0.0003325967
1.310246,0.0005436792
1.311036,0.0009019995
1.311287,6.643777e-05
1.311556,0.00116526
1.311801,0.1411925
1.312076,0.0001416315
1.312333,2.409731e-05
1.312878,0.2177687
1.312893,1.968488
1.312961,0.0005149496
1.312969,0.0007641131
1.31307,0.0004705904
1.313912,0.0004487946
1.314802,0.0002548237
1.314978,0.0002306328
1.315114,0.0007204351
1.315156,0.0002661758
1.315582,4.737473
1.315592,0.000344538
1.315809,0.0004305147
1.315889,0.001172647
1.316007,0.0007050402
1.31617,0.0003266369
1.316826,0.00185176
1.316978,0.0008649315
1.318111,0.0005876963
1.318219,0.001029657
1.318879,0.0001822224
1.319007,0.0005464488
1.319227,0.0003478997
1.319288,0.0007260436
1.319342,0.001506691
1.319488,0.001844385
1.319746,0.0007215972
1.319909,0.0006752104
1.3202,0.0002282106
1.320379,0.0006881753
1.320667,0.0003188183
1.320825,0.000664664
1.321047,0.0007180453
1.321333,0.00133492
1.321401,0.0001399436
1.321916,0.7068085
1.322473,0.0334182
1.322507,0.5301768
1.322807,0.0006128665
1.322823,0.0002978948
1.323377,0.0008169388
1.323717,0.0008014139
1.323844,0.001234822
1.324039,0.001796914
1.324124,0.0002705023
1.324358,0.001030725
1.324498,0.00170871
1.324815,0.001529626
1.324851,0.0008964457
1.324914,0.0007421835
1.325135,0.0003928285
1.325158,3.766447e-05
1.325158,0.0004671415
1.325202,0.0006610567
1.325202,0.0005185654
1.325209,0.0004139021
1.325424,0.000535111
1.325534,0.001316957
1.325781,0.0002197144
1.325836,0.0002808135
1.325953,0.0003264958
1.326202,1.123527
1.326209,3.139641e-05
1.326225,0.3610181
1.326314,0.000623391
1.326317,0.0004156138
1.326483,0.0002718165
1.326997,0.0001675423
1.327275,2.191857e-05
1.327502,0.0006914508
1.327751,0.0003751004
1.327811,0.4283457
1.327868,0.0005319709
1.327885,0.0007601053
1.327996,0.0005058703
1.328043,0.0001204166
1.328183,0.0002285737
1.329409,0.1347444
1.329698,0.0003720235
1.33012,0.00110605
1.330309,0.00122465
1.330522,3.106546e-05
1.330755,0.0007737543
1.330982,0.0006025
1.33176,0.0005829493
1.332124,1.530242
1.33241,0.0002819821
1.332653,2.796172e-05
1.332945,0.0006537468
1.333005,0.0007293877
1.333053,0.0006251538
1.333343,0.000586295
1.33382,0.0002385026
1.333966,0.0005951399
1.334084,0.0003999544
1.334211,0.000216688
1.334238,0.0001575228
1.334861,0.0003793765
1.335146,0.0002011886
1.335221,0.0002354123
1.335371,0.0001563957
1.335397,0.0003275863
1.335899,0.0002606926
1.336383,5.274652e-06
1.336797,0.0001768413
1.336814,0.001031855
1.337041,0.0001106014
1.337043,0.0003508509
1.337085,0.0002519597
1.337169,0.0004863324
1.337333,0.0006712741
1.337592,0.0004448193
1.338134,0.0004477137
1.338582,0.7922217
1.33924,0.001617401
1.339486,0.0005853412
1.340399,0.0001591638
1.341005,0.000450743
1.341285,0.0004469467
1.341365,0.001033077
1.341794,0.0007035369
1.341895,0.0003882392
1.34261,0.000568369
1.342668,0.0005189003
1.342703,0.0003760111
1.342711,0.0001302942
1.343167,0.0005998198
1.344515,4.719339e-05
1.344764,0.0003766246
1.344944,0.00238866
1.345129,0.0002564968
1.345319,0.0002561453
1.3456,0.0001025519
1.345944,0.0002147537
1.345977,0.0002611626
1.346146,0.0008031291
1.346285,0.0007180788
1.346557,0.0004325541
1.34705,0.001164209
1.34722,1.91118
1.34723,0.0007874229
1.347748,0.0005599816
1.347754,0.0005609913
1.347888,0.0003271917
1.348062,0.0005339567
1.348213,0.0001533989
1.348297,0.0003146472
1.348308,3.547179e-05
1.349049,0.0002530828
1.349153,0.001132594
1.349491,0.001476197
1.349915,0.0002294539
1.350637,0.001498114
1.350651,0.0006901182
1.351549,5.415165e-05
1.351603,0.001826857
1.35186,0.002372802
1.352221,0.0004937336
1.352591,3.504221e-05
1.352758,0.000350382
1.353143,0.0003269272
1.353179,3.553813
1.353275,0.0008662939
1.353307,0.0005602867
1.353566,0.0001172684
1.353652,0.0003656942
1.353682,0.0007637597
1.353707,0.0002936666
1.353774,0.0001847627
1.354237,0.001143619
1.354811,5.866668e-05
1.355663,0.001036395
1.355859,0.7555776
1.355862,0.0003190903
1.35587,0.0007687032
1.355889,0.0005538436
1.356149,0.000705993
1.356157,0.0008907608
1.356432,0.001167342
1.35647,0.0005265723
1.356889,0.0003668522
1.357301,0.0008835937
1.357372,0.0007111084
1.357611,0.0003119119
1.357614,0.001034665
1.357643,0.0003584052
1.357706,0.0002241293
1.358019,0.000848129
1.358041,0.8687554
1.358379,0.0009061946
1.358581,0.8517696
1.358634,0.0004928504
1.358696,0.0002956147
1.359049,0.01493997
1.359128,0.9324149
1.359872,0.0004171803
1.360152,0.000327703
1.360743,0.3395893
1.360956,0.0005220934
1.361135,0.0003118769
1.361234,0.0005095874
1.36139,0.0004556027
1.36146,0.0002955165
1.361468,0.000327881
1.361734,0.0007496725
1.361763,0.0002425343
1.362012,0.0007374249
1.362362,0.0003315762
1.362913,1.308828
1.362951,0.0007611744
1.363007,0.0002166731
1.363068,0.0005638397
1.363973,0.000600563
1.363999,0.6977314
1.364331,0.0003727823
1.364942,0.0003780993
1.364949,0.000284109
1.366319,0.0003279459
1.366878,0.0006466653
1.366947,0.001923259
1.367002,0.0002626588
1.36716,0.000185561
1.367294,0.6159655
1.367505,0.0006898142
1.36761,0.0004894937
1.367991,0.0007960717
1.368254,0.0007066501
1.368384,1.728543
1.368503,0.0004220132
1.368558,0.0005241393
1.368643,0.0002648657
1.369148,0.0007042104
1.369321,0.0002758427
1.369394,0.0006395344
1.369492,0.0002994759
1.370107,0.0005957028
1.37017,0.001386188
1.370197,0.0003741974
1.370347,0.0003650258
1.37139,0.0006162542
1.371895,0.0009706923
1.372175,0.000483293
1.37229,0.0009893122
1.372537,0.0008524198
1.373784,0.0003019386
1.373805,4.295483e-05
1.373829,0.001017863
1.374356,0.06381477
1.374359,0.001132703
1.374763,0.0004502745
1.374768,0.0006470426
1.37492,4.215817e-05
1.375168,0.0009478004
1.376015,0.0003551522
1.376087,0.0005280495
1.377001,0.0006881246
1.377506,0.0003581751
1.378004,0.0005148269
1.378412,0.0003354426
1.378697,0.000448075
1.378902,0.002080127
1.378942,0.0005778804
1.379311,0.001285061
1.380089,0.001049144
1.380162,0.0006752541
1.380371,0.0005077028
1.38042,0.0005087803
1.380493,0.0001758799
1.380812,0.0008004158
1.380971,0.0006199429
1.381064,0.00115901
1.381167,0.001017486
1.381362,0.0006728661
1.381803,0.0007742478
1.38205,1.018563
1.382453,0.0003504312
1.382594,0.0005307166
1.383713,0.0001568571
1.383715,0.1545315
1.383953,0.001983708
1.383989,0.000389608
1.384223,3.519939e-05
1.384872,0.0003270115
1.385888,0.0002913451
1.385942,0.0003516456
1.385949,0.0003684392
1.386024,0.001362379
1.386214,0.0001054539
1.386278,0.000755919
1.386498,7.038538e-05
1.386679,0.000379223
1.38671,0.001104329
1.387038,5.458911e-05
1.387103,0.0004282288
1.387361,0.0004316089
1.387479,0.001096219
1.387555,0.8189395
1.387567,0.0004089356
1.387823,0.001338794
1.387872,0.0008372658
1.387972,0.000204793
1.388259,0.0005862573
1.38826,0.0005383869
1.388582,0.0007313803
1.389397,0.0003511828
1.389525,0.0009124049
1.389732,0.03446173
1.389808,0.0007362023
1.390101,0.0005824463
1.390282,0.001050902
1.390588,0.00071653
1.390986,0.0008206861
1.391192,0.0007390339
1.391275,0.0002805247
1.391604,0.0007204003
1.391657,0.001268871
1.391891,4.239575e-05
1.391962,1.16844
1.392207,0.0003533151
1.392484,1.323931
1.39253,0.0002596255
1.393068,0.0005925454
1.39325,0.0004722887
1.394151,0.0003680229
1.39427,0.0004452686
1.394524,0.001962166
1.394791,9.603996e-05
1.394938,0.0003838421
1.395604,0.0004087622
1.395822,0.0005023466
1.396232,0.001008466
1.396519,0.0006645423
1.397314,0.000955353
1.397737,0.0004644444
1.397881,0.0005281902
1.398,0.4483235
1.398073,0.0002848873
1.398325,0.000291196
1.398555,0.000791644
1.398789,0.0008298569
1.399107,5.038226e-05
1.399267,0.0004872131
1.399361,0.0004926961
1.399611,0.0004430643
1.399779,0.0006554814
1.400223,0.0004499458
1.400254,5.186272e-05
1.400287,0.001157435
1.401013,0.000381959
1.401049,0.0004722358
1.401106,0.00126908
1.401162,0.0008134644
1.401402,0.0001629327
1.402595,0.0005440218
1.402691,0.0007609805
1.403251,0.0008107699
1.403254,0.0006748762
1.403335,0.0003875921
1.403671,0.0002382812
1.403721,0.003607313
1.40386,0.0003397254
1.403882,0.0003927333
1.404218,0.0002292479
1.404356,0.000500838
1.405046,0.001713861
1.40505,0.0004581282
1.405395,0.0005143353
1.405709,0.0004692084
1.405819,0.0007542091
1.405843,0.0003814954
1.40594,0.0017392
1.406066,0.0002242775
1.406356,0.0004109629
1.406494,0.001693188
1.40678,0.0003696817
1.406823,2.112255
1.406848,0.09656802
1.407343,0.001098704
1.407936,0.0002601336
1.408912,0.0007173377
1.409943,0.001524649
1.410195,2.352314
1.410718,0.0002699348
1.410738,0.03122389
1.410759,0.4801562
1.410778,6.885643e-05
1.411233,0.0001333637
1.41181,0.001338933
1.411933,0.0006048704
1.412828,0.0007197325
1.413081,0.001086908
1.413669,0.0004139991
1.413702,0.0003170568
1.413832,0.0006226764
1.414041,0.0006026299
1.414238,0.001310568
1.414341,0.0006495605
1.414491,0.0008131675
1.414568,0.0004749302
1.414584,0.0003390298
1.414648,0.001417832
1.416003,0.0005034072
1.416088,0.000285409
1.416227,0.0003984162
1.417451,0.0007651299
1.417956,0.0004153312
1.41908,0.0003109094
1.419108,0.0004061361
1.419654,0.4742899
1.419658,2.386486e-05
1.419758,0.0004856435
1.419825,0.0002433471
1.420691,7.996974e-05
1.420744,0.02511486
1.420785,6.103569e-05
1.420907,0.0004457923
1.421193,0.0003006404
1.421835,0.0009915942
1.422247,0.0003352712
1.422415,0.0009674248
1.422516,0.0003861993
1.42262,0.0005350724
1.422639,0.0003294162
1.422667,0.0002665329
1.423165,0.0002569333
1.423583,0.001847572
1.423675,0.0004150208
1.424081,0.0002334068
1.424103,0.0002824336
1.424152,0.0002480564
1.424176,0.0004870506
1.424645,1.030723
1.424794,0.0003707013
1.424836,0.0003367646
1.42528,0.0007213768
1.42548,0.0003967909
1.425627,0.001074012
1.425926,0.0001864448
1.426625,0.000304495
1.427113,0.000414242
1.427997,1.286762
1.428239,0.0006779181
1.428442,0.0004978416
1.428615,0.002073452
1.429162,0.0004172388
1.429558,0.0003816872
1.429618,0.000381342
1.429853,0.0008359668
1.430031,0.000687584
1.430637,0.0007968422
1.431272,0.0002589546
1.431343,6.328829e-05
1.43161,0.001072004
1.431813,0.0003819484
1.432208,0.0006510706
1.433209,0.0005608342
1.433571,0.0005303162
1.434129,0.0003903225
1.434253,0.0006027338
1.434359,0.0009837762
1.434422,0.0004728354
1.434573,0.0009980249
1.435403,0.0001991964
1.43598,0.0009461959
1.436072,0.0003342811
1.436412,0.0005025704
1.436649,0.00122286
1.436872,0.0002902801
1.437289,0.0001693728
1.437414,0.0004218308
1.437504,0.0007571676
1.437592,0.0005320989
1.438074,0.00100659
1.438081,0.001054166
1.438322,0.0009562944
1.438558,0.0008915236
1.438579,0.000444807
1.43885,0.002696103
1.439006,0.000508695
1.439581,0.0003096134
1.439676,0.0006038013
1.439819,0.0005140746
1.439936,0.0002625656
1.440108,0.000138857
1.44031,4.660362
1.440342,0.0004283569
1.440485,0.0002976781
1.440633,0.000359891
1.440745,0.0006414931
1.4408,0.0006924209
1.44097,0.0008463047
1.441475,2.521841
1.441647,0.0003558117
1.441988,0.0004269727
1.442139,0.0002758672
1.44267,0.0006660162
1.442948,0.0003211209
1.443143,0.0004131044
1.443157,0.0009591197
1.443229,0.0007341993
1.44338,0.0004020969
1.443957,0.0003232731
1.444306,0.0003249068
1.444445,0.0004476654
1.444551,0.0003699558
1.444758,0.0004399329
1.44479,0.0002504407
1.445921,0.0004635692
1.44596,0.0002147893
1.446184,0.0003085483
1.446356,0.0001896599
1.44715,0.0003005583
1.447305,0.001251337
1.448055,0.001612025
1.44813,0.001005296
1.448334,0.000262372
1.448436,0.001021581
1.44846,0.0004303364
1.448906,0.0006347093
1.448918,0.0003683498
1.448958,0.0006357766
1.448998,0.0006482384
1.449067,0.0005388012
1.449096,0.000256635
1.449253,0.001424545
1.449347,0.1415298
1.449435,0.0007615763
1.449826,0.0004946608
1.450602,0.00160673
1.450628,0.0003737981
1.450668,0.0005483254
1.450853,0.0004935835
1.451313,0.000666736
1.451802,0.001235988
1.452248,0.001518818
1.452855,0.0003758935
1.452868,0.0003594121
1.452993,0.0004595628
1.453513,0.0009242032
1.453817,1.55476
1.454018,0.0008310056
1.454057,0.0007109859
1.454277,0.000410094
1.45508,0.0007086663
1.455084,0.0006612703
1.456186,0.0009352666
1.456299,0.0005350535
1.456426,0.001143955
1.456679,1.218593
1.456991,0.0007396549
1.457292,0.002702954
1.457412,0.0004441942
1.4576,0.0002916787
1.457806,0.000313492
1.458087,0.0001105192
1.458138,0.0007980292
1.458256,0.0004911845
1.458271,0.000450796
1.458381,0.4047769
1.458714,0.0004603742
1.458949,0.0005728564
1.459628,0.0007496789
1.459633,0.0003671494
1.459667,0.0006689355
1.459854,0.0004141738
1.460102,0.0004210784
1.460962,0.0003970369
1.46115,0.0003470663
1.461228,0.0003852294
1.461472,0.0001708787
1.462154,0.0007304345
1.462216,0.0009818268
1.462276,0.0007895177
1.462445,0.0004901623
1.462576,0.0005890187
1.463299,0.0002880824
1.464084,0.0006069199
1.464138,0.0002768208
1.464225,0.0008616289
1.465157,0.0001058413
1.465223,1.796577
1.465571,0.0006186085
1.465614,0.0008171069
1.466,0.0009440757
1.466016,0.000310741
1.466019,0.0006081535
1.466343,0.0001490223
1.466969,0.000387493
1.467208,0.0003004217
1.467497,0.000559409
1.467628,0.0006566359
1.467655,0.0007715625
1.468199,0.0003289686
1.469086,0.0003677926
1.469164,0.01118733
1.469244,0.0006682294
1.469518,0.0009419977
1.46998,0.0007300889
1.470158,0.0008478882
1.470282,0.0003321607
1.470449,0.0005445466
1.470767,0.0004661031
1.470904,0.0004817643
1.471089,0.0006766097
1.471328,0.0003022751
1.471472,0.0001079058
1.471583,0.000544169
1.471778,0.0008984085
1.471809,0.0006460928
1.471998,0.000366503
1.472051,0.0008753624
1.472052,0.0003969566
1.473123,0.001453594
1.473155,6.199371e-05
1.473403,0.001676453
1.47341,0.0007122104
1.473698,0.0009369786
1.473809,0.0003710997
1.47401,0.0004915734
1.474314,0.001389715
1.475068,0.0002390686
1.475224,0.0004549025
1.475435,3.187872e-05
1.475922,0.0005683601
1.475965,0.0003486671
1.476057,0.0005062553
1.476196,0.0009648907
1.476412,0.000832991
1.476927,0.000562925
1.477057,0.0002814128
1.477149,6.874278e-05
1.477193,0.000881595
1.477284,0.0007491265
1.477634,0.0007675859
1.477671,0.0003307024
1.477702,0.2355947
1.477806,0.0005570405
1.479379,0.000210215
1.479384,0.0006186028
1.479403,0.0007033608
1.479455,0.0006955936
1.479843,0.0009479484
1.480457,0.0003489667
1.481188,0.0006790002
1.481482,0.0002564697
1.481631,0.0006368337
1.481949,0.0009604461
1.482008,0.0002696244
1.482401,0.000213156
1.482484,0.0004965258
1.484096,0.0003354171
1.484935,0.0002445831
1.48522,0.0005311218
1.485706,0.0003418283
1.485741,4.575403e-05
1.486262,0.0005516744
1.487983,2.581255
1.48799,4.347983e-05
1.488044,0.000389798
1.489032,0.0007313992
1.489101,0.0003630189
1.490112,0.00143789
1.49024,0.0007196233
1.490959,0.0002688396
1.491005,0.000313299
1.491046,0.0001749397
1.491236,0.0003811204
1.491458,0.0001114344
1.49174,0.001106274
1.492033,4.1593
1.492465,0.0007767457
1.492819,0.0003907197
1.493017,0.001141791
1.493065,0.0002738949
1.493133,0.0002823121
1.493702,0.0006393042
1.494108,0.0005820174
1.494159,0.0008815296
1.494256,0.0002967984
1.495443,0.0003865907
1.495547,0.0005685023
1.495593,0.0004920043
1.496253,0.0004739884
1.496717,0.0003392991
1.497857,0.0005003314
1.498398,0.0002825109
1.499441,0.0003784732
1.499512,5.605329e-05
1.499822,0.000362548
1.500194,0.0004709746
1.500365,0.0004152837
1.500649,0.0002249246
1.500665,0.001119691
1.50163,0.000337936
1.501779,0.4565081
1.501886,0.0006104017
1.501971,0.0008493873
1.502201,0.0007296595
1.50275,0.0002806748
1.503514,4.170711e-05
1.503584,0.0002019429
1.503659,0.000735604
1.504275,0.000483657
1.504305,0.0003477919
1.504728,2.419732e-05
1.5048,0.001236854
1.505183,0.0004909559
1.505296,0.0005195381
1.505725,0.0003478795
1.505833,0.1473872
1.505928,0.0002807136
1.506028,0.0006414002
1.506373,4.066436e-05
1.506402,3.609536e-05
1.506414,4.289257
1.506893,0.001274203
1.507018,2.740134
1.507235,0.0007033983
1.507882,0.0004040806
1.508153,2.615786
1.508372,0.001302429
1.508468,0.0003901556
1.509189,0.0003352388
1.509568,0.0006020517
1.509602,0.001406312
1.509901,0.00105993
1.510176,0.0009101881
1.510281,0.0005186794
1.510463,0.2160325
1.510507,0.000501233
1.510645,0.0002743028
1.51071,0.000226282
1.511001,0.1258172
1.511129,0.0002842604
1.511278,0.0009793183
1.511321,0.001035646
1.511614,0.0008286126
1.511935,0.0002489387
1.512047,0.0004671688
1.512295,0.0004040378
1.51273,0.0001849558
1.512775,0.1229377
1.512914,0.0003883197
1.513062,0.0003219194
1.513292,0.0002436794
1.513313,0.0004395393
1.513524,0.0003798002
1.513615,0.0002685974
1.514761,0.0003550031
1.515299,0.00135038
1.515663,0.0002187672
1.515666,3.046917
1.515671,6.021604e-05
1.516144,0.0004063064
1.516434,0.0004406051
1.516451,0.0007145217
1.516494,0.000399124
1.516674,0.0002953931
1.516852,0.0009671405
1.516857,0.0005428996
1.517529,0.0002251837
1.517679,0.0004695908
1.517733,0.0005404459
1.517938,5.038618e-05
1.518447,0.0009032235
1.518499,0.001680474
1.518844,0.002513814
1.518937,0.0008423497
1.519329,0.0003101173
1.519338,0.0002053237
1.5194,0.0002899058
1.519535,0.0004198936
1.519576,0.0004329076
1.519668,0.0002953114
1.520283,7.469321e-05
1.520453,0.002740866
1.520565,0.000354526
1.520658,0.0004281075
1.520879,0.5796789
1.521067,0.0008779439
1.521434,0.0001981071
1.521434,0.3834206
1.521567,0.0007173583
1.521641,0.0001719047
1.522001,0.0004744675
1.522013,0.0008610053
1.522058,0.0006406398
1.522599,0.000264193
1.522635,3.637478e-05
1.522647,0.0009375757
1.522667,0.0005055609
1.522829,0.0004482205
1.523255,0.0003342445
1.523435,0.0008663151
1.523437,0.0003391791
1.523478,0.0005854198
1.523533,0.0001589821
1.523633,0.0009166017
1.523847,0.0003272502
1.524259,0.0002954823
1.524455,0.0003894232
1.524498,0.001246321
1.524588,0.0006518837
1.525412,0.0004938594
1.525624,0.001639731
1.526074,3.369584
1.526436,0.0006439345
1.526557,0.0002242132
1.52666,0.0002750603
1.526676,0.0009687162
1.526993,0.0007165427
1.527079,0.00165395
1.527245,3.24076
1.52727,0.3215604
1.527346,0.001914672
1.527573,0.0006199131
1.527837,0.3174778
1.529011,0.1584087
1.529073,0.0005414076
1.529126,0.0004219022
1.52918,0.0004032651
1.529571,0.0008027979
1.529872,0.0003621264
1.5303,0.0006686815
1.530514,0.0008184562
1.530695,0.0005202309
1.530941,0.0002400271
1.531108,0.0002774968
1.531154,0.0003645869
1.531303,3.682375e-05
1.531396,0.000324976
1.53188,0.0006510315
1.531918,0.0004028144
1.532333,0.0007933892
1.532404,0.0003413192
1.532492,0.0006215329
1.532643,0.0006137235
1.533161,0.001033587
1.533296,0.0003930108
1.5335,0.0004937967
1.533613,0.001391832
1.533838,0.0003711843
1.534234,0.000933181
1.535235,0.0003513392
1.535429,0.0002799366
1.535915,0.001307059
1.537588,0.0004415495
1.537754,4.720821e-05
1.538329,0.0002263631
1.538407,9.519634e-05
1.539395,0.0004525453
1.539486,1.525063
1.5395,3.006314e-05
1.539531,2.011303
1.539548,0.0005356108
1.540102,2.034113
1.540513,0.0008170708
1.540644,0.0006276657
1.540814,0.0008786914
1.540843,0.001223399
1.540919,0.0008222206
1.541106,0.0005938762
1.541262,0.001188164
1.54139,0.0008907819
1.541487,0.0004291201
1.541567,0.0007652041
1.541946,0.0004349387
1.542688,0.0002448936
1.542869,0.001046724
1.543011,0.8071451
1.543023,0.1705007
1.543086,3.440099
1.543541,0.0002610012
1.543544,0.0008366509
1.543993,0.001495247
1.544135,0.0004306706
1.54459,0.0003372124
1.544633,0.0003434561
1.544638,0.001370186
1.544835,0.0006505071
1.54566,0.00100383
1.545745,0.0005938471
1.545763,0.0003948145
1.546107,0.0009267062
1.547148,2.536157
1.547213,0.0005052176
1.547247,0.0002837731
1.54735,0.000498799
1.547601,0.0002425224
1.54798,0.0003779764
1.548056,0.0004118208
1.548247,0.04109519
1.548264,0.0002970375
1.548272,3.488142e-05
1.548317,4.140887e-05
1.548447,0.0002664991
1.548571,0.0004820329
1.54874,0.0006595135
1.548844,0.0003428574
1.549499,3.983123e-05
1.549987,0.03376176
1.55037,0.0003962134
1.551001,0.001027426
1.551246,0.671361
1.551329,0.0004159266
1.551708,0.0002699572
1.551795,0.1400824
1.551861,0.0009989861
1.551865,0.0004690716
1.552004,0.0001818171
1.552144,0.001093627
1.552461,3.558537
1.552506,0.0009905566
1.552596,0.0009969666
1.552751,0.0003669274
1.552792,0.001755815
1.552848,0.001104208
1.552937,0.000925163
1.552992,0.2687267
1.553243,0.0003157176
1.553758,0.0004729109
1.553891,0.0005421051
1.554352,0.000740135
1.554573,0.0009267622
1.55534,0.0005619436
1.555613,0.0003394826
1.555814,0.00041832
1.555953,0.000452345
1.556262,0.002005264
1.556757,0.001400339
1.557822,0.0004382304
1.558059,0.0004369177
1.558893,3.782492e-05
1.559031,0.0004257922
1.559838,0.0005586491
1.559925,0.001227561
1.560022,0.0003757673
1.560027,5.621764e-05
1.560363,0.0007767122
1.560477,0.0001610318
1.56074,0.00143016
1.560906,0.0003459159
1.561318,0.0006603982
1.561732,0.0003142662
1.562096,0.001486628
1.562397,0.7870509
1.56242,0.000235467
1.56262,0.0008075898
1.563186,0.0005084646
1.56323,0.0006455534
1.563246,0.0003168508
1.56328,0.0005269974
1.563781,0.0004921152
1.563897,0.0009745429
1.563996,0.002697753
1.564168,0.0009172914
1.564197,0.6781874
1.564205,3.725645e-05
1.5644,0.0002863118
1.564594,0.000180176
1.564798,5.126856e-05
1.564938,0.0007507149
1.565146,0.0005934637
1.56532,0.0003094929
1.565642,0.001826696
1.565934,0.0001757125
1.56605,0.0001336133
1.566295,0.0007220638
1.566326,0.0005169666
1.566406,0.0002264718
1.566859,0.001327595
1.566874,0.0001716164
1.56693,0.0005243063
1.567056,0.0001849306
1.567143,3.298983e-05
1.567862,0.001103568
1.568159,0.000681175
1.56836,0.0009626145
1.568404,0.0008716249
1.568969,0.0006608068
1.569251,0.001557215
1.569553,0.001273121
1.569728,0.0003691307
1.56974,0.0002551203
1.570091,0.0002353756
1.570452,0.0007488987
1.571342,0.0005133693
1.571513,0.0006365325
1.571644,0.0004190718
1.571692,0.0008596348
1.572319,0.0009963812
1.57285,0.0002303058
1.572876,0.0009613655
1.572882,0.0009467271
1.573016,0.0002107795
1.573153,0.0004131097
1.573229,0.001084164
1.573239,0.001034891
1.573299,0.000536439
1.573392,0.0002854365
1.573403,0.001895091
1.573783,0.0008602936
1.574099,0.0003939432
1.574591,0.0006605637
1.57481,0.0005265343
1.574925,0.0006613325
1.575672,0.0006176509
1.576017,1.121089
1.576345,0.0002814034
1.576406,0.00050046
1.5766,2.972107
1.576958,0.001421952
1.577217,0.0005695301
1.577237,0.0004838996
1.57732,0.0007232906
1.578059,0.0007670087
1.578116,0.0005767497
1.578349,0.0008225649
1.578427,0.001049829
1.578749,0.0003944701
1.578784,0.0009893999
1.578816,0.0004260576
1.57885,0.0002692529
1.578851,0.0004244942
1.578947,0.0002650089
1.578998,0.000410765
1.579025,0.0008373124
1.579261,7.801637e-05
1.579577,0.1623323
1.57994,0.000388974
1.580306,0.0009475386
1.580373,0.0008228663
1.580615,0.0001020553
1.58086,0.001712271
1.580881,0.0009016038
1.581172,0.0003760379
1.581378,0.0003829335
1.581494,0.001025896
1.582156,0.0005218628
1.582375,0.000718192
1.582521,0.001045716
1.582613,0.00143979
1.58302,0.0004949652
1.58332,0.0002517314
1.583527,0.0005699169
1.58355,0.0003554374
1.58359,0.0006039308
1.583739,0.001517399
1.584371,0.0007229547
1.584513,0.0005932982
1.584656,0.0009719852
1.585598,0.0002715654
1.585603,0.0004767484
1.585638,0.0003109973
1.585651,0.0002260906
1.58609,2.40171
1.586144,0.5168718
1.586446,0.0002842254
1.586567,0.0003564139
1.587519,0.0004325833
1.587788,0.0002773491
1.588721,0.0006870889
1.589034,0.001426465
1.589177,0.0005259024
1.589218,0.0002658349
1.589932,0.0005351651
1.590138,0.0003771042
1.590162,0.0007129529
1.590473,0.0004663757
1.590633,0.0003176099
1.590938,5.310691e-05
1.591188,0.0006422062
1.592432,0.0007074951
1.592508,0.001275586
1.592797,0.0009586039
1.59289,0.0004841366
1.592921,0.0006690229
1.593825,0.001629814
1.594139,0.0006619517
1.594781,0.0003889659
1.595737,0.000302215
1.596018,0.0005714865
1.59625,0.0003737169
1.596408,0.0008410609
1.596427,0.0003073354
1.596517,0.0002056858
1.596857,0.7061017
1.59715,0.0002761818
1.59729,0.0007709624
1.597419,0.0003702364
1.59749,0.0003048336
1.597501,6.499266e-05
1.597765,0.0005632712
1.598168,0.0004711483
1.598297,0.0003343595
1.598694,0.0008488743
1.598894,0.0004280755
1.599229,0.0007308965
1.599864,0.3123615
1.599867,0.946796
1.600121,0.0003469793
1.600131,0.0003684862
1.600165,0.001086225
1.600667,0.0005566781
1.600737,0.0003344679
1.600771,0.001048849
1.601203,0.0001200587
1.60163,0.0008257715
1.60178,0.0008036115
1.60183,0.0009390218
1.601843,0.0005176227
1.602143,0.000571978
1.602233,0.002543332
1.602273,0.5999086
1.602399,0.001007395
1.602431,0.0007929824
1.60277,0.0001058017
1.602776,0.000733018
1.602848,0.03885342
1.602913,0.0005252888
1.602933,0.0003082719
1.602958,0.0001524561
1.603074,0.0008035695
1.603464,0.000644911
1.603529,0.000944624
1.603765,0.00110168
1.603867,0.0005422241
1.603963,0.0004987011
1.604056,0.00964871
1.604183,0.000269718
1.604823,0.0002329956
1.605025,0.001637876
1.605184,0.0006008705
1.605564,0.000438021
1.605689,0.001425088
1.605867,7.045322e-05
1.606442,0.0004716808
1.606545,0.0004238086
1.607095,0.00064727
1.607213,0.0009409371
1.607315,0.0005929891
1.607474,0.0004697548
1.607507,0.0007201172
1.607657,0.0007447082
1.607691,0.0005273242
1.607829,0.0004888547
1.607933,0.0005895328
1.608285,0.0007901515
1.608382,0.0007095102
1.608527,0.0006636917
1.608602,0.0004818029
1.608846,1.215408
1.608928,0.0003926281
1.609198,0.0003373051
1.609792,0.0007464821
1.610046,1.104481
1.610754,0.0008937272
1.610963,0.0006483097
1.611573,0.0003734269
1.611777,0.001601814
1.611815,0.0006556844
1.612238,0.0009831826
1.612333,0.0004912759
1.612511,0.0006246074
1.612753,0.0001171037
1.612815,0.0005459863
1.613402,0.0004352305
1.613708,5.585095e-05
1.613718,0.0003154236
1.614387,0.0007801839
1.614444,0.000396037
1.614465,0.00108239
1.614835,4.281049e-05
1.614922,0.0004700668
1.615019,0.0007379105
1.615054,0.00163871
1.615118,0.0008967089
1.615483,0.0009941969
1.615715,0.0001998602
1.615819,0.0007305246
1.616123,0.000702642
1.616356,0.00100499
1.616433,0.0004180841
1.616607,0.0008601599
1.617006,0.0006281539
1.617102,0.0002017931
1.617186,0.0003606857
1.617464,0.0004581145
1.617562,0.0005473705
1.61821,0.0003390254
1.618279,0.0004559748
1.618597,0.001337514
1.61891,0.0005642591
1.619203,0.0001890289
1.619446,0.0003593516
1.619653,0.0005649757
1.620061,0.0007938703
1.620337,0.000807966
1.621075,0.0003992145
1.621086,0.001765016
1.621433,0.0005572995
1.622516,0.001342881
1.622672,3.545173e-05
1.622675,0.001092251
1.622688,0.0004529071
1.62325,0.0003695889
1.623563,0.0006296134
1.623907,0.548679
1.623968,0.0004539615
1.62402,0.0003951097
1.624077,0.00193416
1.624299,0.0006847228
1.624476,0.0004856756
1.624514,0.7117958
1.624621,0.000744178
1.62463,0.0009821742
1.62481,0.0006238783
1.624944,0.0004971264
1.624996,0.0005222374
1.625053,0.0006695901
1.625199,0.001013472
1.62524,0.0003277263
1.625418,0.0004184233
1.625444,0.0004385482
1.625736,5.340548e-05
1.625812,0.0002972333
1.625885,0.0004993563
1.626216,0.0007530948
1.626332,0.2761877
1.626442,0.000505656
1.626442,0.0005389714
1.626526,0.0003467746
1.626596,0.0003854879
1.626635,0.0003420291
1.626768,0.000256009
1.62686,0.0001787426
1.626907,1.092286
1.627185,0.0007049907
1.627416,0.0003980369
1.627543,0.08288898
1.627753,0.001870821
1.627832,0.0007782182
1.628021,0.0009281799
1.628159,0.0006861603
1.628317,1.807966e-06
1.628662,0.0007199474
1.628686,0.0005234897
1.628722,0.00185855
1.629126,0.0005172073
1.629184,0.0001968161
1.629296,0.00067863
1.629316,0.0004664632
1.629487,0.000584657
1.629828,0.0002347323
1.629968,0.2545654
1.630042,0.0004330547
1.630567,3.819531e-05
1.630861,0.0003184104
1.631089,0.001344516
1.631173,0.8489178
1.632002,0.0003968293
1.63202,0.001230487
1.632284,0.0007522944
1.632392,0.001104609
1.632598,0.0003217808
1.632952,0.0003017775
1.633584,0.001679002
1.633604,0.06758761
1.633797,0.0006988726
1.634329,0.001011715
1.634719,0.0009091887
1.634791,0.0007119583
1.634944,0.0008309996
1.63543,1.523695
1.63548,0.000874922
1.635783,0.0003316314
1.636007,0.0006303429
1.636519,0.0009011758
1.636628,2.472768
1.636632,0.130103
1.636841,0.0002855432
1.636903,0.0003032102
1.637061,0.0002859411
1.637321,0.0005742241
1.637486,0.0009292471
1.637977,0.0004953291
1.638226,0.0006182989
1.638367,0.0006882385
1.638934,0.0002258977
1.639668,0.2324842
1.639854,0.001806645
1.640214,0.0001761661
1.640317,0.0007534878
1.640482,0.0006723136
1.640832,0.0003594709
1.641081,0.0005110886
1.641135,0.0004823737
1.641406,0.0005204506
1.641545,5.77585e-05
1.64228,0.0004915721
1.642378,0.0003076401
1.642673,0.000883953
1.643085,0.0001723188
1.643171,0.000842516
1.643182,0.0003486401
1.64342,0.001182848
1.643628,0.001085275
1.643771,0.001506483
1.643864,0.000466039
1.644501,0.0003040042
1.644509,1.437971
1.645128,0.938679
1.645151,0.03671417
1.646004,0.0007114727
1.646096,0.0003641648
1.646387,0.0008128352
1.646483,0.0006253376
1.646621,0.0004901112
1.64696,0.0007684319
1.646963,0.000585668
1.647221,0.0008764724
1.647482,0.0009465407
1.647635,0.000253605
1.647655,0.0006542903
1.64815,0.0006859037
1.648435,0.0005129491
1.649173,0.0007870753
1.649329,0.001323815
1.649437,0.0006938407
1.649741,0.0009980291
1.649765,0.0004145411
1.64985,0.0003469488
1.65005,6.47103e-05
1.650076,0.001401042
1.650201,0.00101145
1.650639,0.0539336
1.650695,7.152664e-05
1.650905,0.001094812
1.650971,0.0002473925
1.651199,0.0007060862
1.652263,0.001431432
1.652687,0.0006020378
1.653266,0.0003498134
1.653315,0.0006179287
1.653511,0.0002367552
1.654107,0.0008108199
1.654299,0.0005064726
1.654309,2.191607
1.654443,0.0005980157
1.654507,0.0008206683
1.655223,0.0002296022
1.655466,0.001108367
1.655496,0.000560588
1.655566,0.0007694481
1.655609,0.000823098
1.655725,0.0005570474
1.655934,0.002282206
1.65598,0.0004579137
1.656069,0.0001940613
1.656466,0.0009645328
1.656571,0.000560337
1.656675,0.0006666705
1.656678,0.0006815817
1.657061,0.001260277
1.657138,0.0007941845
1.657355,0.4968241
1.657365,0.0005804002
1.657453,0.0005366575
1.657587,0.0007682282
1.657988,3.821567
1.658162,0.0006599965
1.658371,0.0005122353
1.658409,0.0002023736
1.658556,0.0004367579
1.658755,0.0005996967
1.658839,0.0003184785
1.658926,0.0006831671
1.659392,0.0005634673
1.659824,0.0002566275
1.660191,0.0005600548
1.660424,0.001320853
1.660429,0.0003248231
1.660953,0.001002484
1.66096,2.234017
1.660968,0.0005475333
1.660972,0.0001530591
1.660975,0.0007664075
1.661514,0.0007147163
1.661658,0.0006672915
1.662228,0.0006119171
1.662381,0.0009670401
1.662461,0.0002755731
1.662489,0.0009697687
1.662721,0.0008275859
1.662884,0.0005701527
1.66307,0.001029031
1.663111,0.0005229653
1.663188,0.0002739645
1.663687,0.0007112279
1.664077,1.635319
1.664442,0.0005727349
1.664454,0.0004074387
1.66451,0.000453167
1.665019,0.001266521
1.665082,0.0005890966
1.665352,0.001640958
1.665447,0.0007950296
1.665733,0.0007902912
1.665843,0.0003746039
1.665847,0.0004649328
1.666067,0.00107817
1.666386,0.0003910219
1.666836,0.0006406726
1.667111,0.0003938163
1.66718,0.0003049576
1.667287,0.0005789221
1.667616,0.0002480602
1.667741,0.0007398288
1.667782,0.001078586
1.667812,2.580586
1.667878,0.0008069442
1.668243,0.0005035624
1.668254,0.0005605475
1.668332,0.0004985071
1.668783,0.0007405172
1.668787,0.0003132476
1.669386,0.0009676813
1.669489,0.0007723817
1.669632,0.0002675476
1.669693,0.0002560685
1.669864,0.0005333035
1.670257,0.001619885
1.670292,0.0003492061
1.670302,0.0003339057
1.670351,0.001371861
1.670364,0.0003005503
1.670485,0.0004612496
1.670492,0.0002799736
1.670595,0.0008508366
1.671389,0.001028356
1.671407,0.0002844526
1.671595,0.000438098
1.671684,0.0006651157
1.671857,0.0003123262
1.672017,0.0002958953
1.67242,0.0002607359
1.673196,0.0008798943
1.673239,0.0003298755
1.673315,0.0007056252
1.673338,0.0006722347
1.674048,0.0007304556
1.674416,0.0003826772
1.674774,5.655218e-05
1.675003,0.0005180215
1.675163,2.787932e-05
1.675215,0.0006001886
1.675702,0.0007127482
1.675778,0.03933161
1.675837,0.001199397
1.677186,0.0008770054
1.677634,0.0003808871
1.678025,0.0008630542
1.678263,4.85455e-05
1.67849,2.13196e-05
1.679,0.0006609238
1.67913,0.0007126309
1.680097,6.588779e-05
1.680097,0.1909689
1.680585,0.0003882296
1.680732,0.001238605
1.680867,0.0001397605
1.681255,0.000255974
1.68196,5.184896e-05
1.682218,0.000598265
1.682569,0.0002601914
1.682749,0.0004644253
1.683148,0.08671015
1.683348,0.0009931473
1.683629,0.001050506
1.683773,2.127699
1.684017,0.0008737993
1.68426,0.001003001
1.684708,0.0001904988
1.685045,1.411782
1.685328,0.0003088044
1.685743,0.04312196
1.686708,0.0003105336
1.686862,0.0009094501
1.687235,0.002603962
1.687472,4.614565
1.687483,0.6926423
1.687839,0.0005817964
1.687889,0.0006197061
1.688128,0.002750148
1.689566,0.0002276082
1.689712,0.001271553
1.690606,0.001303654
1.69074,0.0004780198
1.690859,0.0009474585
1.690884,0.0002865767
1.690907,0.0008562218
1.690999,0.0003360377
1.691268,0.0002357763
1.691879,0.0009392462
1.691942,0.0007909345
1.692753,0.001352647
1.692758,0.0003869582
1.693128,0.0004991296
1.693637,9.056419e-05
1.695166,0.0003386411
1.695583,0.0004846565
1.696109,0.0005691653
1.697672,0.0004063323
1.697701,0.001283736
1.698042,2.987616e-05
1.6984,0.0009147367
1.698611,0.0005246994
1.699207,0.0009737539
1.699975,0.0004127881
1.700312,0.0004371515
1.700458,0.0005558956
1.700599,0.0004011609
1.701468,0.001516835
1.702519,0.0009359422
1.702596,0.0005874127
1.703344,0.0002947646
1.703936,0.001342006
1.704163,0.0006254651
1.704303,0.0004918639
1.704587,0.001079216
1.704879,0.0007343121
1.705001,0.0006785688
1.705013,0.0004179731
1.705468,0.0002806484
1.70564,0.0003417024
1.70576,0.0008635378
1.705787,0.0008311835
1.70587,0.000389969
1.705938,0.0002758265
1.706173,2.453916
1.706434,0.0003793209
1.706449,0.0003479939
1.707329,0.0003962615
1.707946,0.0003927822
1.707951,0.877713
1.708048,4.165796
1.708311,0.0005119859
1.70851,0.0004079162
1.708619,0.0005754097
1.708702,0.000458826
1.708866,0.0007321773
1.709016,0.0002366152
1.709293,0.0005260141
1.709782,0.001278739
1.709794,0.000369754
1.710039,0.0009716288
1.710094,0.0004570304
1.710103,2.660096e-05
1.710262,0.0006443654
1.710518,0.0006069249
1.710552,2.573986
1.710569,0.0002975129
1.710608,0.0003257459
1.710998,0.0006668415
1.711104,0.0004046181
1.711158,0.0002824385
1.711348,0.0006419205
1.711466,0.001177338
1.711765,0.0005996544
1.712292,0.0007164776
1.712329,0.0006985693
1.712536,0.0009017728
1.713355,0.001683634
1.714422,0.001092763
1.714881,0.001194006
1.714897,4.273857e-05
1.715186,0.0004554277
1.715466,0.0006223967
1.715501,0.007122756
1.7157,0.0003663568
1.715901,0.0008163807
1.716416,0.0006196454
1.716527,0.001793102
1.716736,1.4828
1.717081,0.0002270127
1.717322,0.0004803143
1.717359,0.0002498792
1.717562,0.0007408546
1.717567,0.0001290702
1.717676,0.0003245967
1.717867,0.0006854579
1.718196,0.0005134135
1.718703,0.0002447666
1.719122,0.0006024831
1.719285,0.0004522936
1.720234,0.0006653814
1.720342,0.0009931193
1.720479,0.0006618424
1.720571,0.0008503567
1.720652,0.001277266
1.72071,0.0002965946
1.720739,0.0003678105
1.720744,0.002948253
1.721244,0.0007571059
1.721394,0.0004350675
1.721519,0.0007500673
1.721744,3.005753
1.721902,0.0003870753
1.721919,0.0004713001
1.723655,0.0002178551
1.723724,0.0009749163
1.72392,0.001104037
1.724173,0.0006267732
1.724926,1.269159
1.726143,0.00103818
1.726552,0.0005042799
1.726637,0.0007104613
1.726952,0.001098208
1.727153,0.000634664
1.727328,0.0004988378
1.727402,4.273954e-05
1.727441,0.0002093942
1.727651,0.0009647523
1.727826,0.0006490744
1.728238,0.0006731576
1.728652,6.333707e-05
1.728723,0.0002717213
1.729015,0.002211719
1.729351,0.0004783733
1.729492,0.0008773795
1.730323,0.0007182385
1.730344,0.0003612613
1.730362,0.0005607668
1.730528,0.7417003
1.730551,0.0006895072
1.730713,0.000704799
1.730926,0.001992136
1.73099,0.0009139758
1.731043,0.0002692172
1.731119,0.0002676615
1.731184,2.019979
1.731226,0.000457577
1.73139,0.0007205485
1.731404,0.0007446252
1.731765,3.675573
1.731924,0.0007564674
1.732391,0.0001732823
1.732735,0.000382846
1.732986,0.0002530315
1.73299,0.0006366446
1.732991,0.0001120105
1.733096,0.0007138245
1.733141,0.000604309
1.73381,0.0007228224
1.733815,0.001204587
1.733839,0.0004571402
1.734157,0.001275979
1.734417,0.0004114336
1.734912,0.000516789
1.734942,0.4897775
1.735129,0.0005323169
1.735797,0.0006317154
1.735946,0.0001857828
1.736056,0.0002504734
1.736329,0.0005076128
1.736406,0.000852589
1.736943,0.0001811956
1.737027,0.0003696365
1.737261,0.0007464423
1.737622,0.000522709
1.737777,0.0003723144
1.737988,0.0007052628
1.73804,0.0005117604
1.738133,0.0005674044
1.738386,0.0004173199
1.738395,0.0008267998
1.738433,0.0007941141
1.738583,0.000524026
1.738675,0.0006705602
1.739387,0.0007589184
1.739878,0.000810471
1.740026,4.991708
1.740041,0.001247584
1.740109,0.001335629
1.740295,0.0005028596
1.740474,0.0006340994
1.740809,0.0009589272
1.740994,0.0007901959
1.741049,0.0005111326
1.741233,0.0004207899
1.741832,0.0012812
1.741836,0.001351282
1.742234,0.0009276926
1.742326,0.0003864356
1.742958,0.0001991696
1.743147,4.944072e-05
1.743828,0.001511675
1.744447,0.0007403651
1.744816,0.0004284965
1.74492,0.0004096147
1.745371,0.0008248676
1.745465,0.0002675058
1.745633,0.001105271
1.746291,0.0003487475
1.746552,0.0007098583
1.746862,0.000198797
1.747179,0.00089263
1.747577,0.0003032353
1.747856,0.001200856
1.748524,0.0008670518
1.74886,0.0004823929
1.750088,0.0006838705
1.750111,0.1432573
1.750153,7.002935e-05
1.750182,0.0004316575
1.750311,0.0005070486
1.75075,1.039636
1.750937,0.0003922798
1.751022,0.0002845417
1.75151,0.00111419
1.751591,0.0007240876
1.752055,0.0006876503
1.752244,9.684957e-05
1.752366,0.0009647351
1.752507,0.001497781
1.752607,0.000198379
1.752634,0.1766753
1.752704,0.0009626698
1.752946,0.0008867252
1.753066,0.0004340322
1.753382,0.0002708686
1.75348,0.0007040066
1.753613,0.0008767818
1.753925,0.8349403
1.754286,0.0007556427
1.754565,4.976487e-05
1.755687,0.0005414153
1.755813,0.0002751887
1.756215,0.0006498137
1.756423,0.0007006212
1.75656,0.001007961
1.757368,0.0006709894
1.758,0.0006687439
1.75823,0.0006831689
1.758268,0.0009608548
1.75935,0.0008952837
1.759522,0.0004773521
1.760308,0.0004707061
1.760317,0.9471331
1.760324,0.000708119
1.760638,0.0003620729
1.760832,0.0004547502
1.761245,0.0004028805
1.761284,0.0004767087
1.761671,0.0005851488
1.761737,0.0003615014
1.762101,0.001118926
1.762136,0.0005852657
1.762223,0.0005346798
1.762293,0.0005968836
1.762294,0.0001933859
1.76237,0.0002523221
1.762575,0.002019971
1.763074,0.0002843048
1.764104,0.0005092713
1.764414,0.0003663179
1.764487,0.0002472843
1.764923,0.001036493
1.765386,4.159441
1.765541,0.0008302339
1.765984,0.001911094
1.765996,0.09424497
1.766414,0.0007059738
1.766591,0.0005612448
1.766992,0.0006772652
1.767125,0.0003740309
1.767631,0.0007020989
1.767887,5.254017e-05
1.768028,0.0005611054
1.768091,0.00133334
1.76878,0.0004353081
1.768819,0.000432197
1.768913,0.00063798
1.769132,0.0003288892
1.770141,0.0006628495
1.770331,0.0006444744
1.770607,0.0009609028
1.77104,5.508914e-05
1.771231,0.0006934952
1.771262,0.001051341
1.771679,0.0002228811
1.771884,0.0008298328
1.772173,0.0004711369
1.772227,0.0008037676
1.772334,0.0004596522
1.773272,0.0005394009
1.773557,0.0009142459
1.773617,0.001329956
1.773708,0.0004600736
1.773716,0.0003128239
1.773918,0.001407775
1.774192,0.0002936789
1.774409,0.0004107369
1.774441,0.0005281122
1.774488,0.0007030181
1.774943,0.001356956
1.774974,0.0007766754
1.77527,0.001328395
1.775556,0.0006227557
1.775764,0.0005152213
1.775968,0.0005327787
1.776478,0.0006458515
1.776557,0.0005002848
1.776631,0.0004557308
1.776712,0.001165622
1.77728,0.0005297379
1.77738,0.0006112203
1.777957,0.0006259104
1.778118,0.4621657
1.778295,0.001205646
1.778316,0.0002140774
1.778406,0.0007875008
1.77854,0.0008023379
1.778982,0.001619651
1.77963,0.0005948799
1.780248,0.0004348442
1.781303,0.0007591526
1.781844,0.0005732229
1.782578,2.194317
1.782598,0.06453522
1.78262,0.0009239581
1.782849,0.0003702442
1.783545,0.0003091009
1.784169,0.001630518
1.784171,0.0003212365
1.784262,0.0006944786
1.784404,0.0004166988
1.786389,0.0006753593
1.786468,0.000692139
1.78668,0.0003032537
1.787043,0.0008479188
1.787301,0.000700349
1.787367,0.0005912151
1.787508,0.0002033785
1.787641,0.001021309
1.787727,0.0006421521
1.789324,0.0004655177
1.789382,0.0006393395
1.78948,0.000615599
1.789496,0.001303524
1.789522,0.0004168932
1.789835,0.0004814912
1.790177,0.0005574746
1.790265,0.0003156983
1.79045,0.0007368735
1.790766,0.0007833341
1.791588,0.0003966155
1.791768,0.0006009661
1.792692,0.0004372921
1.79305,0.0007296405
1.793233,0.0004662101
1.793427,0.0004691998
1.793535,0.0009100344
1.79375,0.0006573324
1.793815,0.0006856973
1.794567,0.0005112126
1.794751,0.001117815
1.795004,0.0006265783
1.795068,0.000319644
1.795707,0.0003846478
1.79584,0.0004355912
1.795909,0.001083569
1.796162,0.000304805
1.79623,0.001180607
1.796239,0.0006203526
1.796439,0.0008770731
1.796543,0.001100992
1.796827,0.001255022
1.79703,0.00130515
1.797121,0.00103387
1.797564,0.0002416474
1.797595,0.0005369406
1.79774,0.000624368
1.797994,0.0004300407
1.798098,0.0004065391
1.799021,0.0008045677
1.799109,0.0002449882
1.799266,4.533572e-05
1.799267,0.5157991
1.799389,0.0004713486
1.799679,0.001129989
1.800511,0.0006064652
1.800611,0.0007176098
1.801065,0.000240784
1.801066,0.000327381
1.801438,0.0005715102
1.801969,0.0005563148
1.802278,0.0001277151
1.802376,0.0004951351
1.802554,0.00127847
1.802844,0.0009437848
1.803248,0.00121472
1.803318,0.000411953
1.803338,0.0006790342
1.804079,0.0005400428
1.804927,0.0003707106
1.80513,0.001002818
1.805269,0.0003860485
1.805395,0.0009446517
1.806066,0.0006243751
1.806866,0.0003222562
1.807023,0.1286894
1.807066,0.0002162864
1.807907,0.0007192197
1.808071,0.001685696
1.808298,0.0002471296
1.808376,1.565621
1.808756,0.001758957
1.808897,0.001057435
1.808923,0.001109668
1.809262,0.0005701748
1.809494,0.0007066889
1.809653,0.0005009312
1.80972,0.0001700135
1.809816,0.0004361832
1.810151,0.001575222
1.810322,6.222736e-05
1.810663,0.0006911026
1.81069,0.0002915956
1.810818,0.001439785
1.81111,0.0001947167
1.811164,0.0009066646
1.81147,0.001616877
1.811529,0.0005489747
1.811978,0.001026186
1.812147,4.171402
1.812225,0.003765596
1.812851,0.7252125
1.812897,0.7195781
1.813,0.0006963064
1.813002,0.0008180753
1.813807,0.0003378254
1.813886,0.0008515391
1.813948,0.0004727394
1.814223,0.0005824997
1.814247,0.0003700002
1.814462,0.0002761118
1.814525,0.0003423247
1.814778,0.1712132
1.815146,0.0009955775
1.815587,0.0006148063
1.81572,0.0007902104
1.815975,0.0003834953
1.816021,0.0003978153
1.816764,0.000766808
1.816833,0.0009974653
1.817952,0.0009160195
1.81808,0.0003443215
1.818716,0.5002471
1.818748,0.0003404768
1.818831,0.0004609625
1.819091,0.0004594943
1.819102,0.0001491206
1.819357,0.0006463585
1.819634,0.0006220081
1.819964,5.618696e-05
1.820425,0.0003291572
1.82073,0.0009703102
1.820731,0.0007146102
1.82123,0.001013752
1.821625,0.001352986
1.821781,0.0003118749
1.821861,0.0003797875
1.822167,0.0003732137
1.823637,0.0008413588
1.82371,0.0007987317
1.824199,0.0003962312
1.82423,8.57246e-05
1.82463,0.0004847476
1.825197,0.0004176226
1.825277,0.001623675
1.825388,0.001360867
1.825466,0.00100838
1.826354,0.0004404322
1.826421,0.0005120242
1.826592,0.001483917
1.826915,0.0002589599
1.827424,0.0006717706
1.827646,0.0002779838
1.827715,0.0004337561
1.82778,1.647544
1.828235,0.000505244
1.828293,0.0005385155
1.828426,0.0005392868
1.829051,0.000273575
1.82915,0.002091437
1.829332,0.0003161947
1.829348,0.00047797
1.829784,0.0011223
1.829934,0.001105415
1.829984,0.0001222307
1.830161,0.0004306046
1.83074,0.001796642
1.830749,0.001444864
1.830937,0.0003117033
1.831174,0.001223857
1.831462,0.00141708
1.832309,0.0003510218
1.832392,2.19365
1.833012,5.316293e-05
1.833316,0.002282564
1.833451,0.001343403
1.833914,0.002112547
1.834049,0.0005539357
1.834188,0.0007953351
1.834229,0.0007629268
1.834297,0.001321448
1.834568,0.0007666496
1.834668,0.0004859554
1.835111,0.0006162015
1.835172,0.000293866
1.835624,0.001433102
1.835891,0.0003391765
1.835892,0.001050977
1.836218,0.0009445923
1.83634,0.0005484532
1.83694,0.001855515
1.837,2.848921
1.837386,0.001044921
1.837412,0.000651259
1.837568,4.361698
1.837994,0.0003563721
1.838564,0.0004217864
1.839458,0.0004224494
1.840059,0.0003368561
1.840095,0.0006477768
1.840105,0.0009426601
1.840854,1.220312
1.841227,0.0005120568
1.842128,0.0003627133
1.842442,0.0004983995
1.842547,0.0008351524
1.842596,0.0009713933
1.842841,3.515811e-05
1.84289,0.0001809007
1.843265,0.0004148811
1.843445,0.0008872769
1.844289,0.0004918435
1.844861,0.0002595086
1.845375,0.0006044641
1.845864,0.0009189307
1.846074,0.00085813
1.846262,0.001709526
1.846307,0.0007327166
1.84648,0.000876708
1.846802,1.241099
1.846897,0.0003781716
1.847274,0.000551462
1.847436,0.01072849
1.847532,0.0002051265
1.84775,0.001053909
1.847821,0.0004268445
1.84783,0.0002729596
1.848431,0.0003559877
1.848519,0.0008414284
1.848715,0.0004035048
1.848752,1.996147
1.849501,0.001330066
1.850053,0.2509155
1.85009,7.205379e-05
1.850197,0.0005295849
1.850243,0.0002782777
1.850704,5.314076e-05
1.85078,0.0002631194
1.851337,0.0004320622
1.851789,0.0005218906
1.851998,0.0001383349
1.852151,0.0008133219
1.852518,1.038394e-06
1.852626,0.0009246587
1.852849,0.0001955871
1.853288,0.001041471
1.85421,0.001085564
1.854342,0.001404738
1.854611,0.717179
1.854714,0.0004570069
1.854726,0.001754336
1.854815,0.0009801923
1.855401,0.0005781205
1.855709,0.0005881645
1.85589,7.662457e-05
1.855964,3.464574
1.856374,0.001336343
1.85645,0.0005813786
1.856649,0.0005175824
1.85688,0.0009763412
1.857667,0.0002880052
1.857726,0.0004262451
1.858559,4.06892e-05
1.85859,0.479973
1.858626,4.625175
1.858664,0.0008152227
1.859053,0.001018073
1.859295,0.000483678
1.859414,0.0008590664
1.85943,0.0002233378
1.859567,0.0007713432
1.859734,0.000608914
1.860939,0.0005686932
1.861318,0.0009744571
1.862071,0.0006262857
1.862314,0.0003860351
1.862906,0.000101623
1.862993,0.0002256073
1.863167,0.001198371
1.863399,0.0004573277
1.863816,0.0002764862
1.864537,0.0003314959
1.864761,0.001209755
1.865468,0.0003571199
1.865747,0.000577845
1.865845,1.104762
1.865883,0.0005770854
1.86624,0.000450628
1.866422,0.0004605409
1.866895,0.000208744
1.867043,0.0005167505
1.867133,0.9345517
1.867571,0.0004055262
1.868254,0.0007414769
1.86828,0.0004351363
1.868452,0.0008603546
1.869133,0.0185695
1.869169,0.0007525588
1.869783,0.2260208
1.870157,0.001358352
1.870187,0.0004984511
1.870617,0.0004961637
1.870826,0.0004297853
1.870907,0.0007319668
1.871093,0.1865586
1.871201,0.0004687429
1.87124,0.0009678857
1.872346,0.0002783048
1.872633,0.0003252924
1.872898,0.0006358544
1.873066,0.0006120275
1.87307,4.176165e-05
1.873863,0.0005194972
1.874251,0.0005315195
1.874588,0.0001966548
1.874712,0.001206618
1.875102,0.1324932
1.875816,0.0005040151
1.876213,0.001054295
1.877036,0.001173026
1.877376,0.000517094
1.877871,0.0005523699
1.878001,0.0009314732
1.878407,0.0004590541
1.878508,0.000319177
1.878598,0.0002919863
1.879052,0.0001611948
1.879146,0.0002608264
1.879394,0.0005600312
1.880031,0.0005965267
1.88005,0.0008344581
1.880075,0.0004542781
1.880267,0.0003526516
1.880376,0.4269353
1.88069,0.000698754
1.880858,0.0004766512
1.881187,0.0005740262
1.881927,0.0003131869
1.882022,0.0006178141
1.882055,0.00068496
1.88226,0.0003276423
1.882282,0.001078299
1.88241,0.0009266523
1.88249,0.001360419
1.882638,0.0004713664
1.882834,0.0002146912
1.883706,0.0007411922
1.884026,0.001702503
1.884575,0.0005118272
1.885402,0.0008662257
1.885675,0.0006977707
1.886478,0.0007479767
1.887011,0.00114251
1.887056,0.0008754153
1.887335,0.0003020022
1.887508,0.0005649609
1.887941,0.0005196279
1.887967,0.000205753
1.888589,0.0002623112
1.888683,0.001158175
1.888921,0.00142732
1.889143,0.0008276648
1.889216,0.0006068643
1.889536,0.0003727494
1.889845,0.0003417076
1.889877,0.0009756857
1.890211,0.0003171853
1.890413,0.001445032
1.89078,0.00107758
1.890956,0.0005635265
1.891191,0.0005497689
1.891604,0.0005369955
1.891732,0.0003022748
1.892222,0.000751459
1.892226,0.0002799786
1.892771,0.0001112392
1.893005,0.1907057
1.893132,0.0002276567
1.893241,0.0004307074
1.893301,0.00105605
1.893349,0.0002961481
1.893935,0.001001519
1.893948,0.0001373953
1.894061,0.001368237
1.894423,0.0004662611
1.895391,0.0004818118
1.895544,0.001117709
1.896119,0.0002714259
1.896333,3.231568
1.896556,0.000869906
1.896753,0.0005341349
1.897614,0.0005988934
1.898364,0.001076314
1.898408,0.0005190851
1.898929,0.0003318364
1.899214,0.0003066666
1.900318,4.856996
1.901021,0.0007301996
1.901065,0.1470076
1.901159,0.0004776718
1.901435,0.002314883
1.901963,0.001034406
1.902419,0.0008339699
1.902601,0.00137181
1.902836,0.0007628744
1.903067,0.0005158096
1.903216,0.0005707501
1.903602,0.002294981
1.903709,0.0004621801
1.90388,0.0007470726
1.90448,0.0002962014
1.904507,0.001301321
1.904915,0.0008635207
1.905023,1.225331
1.90503,0.0008994164
1.905044,6.18234e-05
1.905164,0.001239642
1.905219,0.000448543
1.906509,0.0005828208
1.906552,0.0008205278
1.906654,0.0002732718
1.906808,0.001979441
1.907003,0.0009005864
1.907025,0.0002113264
1.90705,0.5630745
1.907365,0.001054546
1.907455,0.0005688813
1.907577,0.0003693247
1.907985,0.000316123
1.908391,0.0004735833
1.908685,0.0005830858
1.908698,0.0008788726
1.909152,0.0006332004
1.910175,0.0006934393
1.910526,0.0006223913
1.910533,0.0007588418
1.910729,0.0006670993
1.910867,0.0008047752
1.911328,0.0004152091
1.911662,0.0008582438
1.911739,5.809495e-05
1.911747,1.311879
1.9131,0.0003218625
1.913186,0.0004571844
1.914379,1.699025
1.914543,0.001257958
1.915081,0.5229421
1.915159,0.0004141174
1.915191,0.0002121895
1.91543,0.0006612463
1.915786,0.0004555982
1.916882,0.0007553651
1.917027,0.0004477583
1.917271,0.0002368837
1.918359,0.001587304
1.918479,0.0005302448
1.919587,0.0008183892
1.919759,1.594833
1.919951,0.001182711
1.920759,0.000350578
1.920849,0.001005712
1.921114,3.555984e-05
1.92141,0.001328039
1.921986,0.00170201
1.9226,0.000633245
1.923051,0.0005806237
1.923468,0.0009947004
1.924631,0.0009686105
1.925431,0.002088985
1.925634,0.0004089621
1.925711,0.000431879
1.925925,0.0001517759
1.92594,0.0008180828
1.926268,0.0004421474
1.927057,0.0004894045
1.927132,0.00100046
1.92721,0.001003368
1.927347,0.0002542461
1.9279,8.041637e-05
1.928618,0.0007633728
1.928691,0.0004039276
1.929274,0.0003690429
1.929377,0.0007144495
1.92962,0.000931637
1.92988,0.09214802
1.929944,0.0007334223
1.929955,0.0008914373
1.930382,0.000208413
1.930527,0.001267456
1.931308,0.0006842139
1.931886,0.001325333
1.932175,0.0004444582
1.932484,0.001118965
1.932519,0.0003149158
1.932677,0.001732816
1.933328,8.07108e-05
1.933341,0.0003947054
1.933592,0.0001284778
1.933716,0.0004016581
1.935665,0.001628934
1.935733,0.0007188845
1.935936,0.0006610921
1.935981,0.4291303
1.936187,0.001160194
1.936371,0.0003569807
1.936481,0.0004638494
1.937543,0.0005492741
1.937745,0.0009588348
1.939106,0.0008802937
1.940022,0.1157459
1.940082,0.0005378376
1.940506,0.001549421
1.94095,0.001519931
1.940974,0.0004030675
1.941142,0.0003966551
1.941629,0.001969533
1.941905,0.0006231814
1.942438,0.000479018
1.942506,0.0001724298
1.942705,0.00139864
1.94272,0.0003601953
1.943,0.0004116703
1.943918,0.0001217996
1.944085,0.01062431
1.944162,0.0003497691
1.944409,0.001463346
1.945236,0.0003698407
1.945917,0.0002573248
1.946062,0.0006867932
1.946419,0.0005823875
1.946698,0.0002472757
1.946785,0.0001450943
1.946926,0.0003916651
1.947103,0.00104555
1.947583,0.0004792714
1.9492,1.845775e-06
1.949216,0.001401113
1.949217,0.0004236278
1.949561,0.0002198282
1.949636,0.0008312484
1.95027,0.0006420907
1.950502,0.001169995
1.951608,0.0006051488
1.951653,0.0003418963
1.952537,0.001586655
1.952802,0.0005771971
1.952887,0.0006109788
1.952889,0.6674141
1.952899,0.0001954949
1.95313,0.0008879419
1.95318,0.001908035
1.953612,0.0006210202
1.953671,9.673275e-05
1.954022,0.0008116988
1.954347,0.0004295179
1.954466,0.0005734893
1.954513,0.0006503254
1.954719,0.0004669697
1.955829,0.0003846618
1.95594,0.0007226792
1.956333,0.001201904
1.956784,0.0003163829
1.957063,0.0004188248
1.958333,0.0007114797
1.958399,0.0003046056
1.958446,0.000601701
1.958629,0.0009938873
1.959255,0.0002499075
1.959608,0.0005059243
1.95972,0.05026988
1.959809,0.0003276053
1.960065,0.001633852
1.960083,0.0007518017
1.960415,0.2792633
1.960578,0.00113632
1.961506,0.000486273
1.962294,0.001286872
1.962575,0.001144624
1.963119,1.588903
1.96377,4.653785e-05
1.963801,0.2785779
1.963992,0.0006433365
1.964469,7.164018e-05
1.964583,0.002285181
1.964861,0.0002725678
1.965398,0.002065827
1.965554,0.0002232931
1.965562,0.0004460091
1.965714,0.0007193557
1.96581,0.003121714
1.965907,0.0001952967
1.965957,0.0005348301
1.96612,0.0004914345
1.966357,0.0005993239
1.966505,0.0007787859
1.966812,0.0004595671
1.967182,7.915073e-05
1.967929,1.994574
1.96796,0.0007555015
1.968133,0.0005759051
1.968197,0.0006031138
1.968582,0.1735915
1.968675,0.0005362402
1.9688,0.0005818565
1.96895,0.0003133592
1.969074,0.001537097
1.969366,0.0006962472
1.969859,0.0004390485
1.970407,0.0004601472
1.971017,0.0003415846
1.971211,0.0009582517
1.971529,0.000212584
1.972129,0.0003036465
1.972252,0.0008009339
1.972581,0.0006057162
1.973105,0.0005578796
1.973885,0.0004583739
1.974085,0.00021378
1.974116,0.0008724337
1.974196,0.0004745094
1.974365,0.0005158301
1.974921,0.001464478
1.975439,0.0002499278
1.975678,0.0007191226
1.975804,0.0005028984
1.976027,0.0007413834
1.976506,0.0004042001
1.976732,0.0007197814
1.977664,0.0004984748
1.977715,0.001122251
1.977736,0.0005020932
1.977863,0.001170944
1.978172,0.02793978
1.978396,0.0006272267
1.97844,0.0002483389
1.978866,0.001070023
1.979834,0.001259605
1.980213,0.000191731
1.980506,0.0008315141
1.981057,0.0006880608
1.981217,0.0007959038
1.981329,0.0007242828
1.982508,0.0003336587
1.982669,0.00162839
1.982757,0.0003533164
1.982915,2.058621
1.983726,0.0007900444
1.985183,0.0001767451
1.985771,0.0005494953
1.986181,0.0004073847
1.986344,0.0004754691
1.986502,0.0002951174
1.986605,0.001130412
1.986866,0.0005460751
1.986943,0.00193425
1.987563,0.0001142344
1.987588,0.001222063
1.98794,0.0009781533
1.987983,0.0005271129
1.988389,0.0004554045
1.988561,0.0008548655
1.988658,0.002172267
1.98872,0.0003488044
1.98919,2.230762
1.989638,0.0003153041
1.989644,0.0001881392
1.989798,0.0008616335
1.99026,0.0005448494
1.990559,5.383613e-05
1.991065,0.002286051
1.991221,0.0004044775
1.99124,0.0003778963
1.992411,0.0003926183
1.993178,0.0007596342
1.993776,0.0004148495
1.993838,0.0004301158
1.994598,3.549033
1.994795,0.0005646176
1.994824,0.0002582285
1.995341,5.54022e-05
1.995896,0.0009128145
1.996159,0.0009110755
1.996735,0.002065309
1.996875,0.0007356326
1.997259,0.0004628665
1.99732,0.0002607027
1.997337,0.0002254533
1.997386,0.0004524041
1.997468,0.0004127054
1.998072,8.60213e-05
1.998172,7.057058e-05
1.998563,0.0009144929
1.998776,0.0007060717
1.998841,2.273386
1.999078,0.0002986495
1.999087,0.0004242081
1.999166,0.0006630965
1.99984,0.0004415738
1.999946,0.000429505
2.000604,0.0009024762
2.000662,0.0006167261
2.0014,0.001097663
2.001918,0.0007896973
2.002434,0.0003836072
2.002571,0.001541608
2.002683,0.0003469607
2.00317,0.0004174456
2.003475,0.0007468303
2.003479,0.0004886818
2.003781,0.00180425
2.004437,0.00119682
2.004782,0.0002744128
2.00504,0.1120953
2.005368,0.0009956375
2.005404,0.0002627065
2.005484,0.0003974002
2.005579,0.0003055416
2.005698,0.0005380082
2.006382,0.0003048003
2.006704,0.001189437
2.007115,0.02019141
2.007456,0.001474138
2.007953,0.0004086517
2.008001,0.0004813516
2.008454,0.0004359406
2.008566,0.0003728652
2.008999,0.001189861
2.009463,0.0004579276
2.00973,0.0004666754
2.010319,0.001035919
2.010403,0.001717492
2.010721,0.0004445394
2.010934,0.001692707
2.010996,0.0003761715
2.011137,0.0008979148
2.011147,0.001058982
2.011468,0.0004082313
2.011903,0.001079138
2.01208,0.0005617344
2.012651,0.0009737042
2.012684,0.0002528381
2.012867,0.0003085412
2.01295,0.001313362
2.01339,0.001043271
2.01367,0.0004948213
2.014179,0.0003110749
2.014549,0.0003212416
2.015545,0.0005403642
2.01592,0.000706893
2.016132,0.0007099644
2.016785,0.000497152
2.017469,0.0003230858
2.017717,3.005614e-06
2.017922,0.002520804
2.017982,0.001815204
2.018178,0.0004613482
2.0182,0.9061998
2.018223,0.2258509
2.018434,0.0006936192
2.018498,0.0003100393
2.019081,0.0002443119
2.019843,0.0009190511
2.020468,0.000562868
2.020512,0.000438469
2.020584,0.0005474814
2.020915,0.0001108231
2.021075,3.269318
2.021163,0.000590997
2.021234,0.0005638234
2.0218,0.001587948
2.021808,0.0003101833
2.021815,0.0006094673
2.021957,0.0008064334
2.022039,0.001297043
2.0221,0.0008272273
2.022247,0.0008895327
2.022671,0.0002335195
2.022999,0.0004649814
2.02319,0.0004090705
2.023293,0.0007114861
2.023727,6.462253e-05
2.023899,0.000691667
2.023929,0.0005573195
2.024176,0.0007826377
2.024195,0.00081096
2.024538,0.001466745
2.0254,0.001153308
2.026546,0.0005070391
2.026602,0.0006569772
2.026625,0.0006110024
2.026919,0.001218507
2.027684,0.0009750288
2.028018,0.0004173855
2.028286,0.0007838592
2.028337,0.0005928859
2.028989,0.0006060355
2.029344,0.16746
2.029501,0.0006568047
2.030015,0.0005067664
2.0303,0.0003034204
2.030427,0.0004468769
2.030535,0.0006035768
2.030663,0.0004195223
2.031229,0.001602343
2.03204,0.001648657
2.032061,0.0005937227
2.032191,0.0004098109
2.032201,0.9182135
2.032242,0.00172778
2.032542,0.0006726916
2.032581,0.000997022
2.032874,1.557128
2.032889,0.0005631213
2.033259,0.0004572927
2.033674,0.0004797647
2.033956,0.0004691184
2.033983,0.001379753
2.034359,0.0004312012
2.034416,0.0007069262
2.034965,5.982403e-05
2.035037,0.0006126909
2.035971,0.0003344797
2.036266,0.0001077337
2.036369,0.0008584915
2.036653,0.0006952826
2.036785,0.001069787
2.037748,0.0186942
2.037969,0.0002660552
2.038504,3.806462
2.03918,0.0005127191
2.03949,0.0003216084
2.040702,0.000814905
2.040926,0.0004468115
2.04114,0.0002131963
2.041185,0.0002425638
2.041272,0.0002305689
2.041533,0.000692626
2.041657,0.0005426029
2.042138,0.0004376743
2.042199,0.002190092
2.042208,0.0005407053
2.042547,0.0003789533
2.042961,0.001064612
2.043161,0.0004306687
2.043179,0.0004998951
2.043373,0.001059317
2.043393,0.001152735
2.043805,0.001010142
2.044231,0.000317825
2.044433,0.002173784
2.044505,0.0006659726
2.044808,0.000720859
2.044887,0.000437081
2.044991,0.0004167784
2.045061,0.0005383723
2.045694,0.000713974
2.04581,0.0005944142
2.046155,0.2426131
2.046163,5.859732e-05
2.046876,0.7621408
2.047747,0.0007232963
2.047811,0.000553879
2.047962,0.0007947124
2.048912,0.0006047633
2.049014,0.001994485
2.04905,0.000237604
2.049652,0.000251363
2.049657,0.2364795
2.050048,0.0003343101
2.050305,0.0006767583
2.050515,0.0002439302
2.051061,0.002007496
2.051127,4.559269
2.052046,0.001379361
2.052184,0.0006690485
2.052414,8.34555e-05
2.052449,0.0008739176
2.052737,0.003039191
2.053564,9.452143e-05
2.053847,0.0006454631
2.05386,0.001197871
2.054273,0.000835182
2.054311,0.0004594162
2.054508,0.0002382145
2.054531,0.001327335
2.055581,0.0005215697
2.05652,0.0003363499
2.056765,0.0003223033
2.056809,0.0009883412
2.05766,0.001666247
2.057951,0.0005677466
2.058326,0.0003564222
2.058716,0.001017442
2.059074,0.0003351553
2.059211,0.0004304907
2.059428,0.001084454
2.05948,0.001244394
2.059669,0.001152838
2.060139,0.0002591541
2.060605,0.0006606244
2.06176,0.0007104355
2.062562,0.0006309049
2.062793,0.0005565266
2.06298,0.001044636
2.063218,0.0005564704
2.063595,0.00126281
2.064349,0.0002923156
2.064449,0.0008029197
2.064578,0.000670441
2.06547,0.0007179148
2.065792,0.000412113
2.066047,0.0001249737
2.066141,0.0006580827
2.066337,0.001252705
2.066371,0.0001537937
2.066475,0.0005229408
2.067076,0.0003443392
2.067771,0.001714959
2.068268,0.0008084261
2.068397,0.0005670335
2.068471,0.0006207598
2.068642,0.0004013424
2.069771,0.0007733351
2.070129,3.638218
2.070132,0.0003101395
2.070391,0.0006875431
2.072001,0.0002340377
2.072135,0.0006231842
2.072191,0.0006520916
2.072355,0.0009289808
2.072563,0.0009203522
2.072918,0.0004020236
2.072928,0.0007322083
2.073602,0.002424617
2.073685,0.0003765291
2.073803,0.001280757
2.073864,0.0007339821
2.074045,0.0003725919
2.074098,0.001099546
2.074284,0.0003838746
2.07434,0.004099405
2.074415,0.0004160357
2.074753,0.0008016538
2.075001,0.001752736
2.075026,0.02006027
2.075582,0.0003880365
2.075584,0.0004645496
2.075974,0.0008027732
2.076317,0.001047311
2.076352,0.0008370327
2.077092,0.0008630208
2.077203,0.000429983
2.077304,0.0005962903
2.077458,0.0001226862
2.077471,0.0005844109
2.077619,0.0003039602
2.07774,0.0007666918
2.077782,0.0007850929
2.078012,0.0003976009
2.078498,0.0006434998
2.079027,0.000215671
2.079621,0.0002546589
2.079673,0.000219049
2.079851,0.001293543
2.081982,0.0008989717
2.082087,0.0004499
2.083069,0.0002560782
2.083278,0.0003498833
2.083817,0.0004727058
2.084092,0.0006183441
2.084915,7.166512e-05
2.085335,0.001453986
2.085668,0.0007201606
2.085737,2.326164
2.086065,0.0005465258
2.086501,0.0004552241
2.086543,0.0007359185
2.086797,0.0004814277
2.087431,0.0001697457
2.087441,0.001425028
2.087456,0.0006293659
2.087915,0.0003907839
2.088024,0.0009164839
2.088415,0.0003366608
2.088496,0.0004619041
2.088553,0.0001891105
2.088934,0.0003088689
2.089077,0.0008384819
2.089143,0.0006709665
2.089654,0.0005529816
2.090378,0.0007727905
2.091085,0.0006142156
2.091376,0.1122305
2.091923,0.0003776413
2.09199,0.000609861
2.092036,1.372747
2.092418,0.0003928627
2.093105,0.000339805
2.093611,0.0009394634
2.094099,0.0006792404
2.094193,0.0006118309
2.094287,0.0005614977
2.094641,0.0005242428
2.095198,0.0004727004
2.09543,0.0005271995
2.095613,0.000490641
2.095937,0.0003632588
2.096276,0.0009097723
2.096312,0.001623969
2.096477,0.0005139976
2.096499,0.001084674
2.0966,0.0004154138
2.097698,0.001561549
2.097708,0.001277964
2.097882,0.0006875321
2.097921,0.001327321
2.098627,0.0005147911
2.099326,0.0002775539
2.09954,0.001066351
2.099596,0.0009910798
2.099639,0.0009002722
2.099708,0.0009164927
2.099725,0.0005868392
2.099861,0.0004682859
2.099896,5.557551e-05
2.09991,0.2085435
2.099931,1.289192
2.101644,0.0002322099
2.101782,0.0005603355
2.10234,0.001406615
2.102831,0.0008111285
2.10299,0.0005337891
2.103436,0.5050994
2.103554,1.736289
2.104094,0.0009788884
2.104806,0.000857403
2.104808,0.0009368327
2.10495,4.462455
2.105073,0.0001534103
2.105524,0.0003861575
2.106615,0.0003669559
2.106657,0.0007545948
2.107273,0.001798548
2.107446,0.0006128542
2.10774,1.84581
2.10818,0.0005819015
2.108201,0.0006355834
2.108529,0.0004247087
2.108909,0.0003702798
2.109308,0.0003774437
2.109673,0.001682332
2.110232,0.0003173813
2.110301,0.000475063
2.110431,0.0004721882
2.110673,0.001338181
2.111689,9.742301e-05
2.111787,0.0007183155
2.112051,0.0003232605
2.112308,0.001490621
2.112424,0.000925575
2.112599,0.000995948
2.112884,0.0002531327
2.113029,0.001503267
2.113031,0.0006208995
2.114197,0.0005139225
2.114345,0.000954056
2.114586,0.000764682
2.114877,0.0001022761
2.114883,0.000236949
2.114915,0.0003585891
2.114931,6.152911e-05
2.11499,7.252767e-05
2.11538,0.0002991318
2.115558,0.001167281
2.115568,0.0003031729
2.116003,0.000700218
2.116118,0.0007273511
2.116994,0.002100248
2.117161,0.0005434468
2.118306,0.002183843
2.118346,0.0006165085
2.118492,0.0003631363
2.118655,0.001530325
2.119081,0.0005226059
2.120042,0.001114125
2.120432,0.0006733829
2.120654,0.0006743636
2.120917,0.0004632343
2.121062,0.0002402561
2.121317,0.0006976378
2.12143,0.0007164168
2.121478,0.0003199231
2.122015,0.001160616
2.123039,0.001309234
2.12312,0.001167574
2.123333,0.0004634789
2.123478,0.0002377662
2.123584,0.1704117
2.123675,0.0008226755
2.124168,0.0007813734
2.124231,0.0002478706
2.124494,0.001438757
2.125052,0.0003542022
2.125063,0.000426758
2.125628,0.0009904958
2.127159,0.000603916
2.127454,0.0004658839
2.127519,0.001012733
2.127924,0.0004145587
2.128114,0.001117664
2.1285,0.0004719531
2.129001,0.0007420725
2.129154,0.0002346151
2.129628,0.0004802181
2.129785,0.001085012
2.129894,0.0007475921
2.130377,0.0006711891
2.130738,0.0005127897
2.131044,0.001998845
2.131101,0.001029182
2.131106,0.000256644
2.131208,0.0002596069
2.131545,0.0004678914
2.131649,0.0004604387
2.132809,0.0006492164
2.133545,0.0004692301
2.133894,0.0004608426
2.134407,0.0004930253
2.134834,0.001253578
2.135265,0.000562715
2.135943,0.0006924084
2.136173,0.0005033203
2.136264,0.0003871466
2.136648,0.0004096344
2.137275,0.0004209273
2.137394,0.0008186282
2.137766,0.0003893193
2.138088,0.0008446145
2.138573,0.0005232482
2.138706,0.3857727
2.13937,0.000988248
2.139509,0.0005615481
2.139587,0.0004271716
2.139588,0.0001832423
2.139898,0.000215404
2.140529,0.0003166371
2.14068,0.0005703729
2.140785,0.0007904351
2.14086,0.0004323431
2.141158,0.0002562472
2.14171,0.0008973022
2.141844,0.0004999477
2.142323,0.000549968
2.142516,0.0004066407
2.143019,0.0007427471
2.143413,0.0008980577
2.143714,0.0009951297
2.143853,0.0001790147
2.144086,0.0003815748
2.144104,0.0003107908
2.144332,0.00359037
2.144458,0.0009625935
2.144539,0.0003839048
2.144584,0.0008388787
2.144693,0.0002091246
2.14629,0.0003337169
2.14644,0.000405419
2.14657,0.0004909482
2.146691,4.230619e-05
2.14688,0.0006737101
2.146974,0.0004024847
2.14714,0.0002465183
2.147565,0.0002240574
2.147797,0.00038288
2.148386,0.002383376
2.148396,0.0003949333
2.148545,0.0007342286
2.148701,0.001031115
2.148903,0.0005427864
2.149136,0.0002738396
2.149153,0.0007350845
2.149465,0.0002653642
2.149543,6.007465e-05
2.150029,0.000793002
2.150098,0.0003259028
2.150254,0.0005849589
2.150472,0.0008354983
2.150589,0.0004252442
2.150849,0.001399924
2.150922,0.0003277338
2.150937,0.0006957395
2.151954,0.0004432367
2.152313,0.001271331
2.152796,0.000627326
2.153085,0.001165976
2.153313,0.0002828099
2.153591,0.0005754064
2.153963,0.001048804
2.154014,0.0004095577
2.154996,0.0005473874
2.15547,0.001679165
2.155508,0.0001508102
2.155653,0.0005933457
2.156324,0.000828371
2.156577,0.0004691677
2.156598,0.0004954843
2.157983,0.0004166985
2.158585,0.002201057
2.15903,0.001056121
2.15908,0.0001764987
2.161525,0.0007390316
2.161616,0.0001831306
2.161841,0.0002418272
2.16262,0.0005193137
2.163289,0.000862965
2.163435,0.0003060771
2.164018,0.0003952956
2.16417,0.0006549477
2.16421,0.0004158181
2.165228,0.0008287026
2.165943,0.0004294959
2.166396,0.0004727887
2.166643,0.0008894286
2.167158,0.0007760465
2.167797,0.0002225226
2.167913,0.0003179689
2.167935,0.0002771956
2.168149,0.0003456915
2.16818,0.0004864128
2.16913,0.0006679479
2.169395,0.0009480588
2.169569,0.000543951
2.170524,0.000272019
2.171548,0.000475869
2.171604,0.00040925
2.172577,0.00038663
2.172603,0.000175398
2.17261,0.0004957421
2.172626,0.0003227728
2.172802,0.0005490907
2.174014,0.0002560396
2.174025,0.0006593384
2.174161,0.0008543205
2.17444,0.0007981671
2.174628,0.0009562609
2.174703,0.0008777011
2.174844,0.0006508676
2.176413,0.001323046
2.176442,0.001202845
2.176629,0.000702774
2.177061,0.000430199
2.177223,0.001109557
2.177689,0.0004588125
2.177768,0.0003795214
2.177837,0.0006654223
2.178275,0.00024467
2.179227,0.0005227985
2.179487,0.0003609106
2.179795,0.0003258272
2.179802,0.0005966958
2.179894,0.0006406285
2.180855,0.0004594591
2.180923,0.0005404472
2.180983,0.00029383
2.181003,0.0005348632
2.181207,0.0003375627
2.181278,0.0006938556
2.181619,0.2783289
2.182374,0.0005233035
2.182423,0.00157041
2.18295,0.001107594
2.182972,0.0004546103
2.18324,0.0007704966
2.183705,0.001212131
2.184107,0.0002017599
2.185046,0.0004686106
2.185431,0.0002527467
2.185457,0.0005812467
2.185597,0.0007876482
2.185673,0.0003310247
2.185738,0.00070652
2.186346,0.001126512
2.186917,0.0005221101
2.187051,0.0004302532
2.187243,0.0005848447
2.187356,0.0007865493
2.187481,0.001307132
2.187875,0.000450782
2.189219,0.0005430682
2.189319,0.0005935842
2.189399,0.0004610981
2.190059,0.00107278
2.190077,0.0005552164
2.190347,0.0004141923
2.19068,0.001799472
2.191261,0.0004668812
2.191433,0.0004724894
2.192314,0.001156294
2.192409,0.0005427781
2.192425,0.0002327948
2.192625,0.001639111
2.193126,0.000518767
2.19355,0.001648225
2.194081,0.001384051
2.194577,9.449953e-05
2.194703,0.0002888469
2.19542,0.0006694166
2.195802,0.0003826528
2.196111,0.0002767966
2.196142,0.0003075986
2.197193,0.0002430771
2.198337,0.0004878551
2.198477,0.000267325
2.198648,0.0003296254
2.198721,0.000910412
2.199099,0.0002663784
2.199812,0.0003228015
2.200075,0.0007279516
2.200549,0.002232145
2.201042,0.0002866763
2.201268,0.0005685729
2.201304,0.0006069009
2.201463,0.2719759
2.202262,0.0006962982
2.202274,0.0006649707
2.20229,0.000753106
2.202408,0.0007835007
2.202683,0.0002790615
2.203548,0.0005428183
2.203842,0.001075068
2.204086,0.001549259
2.204226,0.0005673433
2.204271,0.0004489318
2.204484,3.351512
2.20469,0.0001978095
2.20514,0.0007506189
2.205329,0.001046028
2.205922,0.0005312887
2.206356,0.0003235178
2.206465,0.0003919488
2.206806,0.0003923402
2.206903,0.0004364242
2.206926,0.0001956244
2.207067,0.0002632479
2.207275,0.0003072949
2.207555,0.0006080389
2.208126,0.0005065348
2.208242,0.000563318
2.209585,0.0004497842
2.209743,0.0007244034
2.211577,0.0008340857
2.21192,0.0007189138
2.211925,0.000292157
2.212114,0.0003254532
2.21228,0.0005246701
2.212312,0.0007725199
2.212488,0.0001995479
2.212538,0.0004410129
2.212653,0.000997701
2.213086,0.0003208444
2.214045,0.3359802
2.214592,0.0001560331
2.215427,0.001184459
2.216197,0.0001522616
2.21648,0.0005300184
2.216579,0.0003052083
2.216912,0.0003857214
2.217519,0.0005998862
2.217813,0.001086798
2.218294,0.002166573
2.218546,0.001157291
2.219617,0.0005595136
2.219938,2.223898
2.220199,0.0001532251
2.220327,0.0005210775
2.22123,0.003464723
2.221964,0.0002868418
2.222007,0.0004987631
2.222138,0.0002851858
2.222545,0.0008988723
2.222922,0.0006470142
2.223615,0.0005920573
2.223853,0.0002866891
2.224131,0.0009443103
2.22428,0.0004464649
2.224398,0.0007691775
2.224613,0.001446789
2.224762,0.001011816
2.224851,0.000698354
2.22602,0.0003359708
2.22706,0.0008691384
2.227322,0.0004562007
2.22748,0.0005050191
2.227728,0.0004623189
2.228086,0.0005423436
2.228209,0.0003284898
2.228795,0.000979192
2.228831,0.0006489443
2.228831,0.0004265573
2.229026,0.0005271771
2.22935,0.0006048377
2.230173,0.0007019411
2.230669,0.0005040047
2.231176,0.0005433284
2.231584,0.0001741498
2.232182,0.0009996423
2.232418,0.0004629408
2.232506,0.0005932878
2.232878,0.002038749
2.23303,0.001077355
2.233033,0.001493454
2.233121,0.001524417
2.233144,0.0002691622
2.233288,0.0008725934
2.233541,0.0003216374
2.233548,0.00191106
2.233574,0.001447069
2.233743,0.0006078377
2.233904,0.0005474564
2.234285,0.0005444287
2.23511,0.0004819282
2.235377,0.0002863442
2.235993,0.0001635697
2.236082,0.0008296873
2.236242,0.0002541673
2.236271,0.0003607902
2.236497,0.0003345749
2.236497,0.000496376
2.236893,0.001225501
2.237221,0.0006300302
2.23786,0.0006120723
2.238012,0.000530305
2.238138,0.002199187
2.238285,0.000577972
2.238317,0.0008529048
2.23844,0.0003088745
2.238487,0.000262267
2.238879,0.0006569745
2.239594,0.0002776228
2.239894,0.0007168764
2.239954,0.0007035877
2.239998,0.0002092974
2.241227,0.000442297
2.241446,0.0004615362
2.242033,0.000532234
2.242309,0.0003885645
2.242596,0.0002135494
2.242836,0.000209684
2.242928,0.0005738225
2.242981,0.0005524213
2.243102,0.0003547225
2.243295,0.0006763034
2.243564,0.001116428
2.243849,0.0006495159
2.243938,0.0004338839
2.243938,0.0009277513
2.244056,0.0003366367
2.244798,0.0001769543
2.245078,0.002167115
2.245191,0.0002024024
2.245951,0.0004389876
2.245986,0.0003589835
2.246582,0.001025746
2.246773,0.0004558474
2.246792,0.0005099517
2.246854,0.0001876117
2.247094,0.000364244
2.247481,0.001569465
2.247805,0.0004389427
2.248273,2.353087e-05
2.251549,0.0007427652
2.251817,0.0004833947
2.253944,0.0009620125
2.254108,0.0002687144
2.254489,0.001125263
2.254567,0.000888411
2.255116,0.0002539756
2.255152,0.002874972
2.255353,0.0003495627
2.255966,0.0004273031
2.256455,0.0005219735
2.256708,0.0006444672
2.257421,0.000598382
2.257761,0.000251955
2.257802,0.0004328204
2.257956,0.000375727
2.257987,0.0007509773
2.258014,0.0008217315
2.258096,4.73385
2.259457,0.001001116
2.259553,0.000805563
2.259803,0.0004778307
2.260059,0.001083907
2.260557,0.0004730811
2.260592,0.0003447699
2.260687,0.001571381
2.260797,0.0006199825
2.260995,5.969522e-05
2.261132,0.0005932166
2.261433,0.001401629
2.261671,0.000541959
2.261742,0.0004635243
2.26178,0.0001261543
2.262297,0.0006060446
2.263257,0.0006086581
2.263479,0.0007418086
2.263775,0.0005722806
2.263799,0.002165641
2.263813,0.0002223765
2.264301,0.0001844075
2.266158,0.0006156756
2.266379,0.0004509534
2.266607,0.000809477
2.266882,0.001388076
2.267772,0.0005609786
2.2679,0.001000648
2.268032,0.0001707679
2.268888,0.001442798
2.27035,0.005264989
2.27061,0.0003544512
2.271923,0.0004970212
2.272614,0.0001621669
2.273069,0.0002752643
2.273394,0.0004319033
2.274059,0.0002847197
2.274128,0.0006015832
2.274184,0.0005729279
2.274295,0.0003506766
2.274461,0.0006361904
2.27506,0.000580535
2.275196,0.001781982
2.275437,0.0006014647
2.275521,0.0003098046
2.27564,0.0003483868
2.276,2.75795
2.276143,0.0003513566
2.276238,0.004415717
2.276358,0.0004371268
2.276366,0.0004149303
2.276698,0.0002689151
2.276828,0.0001541716
2.277082,0.0006320328
2.277907,0.0005947083
2.278055,0.000993746
2.278107,0.0006518989
2.278379,0.0001513194
2.278858,0.0001394576
2.279094,8.767553e-05
2.279261,0.0005628246
2.279551,0.0007069283
2.279778,0.001159032
2.280677,0.001235697
2.281056,0.0006056525
2.281235,0.000292811
2.281563,0.0005808647
2.282012,0.0006049561
2.283003,0.0009185572
2.283048,0.000201398
2.28315,0.0001416632
2.283326,0.0005238148
2.283769,0.0005524913
2.283772,0.0004035039
2.283906,0.0002072455
2.284145,0.0005431093
2.284345,0.0006592325
2.284366,0.7601249
2.284793,0.0008230344
2.2849,0.0004859108
2.285089,0.0002556759
2.285483,0.0004154538
2.285517,0.001610231
2.286173,0.000779696
2.286337,0.0003145862
2.286338,0.0007827557
2.286379,0.001090421
2.286724,0.0004775035
2.287644,0.001463188
2.288619,0.0003642663
2.288712,0.0009815504
2.288933,0.0004831362
2.289164,0.0003459643
2.289176,0.0004854936
2.289689,0.0002809945
2.289834,0.001054994
2.290025,0.0002945731
2.290307,0.0007087842
2.291013,0.0002520155
2.291677,0.001088999
2.291957,0.0006430487
2.292256,0.0001642501
2.293012,0.0003364765
2.293047,0.001088026
2.293496,2.479933
2.2935,0.0001196022
2.293675,0.00121409
2.293705,0.001271473
2.293907,0.0007214853
2.294083,0.000298658
2.294384,0.0005837749
2.294897,0.0001341589
2.295068,0.0005149152
2.29522,0.0003731031
2.295509,0.0009726088
2.295966,0.001228445
2.296323,0.0006931943
2.296373,0.003801286
2.297218,0.0004305709
2.297297,0.001300861
2.297865,0.0001367198
2.29798,0.0004722941
2.298134,0.0004633333
2.298327,0.01699337
2.298467,0.0005301894
2.29853,0.0003307935
2.298585,0.00102296
2.298676,0.0007474956
2.298845,0.0005893516
2.298901,0.001152025
2.299121,0.0005729832
2.299306,0.0003923742
2.299653,0.0004312301
2.299831,0.0003727651
2.300062,0.0005082826
2.300667,0.0002483873
2.300789,0.0001267196
2.300873,0.0007461922
2.301012,0.0002316656
2.301023,0.0006771112
2.301046,0.0006761067
2.301143,0.0004791298
2.301517,0.0003254666
2.301852,2.279195e-05
2.301932,0.0006328512
2.301956,0.000492434
2.302776,0.0005998416
2.30321,0.002619518
2.303722,0.0002389314
2.303924,0.001204638
2.304358,0.0003400729
2.304533,0.0005591924
2.305033,0.000345374
2.305706,0.000462545
2.306164,0.0007715196
2.306411,0.0004407975
2.306528,0.0007540281
2.306696,0.0007158029
2.306754,0.0002766654
2.307037,0.000678189
2.308725,0.000595851
2.309442,0.0004295864
2.309778,0.0006237827
2.310182,0.0001599444
2.310183,0.0002772269
2.310255,0.0009025661
2.310893,0.000394032
2.310973,0.0006262562
2.311023,0.000553823
2.311387,0.0003331594
2.31145,0.0002619587
2.311936,0.0005441758
2.312233,0.0006516049
2.313048,0.0003319547
2.31331,0.0005149007
2.313891,0.0003008798
2.313969,0.0004369634
2.314281,0.0009718301
2.31459,0.0004074973
2.314835,0.0004078969
2.315658,0.0007048649
2.316091,0.0002380002
2.316267,0.0002780598
2.316294,0.0005828766
2.31683,0.0003667804
2.317859,0.0006141705
2.318163,0.0004292344
2.318342,0.0006383547
2.318666,0.0004142106
2.319073,0.0003582389
2.31911,0.0008392603
2.320261,0.0002491281
2.320266,0.0004584413
2.320639,0.0005125056
2.320675,0.001198107
2.320871,0.01895268
2.320887,0.0004388454
2.320951,0.0005146252
2.322124,0.0004717413
2.322313,0.001339921
2.3226,0.0003365543
2.322687,0.0004734563
2.322763,0.0005224443
2.322909,0.0003563295
2.323257,0.0007500299
2.324156,0.000682303
2.32424,0.0002155697
2.32456,0.001143182
2.325633,0.0006812719
2.326194,0.000603224
2.326372,0.00060428
2.326521,0.0002484628
2.326952,0.001188237
2.327004,0.0007699525
2.327287,0.0002788494
2.32736,0.001304664
2.327654,0.0002970412
2.32772,0.0009507778
2.328058,0.0006589916
2.328243,0.0008419804
2.329832,0.0004725123
2.330152,0.0005672107
2.330395,0.0003116649
2.330743,0.0005060538
2.331298,0.0002968219
2.331323,0.0004238068
2.331715,0.0001771029
2.332309,0.0006467336
2.332476,0.0004489696
2.332805,0.0008700136
2.332887,0.0008376663
2.332991,0.0006109069
2.333134,2.417019
2.33418,0.0006824885
2.335428,0.00154139
2.335786,0.0003242678
2.335969,0.0004795359
2.336009,0.0007091156
2.336168,0.0004352327
2.336279,0.0002668875
2.33628,0.0008902917
2.336528,0.0007670765
2.33676,0.0005072915
2.337316,0.0003949652
2.337351,0.0007504118
2.338485,0.0004898914
2.338528,0.0003797288
2.339087,0.0007362785
2.339282,0.0004906016
2.339609,0.000511102
2.339689,0.0001561536
2.339738,0.0005539772
2.339981,0.001039643
2.340456,8.465417e-05
2.341063,0.0003130964
2.341562,0.1130698
2.342123,0.0004770982
2.342352,0.0006794313
2.342492,0.001229519
2.342524,0.000685865
2.342586,0.0004057914
2.34307,0.0002935085
2.343879,0.4047096
2.344754,0.0004937733
2.345101,0.0004203891
2.346184,1.466601e-05
2.346219,0.0007650934
2.347415,0.001030104
2.347487,0.0006062402
2.348765,0.0005513952
2.350028,0.0005294975
2.350345,0.0003805331
2.350982,0.0005120902
2.352644,0.0004021543
2.353405,0.000247454
2.353694,0.002435538
2.353724,0.0003086331
2.353731,0.0002617583
2.35437,0.0005642341
2.355071,0.001030801
2.355266,0.0004427726
2.355945,0.0005638707
2.356965,0.0004641587
2.357115,0.0007891994
2.357367,0.0003328676
2.35755,0.0005484763
2.357905,0.0004468681
2.358537,0.00099994
2.358918,0.002062498
2.359398,0.0006881073
2.360703,0.0005792993
2.362265,0.0007409538
2.362302,0.0002849188
2.362345,0.0009354006
2.362856,0.00017177
2.36344,0.0005401022
2.363784,0.0006114258
2.363938,0.0003852237
2.36419,0.0005310178
2.365064,0.0003274177
2.365199,0.0008854835
2.365686,0.0005744465
2.366184,0.0005424543
2.366796,0.0008413792
2.366933,0.0004182484
2.367458,0.0004436121
2.367896,0.0007415941
2.367945,0.0002632581
2.368202,0.001548874
2.368256,0.0003313154
2.368352,0.0004948131
2.368546,0.0004054196
2.368613,0.0007028713
2.369529,0.0001571599
2.369719,0.0007244016
2.369748,0.0003199487
2.369908,0.0008234217
2.369908,0.001512586
2.371085,0.0003824437
2.371385,0.0004916213
2.371435,0.000265347
2.371857,0.0005645228
2.371869,0.0002772174
2.373033,0.0003988667
2.374351,0.0001518183
2.374366,0.0006296231
2.375516,0.0001939988
2.37555,0.0001461488
2.375781,0.0002413972
2.375979,0.0002410353
2.377614,0.0005655811
2.377645,0.0003558005
2.377897,0.0004010714
2.377949,0.001235084
2.378123,0.0005475656
2.378166,0.0002942614
2.378551,0.0003566921
2.378711,0.000246772
2.379029,0.0004415209
2.379249,0.0004788965
2.379283,0.000375962
2.380301,0.003923304
2.380423,0.0006357384
2.381316,0.0004952031
2.381393,0.0006369401
2.381572,0.0003664066
2.382869,0.0004309154
2.383449,0.0005547257
2.384804,0.0004558876
2.385815,0.0003271072
2.387948,0.0006708932
2.388429,0.001366899
2.389723,0.0005922889
2.390629,0.0009077867
2.391581,0.0008125483
2.391699,0.0003748332
2.391829,0.0004464378
2.392025,0.0004155452
2.392126,0.0002661471
2.39214,0.0005930081
2.392216,0.0004552079
2.393151,0.0006198191
2.393317,0.0008013162
2.393997,0.0004847617
2.394863,0.0002647335
2.395032,0.001528115
2.395272,0.000446375
2.395742,0.0006437742
2.396245,0.0003874554
2.39642,0.0004785469
2.397546,0.0004836331
2.397624,0.0004771226
2.39809,0.0003199957
2.398109,0.000474947
2.398298,0.0009472321
2.398418,0.0001764264
2.398892,0.000266839
2.399116,0.0004538532
2.39915,0.0001784423
2.399154,0.0002073584
2.400294,0.0002368675
2.40064,0.0004595306
2.40112,0.0004139798
2.401233,0.0003156754
2.401792,0.0006032565
2.402084,0.0003169319
2.403075,0.0004825459
2.403716,0.0004580177
2.405031,0.0001693816
2.405079,0.0006235573
2.405171,0.0004299529
2.407047,0.001458707
2.407229,0.0004482407
2.407741,0.0002914759
2.408462,0.0007789677
2.408645,0.0002157642
2.408954,0.0004462645
2.409518,0.0006170408
2.410808,0.0003182816
2.410847,0.0002014162
2.411597,0.0006347639
2.411959,0.0001057303
2.412966,0.0005115885
2.413094,0.001294074
2.41343,0.0006031996
2.413705,0.0007745779
2.413799,0.0002859239
2.413824,0.0004164069
2.414388,0.0002487086
2.414778,0.0003037008
2.414864,0.0005498285
2.415437,0.0004926832
2.415766,0.0002517264
2.415837,0.0001691806
2.416423,0.0002266395
2.416984,0.001002601
2.417132,0.001226606
2.417576,0.0003281534
2.417762,0.0003105199
2.418019,0.0005493258
2.418023,0.0008173296
2.420092,0.0004253604
2.420113,0.0006380682
2.420256,0.0003106045
2.420521,0.0004923569
2.420528,0.000552992
2.42071,0.0003707433
2.421187,0.0007123908
2.422,0.0009519039
2.422173,0.000237923
2.422722,0.0004217151
2.423009,0.0002871907
2.423524,0.0005824426
2.423623,0.0005290743
2.423842,0.0001714223
2.424388,0.0002430539
2.425612,0.0004425999
2.425743,0.0001185699
2.425815,0.0002570927
2.425944,0.0009072905
2.426131,0.0003973216
2.426161,0.000384082
2.426288,0.001028351
2.427789,0.0008234814
2.428841,0.0003415977
2.429728,0.0003094818
2.429945,0.0001786422
2.430097,0.0004521099
2.430211,0.0009085127
2.431503,0.001236023
2.433392,0.0005198371
2.434103,0.001109699
2.434251,0.00121657
2.434267,0.0003715682
2.434577,0.0004628696
2.434598,0.001034979
2.434724,0.0005262313
2.435013,0.001629924
2.43579,0.0003901721
2.436044,0.0007302311
2.436082,0.0005494861
2.437016,0.0001783822
2.437046,0.0003148989
2.437103,0.0003313207
2.437619,0.0006528708
2.437864,0.00046151
2.438071,0.000358971
2.438438,0.0004435393
2.439877,0.0005905516
2.440046,0.0004851312
2.44075,0.0002528487
2.44141,0.00021956
2.44203,0.000271921
2.442171,0.001069197
2.442226,0.0005741827
2.443795,0.001238432
2.444062,0.0006359175
2.444181,0.0003002952
2.444326,0.001259958
2.445368,0.0003524925
2.445822,0.0003824286
2.446287,0.001201939
2.447974,0.001147885
2.448319,0.0004540339
2.448396,0.001077107
2.448951,0.0002908388
2.449911,0.0004496848
2.45157,0.0002882345
2.451781,0.0005701902
2.45261,1.803452
2.453607,0.000395248
2.454562,0.0008485646
2.455141,0.0007086995
2.455189,0.0005325821
2.455805,0.0003017176
2.455952,0.0004011968
2.456372,0.0004943334
2.456546,0.0006008294
2.457418,0.001172425
2.457648,0.0002638021
2.457709,0.0003183039
2.457809,0.0003130354
2.458277,0.0006780632
2.458465,0.0004388069
2.458719,0.0003964863
2.458722,0.0001508042
2.459161,0.0007121148
2.460431,0.0002292891
2.461118,0.001148971
2.461218,0.0004910029
2.461383,0.0002578776
2.461988,0.001046904
2.462348,0.0003403338
2.462993,0.0007374592
2.463593,0.0002115474
2.464669,0.0001891518
2.464881,0.0009515669
2.464948,0.0004837447
2.465307,0.0004937284
2.465347,0.0003657784
2.465788,0.0005364595
2.465949,0.0004617566
2.466444,0.0003016215
2.466554,0.0005071544
2.466996,0.0003898038
2.467015,0.0005102411
2.468063,0.0006470649
2.468258,0.0005127949
2.468409,0.0004020828
2.468824,0.0007571845
2.469175,0.0005982828
2.469191,0.0010201
2.469358,0.0004133104
2.469636,0.0003198931
2.469984,0.0008589936
2.470212,0.3710966
2.470249,0.0001922611
2.470318,0.001121149
2.470789,0.0006100277
2.470993,0.0003815991
2.471191,0.000960077
2.472508,0.000306369
2.474591,0.0006646391
2.474715,0.0007854716
2.474728,0.0001907514
2.475485,0.0007836397
2.47559,0.0004468761
2.476502,0.0004266049
2.477722,0.001399937
2.477773,0.0009017696
2.477827,0.001213224
2.479219,0.0003628076
2.4794,0.0001911554
2.479714,0.0004321142
2.480064,0.000421401
2.480742,0.0003071119
2.48095,0.0003727531
2.482942,0.000347939
2.483577,0.0004249584
2.484057,0.0005543091
2.484195,0.0004768927
2.48469,0.0002340693
2.484713,0.0003412028
2.484724,0.0003935526
2.485295,0.0008924107
2.485528,0.001922377
2.48595,0.0004072184
2.486621,0.0004147352
2.487006,0.0006934582
2.48754,0.0003213641
2.488178,0.0003555972
2.489736,0.0002162589
2.490021,0.0003996686
2.49044,0.0002899181
2.491354,0.0002980375
2.491607,0.0004301565
2.491918,0.0005445596
2.491948,0.001143974
2.491973,0.000246445
2.493181,0.0005731263
2.493241,0.0008923091
2.493478,0.0004949189
2.49362,0.0008896337
2.493873,0.0007342923
2.49432,0.0002243268
2.495852,1.261131
2.496212,0.0001676257
2.49625,0.0006804029
2.497347,0.0003069257
2.501339,0.0002023349
2.50175,0.0004650749
2.50191,0.0006100727
2.502139,0.0002898714
2.503473,0.0004072452
2.503747,0.0005198719
2.504487,0.0002402038
2.504511,0.001181505
2.504625,0.0002367343
2.504831,0.0004591121
2.505397,0.003309559
2.505555,0.0003733219
2.505836,0.000407423
2.509459,0.0002709176
2.509583,0.0005670843
2.511293,0.0006564903
2.511774,0.0003560005
2.512188,0.0003104675
2.512436,0.0005163255
2.512542,0.000392364
2.513209,0.0004961234
2.513998,0.0008196851
2.515043,0.0001444312
2.515108,0.003803922
2.515269,0.0003798172
2.515617,0.0005110278
2.516267,0.0004520917
2.516269,0.0005262874
2.516473,0.0003866294
2.516966,0.0002467219
2.517112,0.0003548987
2.517191,0.0002313785
2.51721,0.0002573279
2.517475,0.0009408666
2.51755,0.000283172
2.518949,0.0004908446
2.519242,0.0003520914
2.519295,0.0004650881
2.519543,0.000464751
2.520219,0.002718898
2.520565,0.0004959229
2.520921,0.0007158127
2.521048,0.00011958
2.521633,0.000178647
2.521983,0.0003606992
2.522598,0.0003933544
2.522618,0.0005602223
2.522711,0.0003677996
2.52274,0.0007169904
2.522755,0.0001861755
2.522905,0.001305915
2.525669,0.0007223521
2.526623,0.0001104143
2.527922,0.0004709985
2.528008,0.0001826199
2.528777,0.0004308092
2.529031,0.0004948044
2.529291,0.0002098825
2.52935,0.0005825526
2.529614,0.0006156729
2.530599,0.0004394657
2.530981,0.0009809729
2.531131,0.0004738849
2.531642,0.0004301686
2.531969,0.0001900715
2.532112,0.0003277399
2.532129,0.001004684
2.532441,0.0001857306
2.532535,0.0007140425
2.532887,0.0003394802
2.533151,0.0003311166
2.535007,0.0003036178
2.535288,0.0002411599
2.535992,0.0002892414
2.536641,0.0008179857
2.536738,0.000364539
2.537337,0.0004470349
2.537546,0.0004549322
2.538651,0.0002299484
2.53933,0.0003275057
2.539431,0.0004417842
2.540138,0.0006926119
2.540555,0.00239616
2.541049,0.0007190868
2.541138,0.000243962
2.541731,0.0009305645
2.542786,0.0007042715
2.543027,0.000316045
2.543157,0.0002388055
2.543495,0.0006665325
2.543913,0.0006924525
2.544038,0.0005709109
2.544386,0.0006982654
2.544916,0.0002530305
2.546007,0.0004443695
2.546377,0.0008767396
2.547381,0.000333982
2.547761,0.0006543198
2.548455,0.0005519724
2.548832,0.00048259
2.550569,0.0005186835
2.551295,0.0003838371
2.551755,0.0006476333
2.552416,0.0003911076
2.5527,0.0002702811
2.553991,0.0003731528
2.554999,0.001066946
2.556995,0.0004684424
2.557025,0.002288695
2.558459,0.001070185
2.558714,0.0003784992
2.560137,0.0002947851
2.561397,0.0005727773
2.561884,0.0003906011
2.56204,0.0001169095
2.562319,0.001314035
2.56238,0.0005004159
2.564469,0.0003741292
2.565015,0.000614822
2.565532,0.0007674466
2.566176,0.000755517
2.566264,0.0002619223
2.566272,0.0003624806
2.566464,0.001393539
2.566582,0.0004460827
2.566734,0.000526203
2.56678,0.0004401232
2.567626,0.0008954086
2.567629,0.000429845
2.568181,0.0004691769
2.568256,0.0006137457
2.568633,0.0003133385
2.568877,0.0001004851
2.571334,0.0007279894
2.572439,0.0005741389
2.572779,0.0002018642
2.57282,0.0002185823
2.573285,0.0007774734
2.573615,0.001537045
2.573841,0.001061245
2.573983,0.001179121
2.574159,0.000674447
2.574184,0.0003513267
2.574907,0.0001862134
2.574936,0.000402522
2.575,0.0009390289
2.575582,0.0003875843
2.576891,0.0004485947
2.577274,0.0006158
2.577635,0.000218885
2.577972,0.0002280521
2.578543,0.0006124129
2.578586,0.000145493
2.580007,0.0001967438
2.581158,0.000883945
2.581193,0.0002488062
2.582228,0.0006566326
2.583553,0.0004895887
2.585542,0.002585145
2.585978,0.0002642606
2.586609,0.0002396497
2.586636,0.001713141
2.589464,0.001265847
2.590079,0.0005923684
2.590984,0.0005164191
2.591101,0.002107635
2.591137,0.0006887927
2.591758,0.000200338
2.592251,0.0008254627
2.592441,0.0006110998
2.59281,0.0002361689
2.595037,0.0005040544
2.595054,0.0004847369
2.595202,0.0004011136
2.595627,0.005301083
2.59573,0.002318649
2.598038,0.0004096965
2.598431,0.0004787876
2.599991,0.0006414405
2.600567,0.0004963412
2.601413,0.0003748473
2.601415,0.001921181
2.601684,0.0005582609
2.602188,0.0004305361
2.602287,0.0002295661
2.602725,0.0004553124
2.602821,0.001684544
2.602845,0.0003353959
2.602919,0.0002316733
2.603039,0.0006841112
2.603142,0.000961919
2.603168,0.0004171897
2.604196,0.0005821798
2.604215,0.0006785174
2.604492,0.001104882
2.604589,0.0003127602
2.604658,0.0006802764
2.604717,0.0009686031
2.606385,0.0003859444
2.606653,0.0003593299
2.60668,0.0007983886
2.606801,0.0003462779
2.607663,0.000295272
2.609347,0.0008915136
2.609861,0.0005203888
2.610523,0.0009192263
2.611653,0.0003365184
2.611683,0.0002213591
2.611786,0.00015035
2.613328,0.0004900732
2.61376,0.0005301136
2.614411,0.001657151
2.615269,0.0005088363
2.615548,0.0008074811
2.615823,0.0003833605
2.616426,0.0007194695
2.617342,0.000876845
2.617824,0.0005907906
2.618023,0.0005671882
2.618306,0.0004538857
2.620868,0.0005891038
2.621517,0.0004214089
2.622776,0.0008784205
2.623288,0.0002053824
2.623373,0.001334683
2.623453,0.0004357423
2.623723,0.0006030684
2.624065,0.0008584206
2.624227,0.000279763
2.62506,0.0004980707
2.625792,0.0001887516
2.62596,0.000780526
2.627365,0.0006999497
2.627814,0.0005618339
2.628133,0.0005459958
2.628767,0.0008713585
2.629561,0.0008370252
2.630303,0.0002939352
2.630425,0.0007196236
2.631843,0.0008560755
2.632079,0.001266316
2.632084,0.001015005
2.633487,0.0003390871
2.633982,0.0001850625
2.636007,0.001040343
2.636198,0.5521902
2.636849,0.0007933932
2.637304,0.000567822
2.638244,0.0001540842
2.638503,0.0006512746
2.639531,0.0009065315
2.640158,0.0007440954
2.64017,0.0008813668
2.64101,0.0004392388
2.641283,9.004492e-05
2.641316,0.0001342834
2.641321,0.0009847382
2.641397,0.000513236
2.641412,0.0002729251
2.641788,0.0006875598
2.642351,0.0005760367
2.642717,0.0006464271
2.643285,0.0006143713
2.643795,0.001070217
2.644163,0.0003200058
2.644903,0.0005934461
2.64495,0.0006844265
2.645053,0.000329564
2.645976,0.0003021316
2.646412,0.0002949496
2.6469,0.0001771436
2.647368,0.0009580988
2.647688,0.0001524305
2.647882,0.0004252032
2.649523,0.0002882011
2.650359,0.001037731
2.652978,0.001122091
2.653787,0.0005056034
2.653937,0.0001962526
2.654606,0.0003422771
2.654866,0.0005749839
2.655143,0.001571545
2.655612,0.0003033426
2.656227,0.0005379702
2.656408,0.0007066853
2.656568,0.00190137
2.657436,0.0003755358
2.658209,0.0001765031
2.658829,0.0004547741
2.660171,0.0001832452
2.660174,0.0006608643
2.66058,0.01597132
2.660629,0.0003456717
2.660721,0.0007245752
2.661916,0.0007725378
2.665114,0.0002051183
2.665166,0.001134048
2.66611,0.0002805256
2.666586,0.0004328089
2.668043,0.0004146643
2.668279,0.0008997581
2.668391,0.0005916128
2.669403,0.001408001
2.669903,0.000425855
2.670691,0.0003618557
2.671501,0.0008506348
2.672214,0.0003135902
2.672429,0.0004883623
2.673447,0.0006917545
2.673972,0.0004162416
2.67407,5.087698e-05
2.674241,0.0004985778
2.674301,0.0005133745
2.675247,0.0002750437
2.675847,0.0001644224
2.676266,0.0006841735
2.678119,0.0003209211
2.680101,0.0006032826
2.680225,0.0003388072
2.680969,0.0005249033
2.681067,0.0007204073
2.6853,0.000260555
2.685689,0.000446977
2.686046,0.0006247088
2.689941,0.0002344663
2.690389,0.0001227301
2.69049,0.000253285
2.692025,0.000152197
2.69253,0.0003377034
2.693069,0.0001752729
2.693749,0.0002806413
2.694043,0.0006328443
2.695645,0.0007526866
2.695696,0.0004778174
2.695987,0.0006224519
2.696111,0.00149226
2.696341,0.000378929
2.697209,0.0001594589
2.697854,0.0007989054
2.698245,0.0002057392
2.698686,0.0003804527
2.699853,0.0002801834
2.700002,0.0002175571
2.700292,0.0005389642
2.70098,0.000482996
2.702272,0.0007972479
2.703207,0.0002704608
2.703489,0.001783819
2.706599,0.000765184
2.70684,0.0004866926
2.707058,0.0006728827
2.710386,0.0002621539
2.711129,0.0007388922
2.711684,0.00111359
2.712876,0.0007208583
2.713468,0.0003581156
2.71442,0.000767038
2.714747,0.000469881
2.714819,0.0004079321
2.715221,0.0004170586
2.71718,0.0003954944
2.717546,0.0004465787
2.718571,0.0006510409
2.718853,0.0002337582
2.719131,0.0002046682
2.719753,0.000329298
2.719942,0.000771016
2.721434,0.0005223629
2.722575,0.0007899322
2.723284,0.0005745225
2.724383,0.00123261
2.724479,0.0001951817
2.725123,0.0003876941
2.72638,0.0001505495
2.726471,0.000354928
2.727241,0.001254365
2.728703,0.0003573338
2.728721,0.001121444
2.731021,0.00014261
2.731811,0.0001553149
2.732341,0.001491851
2.733166,0.0003186088
2.733323,0.001106425
2.733821,0.0004458842
2.734027,0.0006922173
2.734139,0.000269297
2.734478,0.0007036838
2.734681,0.0006520713
2.734863,0.0003419793
2.735093,0.001773207
2.736886,0.0004905798
2.739431,0.0005489719
2.739637,0.0001245684
2.739727,0.0003286095
2.740009,0.0002418257
2.740157,0.0003208062
2.741479,0.001832961
2.74148,0.001463969
2.74162,0.0003266956
2.744589,0.0003387513
2.746556,0.0004194179
2.747502,0.0008736475
2.747804,0.00130386
2.747955,2.435357e-06
2.748435,6.350982e-05
2.750096,0.000186483
2.750171,0.0007451721
2.75054,0.002082322
2.750754,0.0005111611
2.751009,0.0002773029
2.751015,0.0004628541
2.751332,0.001152625
2.751529,0.000560204
2.753239,0.0001800412
2.753417,0.0006447952
2.753639,0.0004229354
2.753687,0.0002049808
2.755079,0.000512207
2.75643,0.0006118312
2.756457,0.0004060907
2.756468,0.0007630512
2.75802,0.0002523672
2.758411,0.0004572463
2.758851,0.0007197017
2.759485,0.0006801188
2.76115,0.000175982
2.762442,0.0006031055
2.765139,0.0006322215
2.765302,0.0006035273
2.765425,0.0006053538
2.766357,0.0004302045
2.766368,0.0005116537
2.766539,0.0003548303
2.766803,0.001237931
2.767295,0.0002867328
2.767636,0.0012935
2.767756,0.001103389
2.767861,0.0006483218
2.769102,0.0002740843
2.769499,0.0005294511
2.769803,0.001807425
2.770169,0.0003405847
2.77036,0.001908347
2.772074,0.0002947271
2.773316,0.0005210101
2.7751,0.0002507936
2.777525,0.0001845138
2.778594,0.0003638801
2.779462,0.0003461946
2.779534,0.000835822
2.782902,0.0001994289
2.785079,0.0003537199
2.786561,0.001325445
2.786564,0.0009190992
2.786585,1.735371
2.787418,0.0004068238
2.790971,0.0006124863
2.79113,0.0007016869
2.792638,0.0002051164
2.793064,0.0004914029
2.793087,0.0002326513
2.796672,0.0007175182
2.798181,0.0003532431
2.798554,0.0002451004
2.799159,0.0009880343
2.799956,0.001080024
2.801663,0.0003306628
2.801902,0.0009300415
2.802987,0.0002720036
2.804092,0.00059023
2.804425,0.001213255
2.80527,0.0009393623
2.80564,0.0002138138
2.806752,0.0003915644
2.809026,0.0006087815
2.80933,0.000204905
2.809833,0.0004047624
2.810551,0.0004853099
2.814327,0.0003151657
2.817746,0.0003738103
2.818074,0.0001611003
2.820479,0.001215244
2.821001,0.0004966884
2.82334,0.0006784594
2.823566,0.0002787864
2.824767,0.0004763935
2.829085,0.0002232519
2.830487,0.0004213805
2.832024,0.0003267673
2.832337,0.001807199
2.832488,0.0005541652
2.833004,0.0005753872
2.833788,0.0006996751
2.834013,0.0010223
2.834341,0.0006686476
2.838718,0.0006132199
2.839823,0.0008009156
2.840129,0.0003648716
2.84243,0.0004478037
2.842432,0.0004527288
2.84259,0.0005658507
2.843266,0.0004525147
2.843753,0.00294981
2.844256,0.0003702191
2.844481,0.0001892123
2.844486,0.001219663
2.844843,0.0001249057
2.847007,0.0003713738
2.847045,0.0003305915
2.84743,0.0004796229
2.847967,0.0002311883
2.848727,0.000308756
2.848944,0.0002117855
2.84972,0.0006020999
2.850844,0.0001649605
2.851905,0.001035479
2.854266,0.0003776585
2.854697,0.0003285927
2.85539,0.001154969
2.855661,0.0005155734
2.857211,0.0002073968
2.857702,0.001603324
2.859908,0.0006935279
2.860581,0.0004613792
2.860908,0.0002710318
2.862676,0.0002012116
2.863144,0.000613427
2.864019,0.00049063
2.864061,0.0004633843
2.86517,0.0006906752
2.866426,0.0004877012
2.866957,0.0003749106
2.869441,0.001283078
2.870958,0.001064018
2.871048,0.0007074723
2.872157,0.8802834
2.873173,0.0003905326
2.873385,0.000361866
2.873958,0.0009056043
2.87453,0.0007024215
2.875361,0.0001591554
2.877195,0.0003048178
2.879533,0.0002719809
2.882393,0.000200465
2.882784,0.0003309801
2.884412,0.0005398684
2.884837,0.001918364
2.886433,0.7994487
2.886639,0.0005290423
2.888247,0.0003975515
2.889029,0.0003713141
2.891318,0.0006056127
2.892225,0.0003555639
2.892483,0.0008737273
2.892549,0.0007977975
2.894954,0.000202643
2.895098,0.0005764642
2.895588,0.0002977582
2.896389,0.0001830416
2.897519,0.0005541798
2.897758,0.0007114198
2.897981,0.0002840244
2.899114,0.00170369
2.899483,0.001351012
2.899875,0.001331057
2.900343,0.001973739
2.901724,0.0004094702
2.9034,0.0004758729
2.904971,0.0002781579
2.905758,0.000323127
2.906836,0.0006875939
2.907314,0.001028533
2.908179,0.0003329038
2.908372,0.0005788635
2.90963,0.0008593916
2.909772,0.00097142
2.910257,0.001006339
2.910612,0.000226753
2.910693,0.0006418641
2.910883,0.0005513875
2.911178,0.0004559176
2.911374,0.0009009007
2.911563,0.000789242
2.912486,0.0005150741
2.915582,0.0006951584
2.916358,0.0007343121
2.917997,0.0004195751
2.9195,0.000615271
2.921102,0.0002931877
2.923056,0.0004712422
2.924882,0.001570358
2.925671,0.0004271191
2.927129,0.0002010241
2.92811,0.0002642962
2.928669,0.0003215496
2.933157,0.000124662
2.934358,0.0002963589
2.935154,0.0003035215
2.935793,0.0003122468
2.935826,0.0007501826
2.937346,0.001137412
2.940251,0.0003697577
2.940714,0.0006078053
2.941344,0.0003082103
2.942494,0.0006401515
2.943352,0.0008286918
2.943698,0.002049874
2.944357,0.0005270386
2.947043,0.0007982532
2.94765,0.0004527452
2.948502,0.001100652
2.949048,0.000430672
2.949189,0.000896588
2.950378,0.0006295469
2.952294,0.0002794516
2.953034,0.0004030571
2.954121,0.0007402505
2.956095,0.0008196218
2.956173,0.001708067
2.958648,0.0004687601
2.95979,0.0009025637
2.963959,0.0008843958
2.964684,0.002178978
2.965398,0.000273772
2.96629,0.0003079446
2.966716,0.0005907376
2.967301,0.0006321007
2.96734,0.0002373496
2.967701,0.0005063235
2.970209,0.0004258635
2.970888,0.0003660813
2.971145,0.0006404837
2.971173,0.0002776197
2.973064,0.001535449
2.974607,0.0004946174
2.980768,0.000659705
2.981652,0.0003546318
2.983588,0.0002579721
2.98474,0.0002335083
2.984945,0.00293646
2.986208,0.0007501891
2.98747,0.0004038824
2.988081,0.000270493
2.99078,0.001173391
2.993124,0.0007291643
2.994205,0.0003361974
2.994453,0.0001101292
2.995921,0.0003899394
2.997079,2.293892
2.997161,0.0004231742
2.997196,0.0004996344
2.997808,0.0002898901
2.99903,0.00019614
3.001559,0.0001109132
3.001835,0.0001664989
3.004156,0.0007311102
3.005044,0.001114044
3.005076,0.0005344416
3.008159,0.0002172275
3.00836,0.001214902
3.008798,0.0004410437
3.011877,0.0003862219
3.012688,0.0004588191
3.013288,0.0001437477
3.014349,0.0003120586
3.014364,0.0014648
3.014884,0.0007653084
3.016294,0.0002901735
3.018101,0.001321841
3.018183,0.0005057402
3.018671,0.000250306
3.01895,0.0004662672
3.019555,0.0004742361
3.021137,0.0004398581
3.021561,0.0002835077
3.026284,0.0005894239
3.026911,0.0005856368
3.027251,0.0001202937
3.028282,0.000336409
3.028326,0.0002238717
3.029165,0.0004092629
3.030378,0.0002402899
3.031497,0.0008369592
3.032246,0.000460319
3.034156,0.001164237
3.035054,0.001794782
3.036895,0.0006845228
3.03738,0.0001065091
3.038335,0.0005789428
3.039748,0.001036768
3.040356,0.0009187298
3.040792,0.001108594
3.04363,0.0004139011
3.044897,0.001419062
3.048287,0.0009312553
3.048994,0.001581168
3.049393,0.001074806
3.049426,0.000489048
3.050724,0.0004421133
3.050975,0.0007031566
3.053765,0.0003631011
3.055059,0.0003414559
3.055491,0.0002653165
3.055591,1.51253
3.05639,0.000296095
3.0577,0.001016483
3.05771,0.0009344579
3.058977,0.002364481
3.059704,0.0009346953
3.059744,0.000244088
3.060796,0.0004155799
3.061104,0.0002358683
3.062945,0.0007592217
3.063126,0.001592831
3.063167,0.0002945811
3.063335,0.0003630616
3.068447,0.0004714141
3.070352,0.0004109727
3.073774,0.0003685507
3.074752,0.0001692435
3.074948,0.0005247878
3.075913,0.0009712289
3.076798,0.0001973269
3.077189,0.0005193153
3.079772,0.0002694727
3.080614,0.0006007332
3.083113,0.0001807374
3.083617,0.0007054845
3.087193,0.00034982
3.088381,0.0002666056
3.089927,0.0001321231
3.09045,0.0005687697
3.09048,0.001525169
3.094349,0.0006034714
3.095751,0.0005232952
3.097873,0.0003798496
3.097918,0.0002330339
3.097968,0.000677916
3.098757,0.001218161
3.100493,0.000292944
3.100541,0.0005643192
3.101579,0.000577655
3.103556,0.001031073
3.104592,0.0006050045
3.106221,0.0003962754
3.106662,0.0001976754
3.106716,0.0006683285
3.107547,0.0002511513
3.108009,0.0003366488
3.108152,0.0001296182
3.108667,0.0008171998
3.108972,0.001659766
3.109486,0.0004820637
3.110959,0.0006817727
3.118285,0.0005285468
3.118621,0.0005929491
3.119157,0.0004146507
3.119879,0.0004432113
3.127686,0.0007789408
3.128082,0.0007430046
3.129031,0.0005212397
3.130665,0.0007538284
3.133156,0.0002629321
3.140194,0.0004764934
3.140598,0.0008242873
3.141317,8.741163e-05
3.143926,0.001148673
3.144121,0.0007587049
3.146385,0.0006923504
3.148307,0.0003836463
3.148813,0.0002511083
3.149432,0.001261892
3.150091,0.001906697
3.153583,0.0009498755
3.15364,0.000760551
3.155165,0.003433429
3.156096,0.0003241346
3.156747,0.0003453974
3.158682,0.0001790698
3.159094,0.0002429698
3.161863,0.0009628012
3.162741,0.001233035
3.163752,0.0001779521
3.167919,0.0007359637
3.170054,0.000120757
3.170336,0.001067934
3.170622,0.0004813394
3.173934,0.0006773762
3.174063,0.002113735
3.174103,0.0007963235
3.174447,0.0004335794
3.17941,0.0007065663
3.179716,0.0003691393
3.181304,0.0003473229
3.181351,0.001514348
3.181897,0.000683525
3.182488,0.0003441988
3.182509,0.0001814138
3.184868,0.0003880806
3.184875,0.001053011
3.18523,0.0003181612
3.185244,0.0002122113
3.189258,0.0001638081
3.192998,0.0006034691
3.193586,0.0004423579
3.194862,0.0007213272
3.195506,0.0005064389
3.19697,0.0005028811
3.197571,0.0006039216
3.200836,0.0009320306
3.202133,0.0003823677
3.204314,0.0006813903
3.20705,0.0003307094
3.207618,0.0006516417
3.209789,0.000651433
3.21071,0.004367779
3.211398,0.0004076638
3.211697,0.0007982953
3.212607,0.0001192603
3.21374,0.0007396229
3.214054,0.0004126512
3.216305,0.0008185732
3.217667,0.0004865086
3.219173,0.003893821
3.220594,0.0002685287
3.220628,0.0007494646
3.221863,0.0009632935
3.227144,0.0005331197
3.22946,0.000312071
3.232416,0.0005656121
3.236066,0.0002837089
3.239876,0.0009962537
3.240737,0.002534778
3.242548,0.006550779
3.243586,0.0007253552
3.244979,0.0003441629
3.247949,0.0005408204
3.249507,0.0001997414
3.252072,0.0005149118
3.253989,0.001569165
3.25787,0.001016876
3.259982,0.0004223591
3.26062,0.000709892
3.266259,0.001506199
3.267736,0.0004079366
3.26954,0.0004422491
3.270776,0.0004776926
3.276373,0.0002920839
3.276578,0.0002243605
3.279638,0.0009227219
3.280977,0.0001802488
3.281847,0.0004913514
3.283065,0.0002669835
3.284346,0.0008519967
3.28472,0.0004076886
3.285092,0.0003550708
3.285887,0.0003983838
3.286776,0.0003644004
3.287057,0.001073102
3.28765,0.0002162478
3.2886,0.0008154864
3.292006,0.0003553751
3.292566,0.000716253
3.295055,0.0002945095
3.295576,0.001390497
3.296532,0.002438223
3.29738,0.0002987762
3.297805,0.0002043433
3.300386,0.001203361
3.304795,0.0004758169
3.304914,0.0002232191
3.305511,0.0003086787
3.313311,0.0004110909
3.31535,0.0006421303
3.327268,0.0004382101
3.328169,0.0009261745
3.332559,0.0001983077
3.332846,0.0008472021
3.342994,0.0002834445
3.343613,0.2235087
3.349101,0.0001979099
3.35136,0.0008766353
3.358067,0.0006911547
3.359239,0.0005725374
3.361498,0.000305063
3.364588,0.0004598479
3.368355,0.000792233
3.369822,0.001715838
3.377672,0.0002546525
3.378114,0.0004790009
3.379373,0.0003736546
3.381491,0.00037965
3.381935,0.0006624693
3.381946,0.0005239615
3.38343,0.0006692543
3.39175,0.0007019807
3.393555,0.0004287756
3.40117,0.0003389562
3.402154,0.001026704
3.412564,0.001956921
3.417055,0.001246242
3.422542,0.0005161057
3.424835,0.0006023748
3.43242,0.0005670989
3.433094,0.001048126
3.435968,0.003510188
3.437529,0.0006747233
3.447263,0.0004245816
3.448588,0.001576676
3.449647,0.0009790735
3.453965,1.654765
3.454288,0.0003305514
3.460204,0.0002719187
3.468928,0.000824417
3.471273,0.0001916309
3.477685,0.0002428405
3.480084,0.00152197
3.490097,0.0006224797
3.491319,0.001288653
3.498214,0.0004045521
3.513014,0.001862339
3.520086,0.000570841
3.522848,0.001439262
3.555378,0.001058428
3.558407,0.001168074
3.561941,0.0004674661
3.563294,0.0007007243
3.565994,0.0002084353
3.573627,0.0009585123
3.574165,0.001260258
3.578549,0.0003463709
3.583561,0.0002372646
3.585171,0.0002859242
3.610582,0.001825329
3.617429,0.002017384
3.617549,0.0004816837
3.618659,0.0007737827
3.620814,0.001159842
3.627746,0.001299639
3.634231,0.0006163061
3.636471,0.000345871
3.637903,0.0007558182
3.639708,0.0001552933
3.642028,0.001087822
3.649795,0.0004752815
3.651146,0.0002816618
3.651358,0.0004012637
3.651917,0.007941171
3.656262,0.0005683984
3.656583,0.0005653045
3.657307,0.0008485843
3.667693,0.0003875668
3.677242,0.0007799331
3.691063,0.0008554678
3.693623,0.0002876151
3.695935,0.001442069
3.700504,0.0002584013
3.703559,0.001071598
3.710601,0.0005976661
3.711116,0.0003351731
3.713567,0.0008874414
3.713802,0.004483449
3.716311,0.0002722424
3.717108,0.0005341131
3.720764,0.0008471083
3.723045,0.001174511
3.72495,0.001540375
3.726105,0.0004139982
3.729791,0.0004392828
3.731393,0.0009808213
3.734339,0.000513982
3.739141,0.002071753
3.745378,0.0007561676
3.758858,0.0003950691
3.759156,0.0005657499
3.760539,0.0008506075
3.76757,0.0006519907
3.768116,0.0002795073
3.77181,0.002301117
3.778987,0.0004772011
3.784178,0.0002965613
3.784351,0.000513237
3.785366,0.0003353451
3.790286,0.001235984
3.796372,0.005279761
3.798573,0.001722968
3.801595,0.00144831
3.802482,0.0004008114
3.814064,0.00509839
3.820622,0.000591931
3.827807,0.0006298441
3.839622,0.000810951
3.84248,0.000852817
3.844352,0.0005509368
3.845775,0.002992098
3.84654,0.0004110619
3.847191,0.0006532947
3.851249,0.0006870683
3.858816,0.00148546
3.863143,0.007016192
3.866122,0.002437297
3.867171,0.003256501
3.869684,0.002166824
3.876545,0.0008396916
3.882401,0.001028774
3.892668,0.004038714
3.892801,0.004083507
3.893459,0.0005397524
3.899529,0.0001276807
3.903252,0.0003471445
3.90678,0.001919317
3.908437,0.0007651905
3.916646,0.000906499
3.924166,0.001389249
3.924404,1.264753
3.925869,0.0007271983
3.930391,0.002487948
3.930396,0.0006414106
3.933305,0.000754569
3.93593,0.001454179
3.938703,0.001985649
3.938955,0.002714957
3.945392,0.0005404729
3.945533,0.001704448
3.946979,0.001272626
3.948131,0.004570496
3.948425,0.001422078
3.949872,0.0009380404
3.952748,9.048329e-05
3.956323,0.0003846761
3.959197,0.001721358
3.96387,0.00089364
3.964371,0.0003452387
3.967588,0.0025611
3.968887,0.001611832
3.970239,0.001204896
3.976539,0.0008588827
3.977035,0.0007436997
3.982269,0.0009796165
3.984218,0.0002191113
3.987134,0.001452956
3.997411,0.001134401
4.011519,9.211207e-05
4.013531,0.0007210918
4.013591,0.2617297
4.015306,0.001728102
4.016343,0.0004948237
4.031664,0.001147775
4.039338,0.001484793
4.047194,0.003601626
4.057607,0.001368783
4.058506,0.001059218
4.065613,0.0001713476
4.069025,0.0004398277
4.072844,0.0006613556
4.080041,0.001526677
4.085079,0.00100311
4.097684,0.001109754
4.102437,0.0002903952
4.104147,0.0008479303
4.107502,0.0005484882
4.114769,0.007095252
4.118438,0.000635061
4.11862,0.0001119706
4.123909,0.001820696
4.126034,0.0006459859
4.128798,0.00037687
4.132772,1.547595
4.134921,0.001113217
4.140391,0.001068992
4.142939,0.001140762
4.150046,0.00154009
4.157638,0.00368684
4.162112,0.0003935254
4.167138,0.00202215
4.170059,0.001063598
4.172425,0.001129415
4.180713,0.001580986
4.180984,0.001155169
4.183226,0.002822339
4.194159,0.002543497
4.21972,0.0001075204
4.22571,0.002881506
4.23547,0.002840367
4.254327,0.0002415609
4.273927,0.001050171
4.275271,0.001106447
4.275842,0.0006624982
4.287035,0.004408961
4.287619,0.005829287
4.301861,0.00135224
4.304294,0.002048387
4.312959,0.0009004805
4.316536,0.001435325
4.329618,0.001960664
4.342783,0.00385722
4.345582,0.001238006
4.349554,0.0007920279
4.395635,0.17208
4.39818,0.001064494
4.399709,0.003983618
4.412805,0.001140671
4.415419,0.001011964
4.416653,0.0007280558
4.417397,0.002107703
4.422096,0.003247172
4.425638,0.002610574
4.437504,0.001225397
4.458285,0.001255185
4.459436,0.7043791
4.468086,0.002071772
4.479837,0.001288949
4.486528,0.001192465
4.502636,0.0009583309
4.520262,0.00425692
4.523188,0.0009845918
4.558704,0.001448463
4.564727,0.001255678
4.56515,0.0005799094
4.585648,0.00124784
4.596534,0.001113767
4.600054,0.0009486513
4.604308,0.000863036
4.628885,0.002099872
4.631298,0.000716088
4.645556,0.0006447448
4.65701,0.002400202
4.683364,0.0007970951
4.695571,0.0006180431
4.701423,0.00189817
4.738314,0.0002618133
4.753115,0.001834346
4.775177,0.000617876
4.809218,0.001934164
4.814646,0.001322988
4.817662,0.001086253
4.834523,0.002786596
4.881061,0.0008939118
4.894971,0.001873717
4.895515,0.001487966
4.902625,0.001862786
4.920124,0.003155843
4.933709,0.0009155717
4.936019,0.005439375
4.971007,0.0001074505
4.973257,0.002126833
4.986099,1.929064
5.009733,0.003083905
5.024353,0.001887291
5.033413,0.003757787
5.113738,0.001319609
5.121419,1.988389
5.122886,0.0004989178
5.145436,0.001507017
5.171634,0.002448051
5.201388,0.001569696
5.223891,0.002853396
5.239522,0.001305982
5.290909,0.008512777
5.297637,0.0006451802
5.318862,0.002953979
5.350122,0.001080566
5.363088,0.0016731
5.364741,0.0007366963
5.371743,0.000791891
5.388871,0.0009750074
5.389431,0.0007875416
5.389598,0.000670063
5.40241,0.002723935
5.432182,0.004128817
5.432647,0.001326299
5.443308,0.004044795
5.452296,0.01065086
5.453782,0.002998342
5.477897,0.001743713
5.487077,0.0009349926
5.491413,0.001082926
5.50075,0.002172514
5.504699,0.0008290737
5.513849,0.001402475
5.515491,0.00633599
5.519301,0.001030706
5.528543,0.000842801
5.531665,0.0014364
5.544417,0.004604935
5.552346,0.002033819
5.560264,0.001130867
5.562912,0.00136217
5.578831,0.001554511
5.57987,0.0009142151
5.582885,0.0008678117
5.584686,0.001262829
5.599916,0.0018899
5.62391,0.0009770228
5.628129,0.00198335
5.640449,0.001207125
5.688868,0.001634599
5.695295,0.001395388
5.695574,0.004523923
5.695712,0.001399163
5.715179,0.001635308
5.723238,0.002720596
5.729743,0.004389157
5.737645,0.002815262
5.751637,0.0007861626
5.755538,0.001239373
5.757053,0.00100008
5.772523,0.001205118
5.785128,0.001446534
5.801474,0.00143187
5.812326,0.001222388
5.813156,0.0001099997
5.868775,0.0008822271
5.871508,0.005632601
5.879722,0.002051236
5.884721,0.00215839
5.899349,0.003180743
5.902678,0.001025557
5.904745,1.488403
5.909319,0.001759723
5.910722,0.001264872
5.917291,0.0008721324
5.927273,0.002773245
5.928903,0.00644112
5.939925,0.001329559
5.94624,0.0001225621
5.96961,0.00127809
5.99533,0.001169185
5.996974,0.0009408082
